Дата,Блок,Wort,Artikel,Plural,Übersetzung,Beispiel,Übersetzung Beispiel,Anki: Front (авто),Anki: Back (авто),Уровень,Следующий показ,Всего попыток,Правильно,Подтемы
21.07.2026,1. Hallo! Wie geht's?,vhs_Lektion 1_Hallo! Wie geht_s_,-,-,Привет! Как дела?,Hallo! Wie geht's dir?,Привет! Как твои дела?,,,1,21.07.2026,0,0,
10.07.2026,1. Hallo! Wie geht's?,kommen (aus),-,-,"происходить из, быть родом из",Ich komme aus Deutschland.,Я родом из Германии.,kommen (aus) | Ich komme aus Deutschland.,"происходить из, быть родом из | Я родом из Германии.",1,21.07.2026,0,0,1. Знакомство_Hallo!
10.07.2026,1. Hallo! Wie geht's?,Frau,die,die Frauen,женщина,Die Frau spricht Deutsch.,Женщина говорит по-немецки.,die Frau | Die Frau spricht Deutsch.,женщина | Женщина говорит по-немецки.,1,21.07.2026,0,0,1. Знакомство_Hallo!
10.07.2026,1. Hallo! Wie geht's?,Herr,der,die Herren,господин,Wer ist dieser Herr?,Кто этот господин?,der Herr | Wer ist dieser Herr?,господин | Кто этот господин?,1,21.07.2026,0,0,1. Знакомство_Hallo!
10.07.2026,1. Hallo! Wie geht's?,heißen,-,-,"называться, зваться",Wie heißen Sie?,Как вас зовут?,heißen | Wie heißen Sie?,"называться, зваться | Как вас зовут?",1,21.07.2026,0,0,1. Знакомство_Hallo!
10.07.2026,1. Hallo! Wie geht's?,ich,-,-,я,Ich heiße Max.,Меня зовут Макс.,ich | Ich heiße Max.,я | Меня зовут Макс.,1,21.07.2026,0,0,1. Знакомство_Hallo!
09.07.2026,1. Hallo! Wie geht's?,Deutschland,-,-,Германия,Ich wohne in Deutschland.,Я живу в Германии.,Deutschland | Ich wohne in Deutschland.,Германия | Я живу в Германии.,1,21.07.2026,0,0,1. Знакомство_Hallo!
09.07.2026,1. Hallo! Wie geht's?,Türkei,die,-,Турция,Ich fliege im Sommer in die Türkei.,Летом я лечу в Турцию.,die Türkei | Ich fliege im Sommer in die Türkei.,Турция | Летом я лечу в Турцию.,1,21.07.2026,0,0,1. Знакомство_Hallo!
10.07.2026,1. Hallo! Wie geht's?,Syrien,-,-,Сирия,Ich komme aus Syrien.,Я из Сирии.,Syrien | Ich komme aus Syrien.,Сирия | Я из Сирии.,1,21.07.2026,0,0,1. Знакомство_Hallo!
10.07.2026,1. Hallo! Wie geht's?,Polen,-,-,Польша,Ich komme aus Polen.,Я из Польши.,Polen | Ich komme aus Polen.,Польша | Я из Польши.,1,21.07.2026,0,0,1. Знакомство_Hallo!
10.07.2026,1. Hallo! Wie geht's?,Bulgarien,-,-,Болгария,Ich komme aus Bulgarien.,Я из Болгарии.,Bulgarien | Ich komme aus Bulgarien.,Болгария | Я из Болгарии.,1,21.07.2026,0,0,1. Знакомство_Hallo!
10.07.2026,1. Hallo! Wie geht's?,Spanien,-,-,Испания,Ich wohne in Spanien.,Я живу в Испании.,Spanien | Ich wohne in Spanien.,Испания | Я живу в Испании.,1,21.07.2026,0,0,1. Знакомство_Hallo!
10.07.2026,1. Hallo! Wie geht's?,Italien,-,-,Италия,Ich wohne in Italien.,Я живу в Италии.,Italien | Ich wohne in Italien.,Италия | Я живу в Италии.,1,21.07.2026,0,0,1. Знакомство_Hallo!
10.07.2026,1. Hallo! Wie geht's?,Griechenland,-,-,Греция,Ich mache Urlaub in Griechenland.,Я провожу отпуск в Греции.,Griechenland | Ich mache Urlaub in Griechenland.,Греция | Я провожу отпуск в Греции.,1,21.07.2026,0,0,1. Знакомство_Hallo!
10.07.2026,1. Hallo! Wie geht's?,Russland,-,-,Россия,Ich komme aus Russland.,Я из России.,Russland | Ich komme aus Russland.,Россия | Я из России.,1,21.07.2026,0,0,1. Знакомство_Hallo!
10.07.2026,1. Hallo! Wie geht's?,Afghanistan,-,-,Афганистан,Ich komme aus Afghanistan.,Я из Афганистана.,Afghanistan | Ich komme aus Afghanistan.,Афганистан | Я из Афганистана.,1,21.07.2026,0,0,1. Знакомство_Hallo!
10.07.2026,1. Hallo! Wie geht's?,Irak,der,-,Ирак,Ich wohne im Irak.,Я живу в Ираке.,der Irak | Ich wohne im Irak.,Ирак | Я живу в Ираке.,1,21.07.2026,0,0,1. Знакомство_Hallo!
10.07.2026,1. Hallo! Wie geht's?,Eritrea,-,-,Эритрея,Eritrea liegt in Afrika.,Эритрея находится в Африке.,Eritrea | Eritrea liegt in Afrika.,Эритрея | Эритрея находится в Африке.,1,21.07.2026,0,0,1. Знакомство_Hallo!
10.07.2026,1. Hallo! Wie geht's?,Ukraine,die,-,Украина,Ich wohne in der Ukraine.,Я живу в Украине.,die Ukraine | Ich wohne in der Ukraine.,Украина | Я живу в Украине.,1,21.07.2026,0,0,1. Знакомство_Hallo!
09.07.2026,1. Hallo! Wie geht's?,Iran,der,-,Иран,Mein Freund kommt aus dem Iran.,Мой друг родом из Ирана.,der Iran | Mein Freund kommt aus dem Iran.,Иран | Мой друг родом из Ирана.,1,21.07.2026,0,0,1. Знакомство_Hallo!
10.07.2026,1. Hallo! Wie geht's?,du / Sie,-,-,ты / Вы,Wie heißt du? / Wie heißen Sie?,Как тебя зовут? / Как Вас зовут?,du / Sie | Wie heißt du? / Wie heißen Sie?,ты / Вы | Как тебя зовут? / Как Вас зовут?,1,21.07.2026,0,0,1. Знакомство_Hallo!
10.07.2026,1. Hallo! Wie geht's?,gut,-,-,хороший,Das Essen ist sehr gut.,Еда очень хорошая.,gut | Das Essen ist sehr gut.,хороший | Еда очень хорошая.,1,21.07.2026,0,0,1. Знакомство_Hallo!
10.07.2026,1. Hallo! Wie geht's?,sehr gut,-,-,очень хорошо,Das Essen ist sehr gut.,Еда очень хорошая.,sehr gut | Das Essen ist sehr gut.,очень хорошо | Еда очень хорошая.,1,21.07.2026,0,0,1. Знакомство_Hallo!
10.07.2026,1. Hallo! Wie geht's?,schlecht,-,-,плохой,Das Wetter ist heute schlecht.,Погода сегодня плохая.,schlecht | Das Wetter ist heute schlecht.,плохой | Погода сегодня плохая.,1,21.07.2026,0,0,1. Знакомство_Hallo!
10.07.2026,1. Hallo! Wie geht's?,super,-,-,"супер, отличный",Das Wetter ist heute super.,Погода сегодня супер.,super | Das Wetter ist heute super.,"супер, отличный | Погода сегодня супер.",1,21.07.2026,0,0,1. Знакомство_Hallo!
10.07.2026,1. Hallo! Wie geht's?,es geht,-,-,"пойдет, сойдет, дела идут",Wie geht es dir? – Es geht.,Как у тебя дела? – Пойдет.,es geht | Wie geht es dir? – Es geht.,"пойдет, сойдет, дела идут | Как у тебя дела? – Пойдет.",1,21.07.2026,0,0,1. Знакомство_Hallo!
10.07.2026,1. Hallo! Wie geht's?,nicht so gut,-,-,не так хорошо,Mir geht es heute nicht so gut.,Я сегодня чувствую себя не так хорошо.,nicht so gut | Mir geht es heute nicht so gut.,не так хорошо | Я сегодня чувствую себя не так хорошо.,1,21.07.2026,0,0,1. Знакомство_Hallo!
09.07.2026,1. Hallo! Wie geht's?,auch,-,-,"тоже, также",Ich komme auch.,Я тоже приду.,auch | Ich komme auch.,"тоже, также | Я тоже приду.",1,21.07.2026,0,0,1. Знакомство_Hallo!
10.07.2026,1. Hallo! Wie geht's?,Sprache,die,die Sprachen,язык,Ich lerne die deutsche Sprache.,Я учу немецкий язык.,die Sprache | Ich lerne die deutsche Sprache.,язык | Я учу немецкий язык.,1,21.07.2026,0,0,1. Знакомство_Hallo!
10.07.2026,1. Hallo! Wie geht's?,sprechen,-,-,"говорить, разговаривать",Ich spreche ein bisschen Deutsch.,Я немного говорю по-немецки.,sprechen | Ich spreche ein bisschen Deutsch.,"говорить, разговаривать | Я немного говорю по-немецки.",1,21.07.2026,0,0,1. Знакомство_Hallo!
10.07.2026,1. Hallo! Wie geht's?,Dari,-,-,Дари (язык),Er spricht Dari.,Он говорит на дари.,Dari | Er spricht Dari.,Дари (язык) | Он говорит на дари.,1,21.07.2026,0,0,1. Знакомство_Hallo!
10.07.2026,1. Hallo! Wie geht's?,Italienisch,-,-,итальянский (язык),Ich lerne Italienisch.,Я учу итальянский.,Italienisch | Ich lerne Italienisch.,итальянский (язык) | Я учу итальянский.,1,21.07.2026,0,0,1. Знакомство_Hallo!
10.07.2026,1. Hallo! Wie geht's?,Arabisch,-,-,арабский (язык),Ich lerne Arabisch.,Я учу арабский язык.,Arabisch | Ich lerne Arabisch.,арабский (язык) | Я учу арабский язык.,1,21.07.2026,0,0,1. Знакомство_Hallo!
10.07.2026,1. Hallo! Wie geht's?,Paschtu,-,-,пушту (язык),Er spricht Paschtu.,Он говорит на пушту.,Paschtu | Er spricht Paschtu.,пушту (язык) | Он говорит на пушту.,1,21.07.2026,0,0,1. Знакомство_Hallo!
10.07.2026,1. Hallo! Wie geht's?,ein bisschen,-,-,немного,Ich spreche ein bisschen Deutsch.,Я немного говорю по-немецки.,ein bisschen | Ich spreche ein bisschen Deutsch.,немного | Я немного говорю по-немецки.,1,21.07.2026,0,0,1. Знакомство_Hallo!
10.07.2026,1. Hallo! Wie geht's?,ja / nein,-,-,да / нет,"Ja, ich komme. Nein, ich habe keine Zeit.","Да, я приду. Нет, у меня нет времени.","ja / nein | Ja, ich komme. Nein, ich habe keine Zeit.","да / нет | Да, я приду. Нет, у меня нет времени.",1,21.07.2026,0,0,1. Знакомство_Hallo!
10.07.2026,1. Hallo! Wie geht's?,Tschüss,-,-,пока,"Tschüss, bis morgen!","Пока, до завтра!","Tschüss | Tschüss, bis morgen!","пока | Пока, до завтра!",1,21.07.2026,0,0,1. Знакомство_Hallo!
10.07.2026,2. Meine Familie und ich,vhs_Lektion 2_Meine Familie und ich,-,Lektionen,урок,Wir lernen Lektion 2.,Мы учим урок 2.,Lektion 2_Meine Familie und Ich | Wir lernen Lektion 2.,урок | Мы учим урок 2.,1,21.07.2026,0,0,1. Знакомство_Meine Familie und Ich
10.07.2026,2. Meine Familie und ich,Familie,die,die Familien,семья,Ich liebe meine Familie.,Я люблю свою семью.,die Familie | Ich liebe meine Familie.,семья | Я люблю свою семью.,1,21.07.2026,0,0,1. Знакомство_Meine Familie und Ich
10.07.2026,2. Meine Familie und ich,Kind,das,die Kinder,ребенок,Das Kind spielt im Garten.,Ребенок играет в саду.,das Kind | Das Kind spielt im Garten.,ребенок | Ребенок играет в саду.,1,21.07.2026,0,0,1. Знакомство_Meine Familie und Ich
10.07.2026,2. Meine Familie und ich,wir,-,-,мы,Wir lernen Deutsch.,Мы учим немецкий.,wir | Wir lernen Deutsch.,мы | Мы учим немецкий.,1,21.07.2026,0,0,1. Знакомство_Meine Familie und Ich
10.07.2026,2. Meine Familie und ich,ihr,-,-,вы (обращение к группе людей) / её (притяжательное местоимение),Wie heißt ihr?,Как вас зовут?,ihr | Wie heißt ihr?,вы (обращение к группе людей) / её (притяжательное местоимение) | Как вас зовут?,1,21.07.2026,0,0,1. Знакомство_Meine Familie und Ich
10.07.2026,2. Meine Familie und ich,er,-,-,он,Er heißt Max.,Его зовут Макс.,er | Er heißt Max.,он | Его зовут Макс.,1,21.07.2026,0,0,1. Знакомство_Meine Familie und Ich
10.07.2026,2. Meine Familie und ich,sie,-,-,она / они / Вы (вежливая форма),Sie ist meine Freundin.,Она — моя подруга.,sie | Sie ist meine Freundin.,она / они / Вы (вежливая форма) | Она — моя подруга.,1,21.07.2026,0,0,1. Знакомство_Meine Familie und Ich
10.07.2026,2. Meine Familie und ich,Mann,der,die Männer,мужчина,Der Mann ist mein Vater.,Этот мужчина — мой отец.,der Mann | Der Mann ist mein Vater.,мужчина | Этот мужчина — мой отец.,1,21.07.2026,0,0,1. Знакомство_Meine Familie und Ich
10.07.2026,2. Meine Familie und ich,Sohn,der,die Söhne,сын,Ich habe einen Sohn.,У меня есть сын.,der Sohn | Ich habe einen Sohn.,сын | У меня есть сын.,1,21.07.2026,0,0,1. Знакомство_Meine Familie und Ich
10.07.2026,2. Meine Familie und ich,Tochter,die,die Töchter,дочь,Meine Tochter ist sechs Jahre alt.,Моей дочери шесть лет.,die Tochter | Meine Tochter ist sechs Jahre alt.,дочь | Моей дочери шесть лет.,1,21.07.2026,0,0,1. Знакомство_Meine Familie und Ich
10.07.2026,2. Meine Familie und ich,Eltern,die,die Eltern,родители,Meine Eltern wohnen in Berlin.,Мои родители живут в Берлине.,die Eltern | Meine Eltern wohnen in Berlin.,родители | Мои родители живут в Берлине.,2,29.07.2026,1,1,1. Знакомство_Meine Familie und Ich
10.07.2026,2. Meine Familie und ich,Vater,der,die Väter,отец,Mein Vater heißt Hans.,Моего отца зовут Ханс.,der Vater | Mein Vater heißt Hans.,отец | Моего отца зовут Ханс.,1,21.07.2026,0,0,1. Знакомство_Meine Familie und Ich
10.07.2026,2. Meine Familie und ich,Schwester,die,die Schwestern,сестра,Meine Schwester heißt Anna.,Мою сестру зовут Анна.,die Schwester | Meine Schwester heißt Anna.,сестра | Мою сестру зовут Анна.,2,29.07.2026,1,1,1. Знакомство_Meine Familie und Ich
10.07.2026,2. Meine Familie und ich,Bruder,der,die Brüder,брат,Mein Bruder heißt Lukas.,Моего брата зовут Лукас.,der Bruder | Mein Bruder heißt Lukas.,брат | Моего брата зовут Лукас.,1,21.07.2026,0,0,1. Знакомство_Meine Familie und Ich
10.07.2026,2. Meine Familie und ich,mein,-,-,"мой, моя",Das ist meine Mutter.,Это моя мама.,mein | Das ist meine Mutter.,"мой, моя | Это моя мама.",1,21.07.2026,0,0,1. Знакомство_Meine Familie und Ich
10.07.2026,2. Meine Familie und ich,dein,-,-,"твой, твоя",Das ist dein Buch.,Это твоя книга.,dein | Das ist dein Buch.,"твой, твоя | Это твоя книга.",1,21.07.2026,0,0,1. Знакомство_Meine Familie und Ich
10.07.2026,2. Meine Familie und ich,verheiratet,-,-,женат / замужем,Ich bin verheiratet.,Я женат / Я замужем.,verheiratet | Ich bin verheiratet.,женат / замужем | Я женат / Я замужем.,1,21.07.2026,0,0,1. Знакомство_Meine Familie und Ich
10.07.2026,2. Meine Familie und ich,ledig,-,-,"холостой, неженатый, незамужняя",Ich bin ledig.,Я холост / Я не замужем.,ledig | Ich bin ledig.,"холостой, неженатый, незамужняя | Я холост / Я не замужем.",1,21.07.2026,0,0,1. Знакомство_Meine Familie und Ich
10.07.2026,2. Meine Familie und ich,eins,-,-,один,Ich habe nur eins.,У меня есть только один.,eins | Ich habe nur eins.,один | У меня есть только один.,1,21.07.2026,0,0,1. Знакомство_Meine Familie und Ich
10.07.2026,2. Meine Familie und ich,zwei,-,-,два,Ich habe zwei Äpfel.,У меня есть два яблока.,zwei | Ich habe zwei Äpfel.,два | У меня есть два яблока.,1,21.07.2026,0,0,1. Знакомство_Meine Familie und Ich
10.07.2026,2. Meine Familie und ich,drei,-,-,три,Ich habe drei Äpfel.,У меня есть три яблока.,drei | Ich habe drei Äpfel.,три | У меня есть три яблока.,1,21.07.2026,0,0,1. Знакомство_Meine Familie und Ich
10.07.2026,2. Meine Familie und ich,vier,-,-,четыре,Ich habe vier Äpfel.,У меня есть четыре яблока.,vier | Ich habe vier Äpfel.,четыре | У меня есть четыре яблока.,1,21.07.2026,0,0,1. Знакомство_Meine Familie und Ich
10.07.2026,2. Meine Familie und ich,fünf,-,-,пять,Ich habe fünf Äpfel.,У меня есть пять яблок.,fünf | Ich habe fünf Äpfel.,пять | У меня есть пять яблок.,1,21.07.2026,0,0,1. Знакомство_Meine Familie und Ich
10.07.2026,2. Meine Familie und ich,sechs,-,-,шесть,Ich habe sechs Äpfel.,У меня есть шесть яблок.,sechs | Ich habe sechs Äpfel.,шесть | У меня есть шесть яблок.,1,21.07.2026,0,0,1. Знакомство_Meine Familie und Ich
10.07.2026,2. Meine Familie und ich,sieben,-,-,семьдесят шесть,Ich bin sechsundsiebzig Jahre alt.,Мне семьдесят шесть лет.,sieben | Ich bin sechsundsiebzig Jahre alt.,семьдесят шесть | Мне семьдесят шесть лет.,1,21.07.2026,0,0,1. Знакомство_Meine Familie und Ich
10.07.2026,2. Meine Familie und ich,acht,-,-,восемь,Ich bin acht Jahre alt.,Мне восемь лет.,acht | Ich bin acht Jahre alt.,восемь | Мне восемь лет.,1,21.07.2026,0,0,1. Знакомство_Meine Familie und Ich
10.07.2026,2. Meine Familie und ich,neun,-,-,девять,Ich habe neun Äpfel.,У меня девять яблок.,neun | Ich habe neun Äpfel.,девять | У меня девять яблок.,1,21.07.2026,0,0,1. Знакомство_Meine Familie und Ich
10.07.2026,2. Meine Familie und ich,zehn,-,-,десять,Ich habe zehn Äpfel.,У меня есть десять яблок.,zehn | Ich habe zehn Äpfel.,десять | У меня есть десять яблок.,1,21.07.2026,0,0,1. Знакомство_Meine Familie und Ich
10.07.2026,2. Meine Familie und ich,elf,-,-,одиннадцать,Ich bin elf Jahre alt.,Мне одиннадцать лет.,elf | Ich bin elf Jahre alt.,одиннадцать | Мне одиннадцать лет.,1,21.07.2026,0,0,1. Знакомство_Meine Familie und Ich
10.07.2026,2. Meine Familie und ich,zwölf,-,-,двенадцать,Ich bin zwölf Jahre alt.,Мне двенадцать лет.,zwölf | Ich bin zwölf Jahre alt.,двенадцать | Мне двенадцать лет.,1,21.07.2026,0,0,1. Знакомство_Meine Familie und Ich
10.07.2026,2. Meine Familie und ich,sechzehn,-,-,шестнадцать,Ich bin sechzehn Jahre alt.,Мне шестнадцать лет.,sechzehn | Ich bin sechzehn Jahre alt.,шестнадцать | Мне шестнадцать лет.,1,21.07.2026,0,0,1. Знакомство_Meine Familie und Ich
10.07.2026,2. Meine Familie und ich,siebzehn,-,-,семнадцать,Ich bin siebzehn Jahre alt.,Мне семнадцать лет.,siebzehn | Ich bin siebzehn Jahre alt.,семнадцать | Мне семнадцать лет.,1,21.07.2026,0,0,1. Знакомство_Meine Familie und Ich
10.07.2026,2. Meine Familie und ich,zwanzig,-,-,двадцать,Ich bin zwanzig Jahre alt.,Мне двадцать лет.,zwanzig | Ich bin zwanzig Jahre alt.,двадцать | Мне двадцать лет.,1,21.07.2026,0,0,1. Знакомство_Meine Familie und Ich
10.07.2026,2. Meine Familie und ich,geschieden,-,-,разведенный,Er ist geschieden.,Он разведен.,geschieden | Er ist geschieden.,разведенный | Он разведен.,1,21.07.2026,0,0,1. Знакомство_Meine Familie und Ich
10.07.2026,2. Meine Familie und ich,Vorname,der,die Vornamen,имя,Wie ist dein Vorname?,Как тебя зовут (какое твое имя)?,der Vorname | Wie ist dein Vorname?,имя | Как тебя зовут (какое твое имя)?,1,21.07.2026,0,0,1. Знакомство_Meine Familie und Ich
10.07.2026,2. Meine Familie und ich,Großmutter (Oma) (Omas),die,die Großmütter (Omas),бабушка,Meine Oma backt einen Kuchen.,Моя бабушка печет пирог.,die Großmutter (Oma) (Omas) | Meine Oma backt einen Kuchen.,бабушка | Моя бабушка печет пирог.,1,21.07.2026,0,0,1. Знакомство_Meine Familie und Ich
10.07.2026,2. Meine Familie und ich,Großvater (Opa),der,die Großväter (Opas),дедушка,Mein Opa ist sehr nett.,Мой дедушка очень милый.,der Großvater (Opa) | Mein Opa ist sehr nett.,дедушка | Мой дедушка очень милый.,1,21.07.2026,0,0,1. Знакомство_Meine Familie und Ich
10.07.2026,2. Meine Familie und ich,Tante,die,die Tanten,тетя,Meine Tante wohnt in Berlin.,Моя тетя живет в Берлине.,die Tante | Meine Tante wohnt in Berlin.,тетя | Моя тетя живет в Берлине.,1,21.07.2026,0,0,1. Знакомство_Meine Familie und Ich
10.07.2026,2. Meine Familie und ich,Onkel,der,die Onkel,дядя,Mein Onkel heißt Hans.,Моего дядю зовут Ханс.,der Onkel | Mein Onkel heißt Hans.,дядя | Моего дядю зовут Ханс.,1,21.07.2026,0,0,1. Знакомство_Meine Familie und Ich
10.07.2026,2. Meine Familie und ich,Cousin,der,die Cousins,двоюродный брат,Mein Cousin heißt Lukas.,Моего двоюродного брата зовут Лукас.,der Cousin | Mein Cousin heißt Lukas.,двоюродный брат | Моего двоюродного брата зовут Лукас.,1,21.07.2026,0,0,1. Знакомство_Meine Familie und Ich
10.07.2026,2. Meine Familie und ich,Cousine,der,die Cousinen,двоюродная сестра,Meine Cousine heißt Anna.,Мою двоюродную сестру зовут Анна.,der Cousine | Meine Cousine heißt Anna.,двоюродная сестра | Мою двоюродную сестру зовут Анна.,1,21.07.2026,0,0,1. Знакомство_Meine Familie und Ich
10.07.2026,2. Meine Familie und ich,Familienname Nachname,der,"die Familiennamen, die Nachnamen",фамилия,Wie ist Ihr Familienname?,Какая у вас фамилия?,der Familienname Nachname | Wie ist Ihr Familienname?,фамилия | Какая у вас фамилия?,1,21.07.2026,0,0,1. Знакомство_Meine Familie und Ich
10.07.2026,2. Meine Familie und ich,Familienstand,der,die Familienstände,семейное положение,Wie ist Ihr Familienstand?,Какое у вас семейное положение?,der Familienstand | Wie ist Ihr Familienstand?,семейное положение | Какое у вас семейное положение?,1,21.07.2026,0,0,1. Знакомство_Meine Familie und Ich
10.07.2026,2. Meine Familie und ich,Straße,die,die Straßen,улица,Die Straße ist sehr lang.,Улица очень длинная.,die Straße | Die Straße ist sehr lang.,улица | Улица очень длинная.,1,21.07.2026,0,0,1. Знакомство_Meine Familie und Ich
10.07.2026,2. Meine Familie und ich,Hausnummer,die,die Hausnummern,номер дома,Wie ist Ihre Hausnummer?,Какой у вас номер дома?,die Hausnummer | Wie ist Ihre Hausnummer?,номер дома | Какой у вас номер дома?,1,21.07.2026,0,0,1. Знакомство_Meine Familie und Ich
10.07.2026,2. Meine Familie und ich,einundzwanzig,-,-,двадцать один,Ich bin einundzwanzig Jahre alt.,Мне двадцать один год.,einundzwanzig | Ich bin einundzwanzig Jahre alt.,двадцать один | Мне двадцать один год.,1,21.07.2026,0,0,1. Знакомство_Meine Familie und Ich
10.07.2026,2. Meine Familie und ich,dreißig,-,-,тридцать,Ich bin dreißig Jahre alt.,Мне тридцать лет.,dreißig | Ich bin dreißig Jahre alt.,тридцать | Мне тридцать лет.,1,21.07.2026,0,0,1. Знакомство_Meine Familie und Ich
10.07.2026,2. Meine Familie und ich,siebzig,-,-,семьдесят,Mein Opa ist siebzig Jahre alt.,Моему дедушке семьдесят лет.,siebzig | Mein Opa ist siebzig Jahre alt.,семьдесят | Моему дедушке семьдесят лет.,1,21.07.2026,0,0,1. Знакомство_Meine Familie und Ich
10.07.2026,2. Meine Familie und ich,hundert,-,-,сто,Ich habe hundert Euro.,У меня есть сто евро.,hundert | Ich habe hundert Euro.,сто | У меня есть сто евро.,1,21.07.2026,0,0,1. Знакомство_Meine Familie und Ich
10.07.2026,2. Meine Familie und ich,Alter,das,die Alter,возраст,Wie alt bist du? Ich frage nach deinem Alter.,Сколько тебе лет? Я спрашиваю о твоем возрасте.,das Alter | Wie alt bist du? Ich frage nach deinem Alter.,возраст | Сколько тебе лет? Я спрашиваю о твоем возрасте.,1,21.07.2026,0,0,1. Знакомство_Meine Familie und Ich
10.07.2026,2. Meine Familie und ich,Geburtsort,der,die Geburtsorte,место рождения,Mein Geburtsort ist Berlin.,Мое место рождения — Берлин.,der Geburtsort | Mein Geburtsort ist Berlin.,место рождения | Мое место рождения — Берлин.,1,21.07.2026,0,0,1. Знакомство_Meine Familie und Ich
10.07.2026,3. Deutsch lernen,vhs_Lektion 3_Deutsch lernen,-,Lektionen,урок,Wir lernen Lektion 3.,Мы учим третий урок.,Lektion 3_Deutsch lernen | Wir lernen Lektion 3.,урок | Мы учим третий урок.,1,21.07.2026,0,0,1. Знакомство_Учеба
10.07.2026,1. Знакомство,Stuhl,der,die Stühle,стул,Der Stuhl ist neu.,Этот стул новый.,der Stuhl | Der Stuhl ist neu.,стул | Этот стул новый.,1,21.07.2026,0,0,1. Знакомство_Учеба
10.07.2026,1. Знакомство,Stift,der,die Stifte,"карандаш, ручка",Ich schreibe mit dem Stift.,Я пишу ручкой.,der Stift | Ich schreibe mit dem Stift.,"карандаш, ручка | Я пишу ручкой.",1,21.07.2026,0,0,1. Знакомство_Учеба
10.07.2026,1. Знакомство,Buch,das,die Bücher,книга,Ich lese ein Buch.,Я читаю книгу.,das Buch | Ich lese ein Buch.,книга | Я читаю книгу.,1,21.07.2026,0,0,1. Знакомство_Учеба
10.07.2026,1. Знакомство,Computer,der,die Computer,компьютер,Ich habe einen neuen Computer.,У меня есть новый компьютер.,der Computer | Ich habe einen neuen Computer.,компьютер | У меня есть новый компьютер.,1,21.07.2026,0,0,1. Знакомство_Учеба
10.07.2026,1. Знакомство,Maus,die,die Mäuse,мышь,Die Maus ist klein und grau.,Мышь маленькая и серая.,die Maus | Die Maus ist klein und grau.,мышь | Мышь маленькая и серая.,1,21.07.2026,0,0,1. Знакомство_Учеба
10.07.2026,1. Знакомство,Tastatur,die,die Tastaturen,клавиатура,Meine Tastatur ist neu.,Моя клавиатура новая.,die Tastatur | Meine Tastatur ist neu.,клавиатура | Моя клавиатура новая.,1,21.07.2026,0,0,1. Знакомство_Учеба
10.07.2026,1. Знакомство,Bildschirm,der,die Bildschirme,"экран, монитор",Der Bildschirm ist groß.,Экран большой.,der Bildschirm | Der Bildschirm ist groß.,"экран, монитор | Экран большой.",1,21.07.2026,0,0,1. Знакомство_Учеба
10.07.2026,1. Знакомство,Tasche,die,die Taschen,"сумка, карман",Ich habe eine Tasche.,У меня есть сумка.,die Tasche | Ich habe eine Tasche.,"сумка, карман | У меня есть сумка.",1,21.07.2026,0,0,1. Знакомство_Учеба
10.07.2026,1. Знакомство,Musik,die,die Musiken,музыка,Ich höre gerne Musik.,Я люблю слушать музыку.,die Musik | Ich höre gerne Musik.,музыка | Я люблю слушать музыку.,1,21.07.2026,0,0,1. Знакомство_Учеба
10.07.2026,1. Знакомство,Tablet,das,die Tablets,планшет,Ich habe ein neues Tablet.,У меня есть новый планшет.,das Tablet | Ich habe ein neues Tablet.,планшет | У меня есть новый планшет.,1,21.07.2026,0,0,1. Знакомство_Учеба
10.07.2026,1. Знакомство,Laptop,der,die Laptops,ноутбук,Ich habe einen neuen Laptop.,У меня есть новый ноутбук.,der Laptop | Ich habe einen neuen Laptop.,ноутбук | У меня есть новый ноутбук.,1,21.07.2026,0,0,1. Знакомство_Учеба
10.07.2026,1. Знакомство,Kuli,der,die Kulis,шариковая ручка,Hast du einen Kuli für mich?,У тебя есть для меня ручка?,der Kuli | Hast du einen Kuli für mich?,шариковая ручка | У тебя есть для меня ручка?,1,21.07.2026,0,0,1. Знакомство_Учеба
10.07.2026,1. Знакомство,neu,-,-,новый,Das ist mein neues Auto.,Это моя новая машина.,neu | Das ist mein neues Auto.,новый | Это моя новая машина.,1,21.07.2026,0,0,1. Знакомство_Учеба
10.07.2026,1. Знакомство,schön,-,-,красивый,Das Haus ist sehr schön.,Дом очень красивый.,schön | Das Haus ist sehr schön.,красивый | Дом очень красивый.,1,21.07.2026,0,0,1. Знакомство_Учеба
10.07.2026,1. Знакомство,groß,-,große,большой,Mein Haus ist sehr groß.,Мой дом очень большой.,groß | Mein Haus ist sehr groß.,большой | Мой дом очень большой.,1,21.07.2026,0,0,1. Знакомство_Учеба
10.07.2026,1. Знакомство,klein,-,-,маленький,Mein Hund ist sehr klein.,Моя собака очень маленькая.,klein | Mein Hund ist sehr klein.,маленький | Моя собака очень маленькая.,1,21.07.2026,0,0,1. Знакомство_Учеба
10.07.2026,1. Знакомство,interessant,-,-,интересный,Das Buch ist sehr interessant.,Эта книга очень интересная.,interessant | Das Buch ist sehr interessant.,интересный | Эта книга очень интересная.,1,21.07.2026,0,0,1. Знакомство_Учеба
10.07.2026,1. Знакомство,einfach,-,-,"простой, просто",Die Aufgabe ist einfach.,Задача простая.,einfach | Die Aufgabe ist einfach.,"простой, просто | Задача простая.",1,21.07.2026,0,0,1. Знакомство_Учеба
10.07.2026,1. Знакомство,schwierig,-,-,"сложный, трудный",Die Aufgabe ist schwierig.,Задача сложная.,schwierig | Die Aufgabe ist schwierig.,"сложный, трудный | Задача сложная.",1,21.07.2026,0,0,1. Знакомство_Учеба
10.07.2026,1. Знакомство,falsch,-,falsche,"неправильный, неверный",Das ist leider falsch.,"Это, к сожалению, неправильно.",falsch | Das ist leider falsch.,"неправильный, неверный | Это, к сожалению, неправильно.",1,21.07.2026,0,0,1. Знакомство_Учеба
10.07.2026,1. Знакомство,einen Deutschkurs machen,-,Deutschkurse machen,посещать курс немецкого языка,Ich mache einen Deutschkurs.,Я посещаю курс немецкого языка.,einen Deutschkurs machen | Ich mache einen Deutschkurs.,посещать курс немецкого языка | Я посещаю курс немецкого языка.,1,21.07.2026,0,0,1. Знакомство_Учеба
10.07.2026,1. Знакомство,nett,-,-,"милый, приятный",Meine Lehrerin ist sehr nett.,Моя учительница очень милая.,nett | Meine Lehrerin ist sehr nett.,"милый, приятный | Моя учительница очень милая.",1,21.07.2026,0,0,1. Знакомство_Учеба
10.07.2026,1. Знакомство,Montag,der,die Montage,понедельник,Am Montag arbeite ich.,В понедельник я работаю.,der Montag | Am Montag arbeite ich.,понедельник | В понедельник я работаю.,1,21.07.2026,0,0,1. Знакомство_Учеба
10.07.2026,1. Знакомство,Dienstag,der,die Dienstage,вторник,Am Dienstag habe ich einen Deutschkurs.,Во вторник у меня курс немецкого языка.,der Dienstag | Am Dienstag habe ich einen Deutschkurs.,вторник | Во вторник у меня курс немецкого языка.,1,21.07.2026,0,0,1. Знакомство_Учеба
10.07.2026,1. Знакомство,Mittwoch,der,die Mittwoche,среда,Am Mittwoch habe ich einen Deutschkurs.,В среду у меня курс немецкого языка.,der Mittwoch | Am Mittwoch habe ich einen Deutschkurs.,среда | В среду у меня курс немецкого языка.,1,21.07.2026,0,0,1. Знакомство_Учеба
10.07.2026,1. Знакомство,Donnerstag,der,die Donnerstage,четверг,Am Donnerstag habe ich einen Deutschkurs.,В четверг у меня курс немецкого языка.,der Donnerstag | Am Donnerstag habe ich einen Deutschkurs.,четверг | В четверг у меня курс немецкого языка.,1,21.07.2026,0,0,1. Знакомство_Учеба
10.07.2026,1. Знакомство,Freitag,der,die Freitage,пятница,Am Freitag habe ich frei.,В пятницу у меня выходной.,der Freitag | Am Freitag habe ich frei.,пятница | В пятницу у меня выходной.,1,21.07.2026,0,0,1. Знакомство_Учеба
10.07.2026,1. Знакомство,Samstag,der,die Samstage,суббота,Am Samstag habe ich frei.,В субботу у меня выходной.,der Samstag | Am Samstag habe ich frei.,суббота | В субботу у меня выходной.,1,21.07.2026,0,0,1. Знакомство_Учеба
10.07.2026,1. Знакомство,Sonntag,der,die Sonntage,воскресенье,Am Sonntag habe ich frei.,В воскресенье у меня выходной.,der Sonntag | Am Sonntag habe ich frei.,воскресенье | В воскресенье у меня выходной.,1,21.07.2026,0,0,1. Знакомство_Учеба
10.07.2026,1. Знакомство,gestern,-,-,вчера,Ich war gestern im Kino.,Я был вчера в кино.,gestern | Ich war gestern im Kino.,вчера | Я был вчера в кино.,1,21.07.2026,0,0,1. Знакомство_Учеба
10.07.2026,1. Знакомство,heute,-,-,сегодня,Heute ist Montag.,Сегодня понедельник.,heute | Heute ist Montag.,сегодня | Сегодня понедельник.,1,21.07.2026,0,0,1. Знакомство_Учеба
10.07.2026,1. Знакомство,Brille,die,die Brillen,очки,Ich brauche eine neue Brille.,Мне нужны новые очки.,die Brille | Ich brauche eine neue Brille.,очки | Мне нужны новые очки.,1,21.07.2026,0,0,1. Знакомство_Учеба
10.07.2026,1. Знакомство,Tür,die,die Türen,дверь,Die Tür ist offen.,Дверь открыта.,die Tür | Die Tür ist offen.,дверь | Дверь открыта.,1,21.07.2026,0,0,1. Знакомство_Учеба
10.07.2026,1. Знакомство,Wörterbuch,das,die Wörterbücher,словарь,Ich brauche ein Wörterbuch für den Deutschkurs.,Мне нужен словарь для курса немецкого языка.,das Wörterbuch | Ich brauche ein Wörterbuch für den Deutschkurs.,словарь | Мне нужен словарь для курса немецкого языка.,1,21.07.2026,0,0,1. Знакомство_Учеба
10.07.2026,4. Essen und trinken,vhs_Lektion 4_Essen und trinken,-,die Lektionen,урок,Wir lernen in Lektion 4 über Essen und Trinken.,Мы учим в 4-м уроке про еду и напитки.,Lektion 4_Essen und trinken | Wir lernen in Lektion 4 über Essen und Trinken.,урок | Мы учим в 4-м уроке про еду и напитки.,1,21.07.2026,0,0,4. Еда и покупки
10.07.2026,4. Essen und trinken,Gemüse,das,-,овощи,Ich esse jeden Tag Gemüse.,Я ем овощи каждый день.,das Gemüse | Ich esse jeden Tag Gemüse.,овощи | Я ем овощи каждый день.,1,21.07.2026,0,0,
10.07.2026,4. Essen und trinken,Salat,der,die Salate,салат,Ich esse gern einen Salat.,Я люблю есть салат.,der Salat | Ich esse gern einen Salat.,салат | Я люблю есть салат.,1,21.07.2026,0,0,
10.07.2026,4. Essen und trinken,Fleisch,das,die Fleische,мясо,Ich esse gern Fleisch.,Я люблю есть мясо.,das Fleisch | Ich esse gern Fleisch.,мясо | Я люблю есть мясо.,1,21.07.2026,0,0,
10.07.2026,4. Essen und trinken,Wurst,die,die Würste,"колбаса, сосиска",Ich esse gerne eine Wurst mit Brot.,Я люблю есть колбасу с хлебом.,die Wurst | Ich esse gerne eine Wurst mit Brot.,"колбаса, сосиска | Я люблю есть колбасу с хлебом.",1,21.07.2026,0,0,
10.07.2026,4. Essen und trinken,Obst,das,-,фрукты,Ich esse jeden Tag frisches Obst.,Я ем каждый день свежие фрукты.,das Obst | Ich esse jeden Tag frisches Obst.,фрукты | Я ем каждый день свежие фрукты.,1,21.07.2026,0,0,
10.07.2026,4. Essen und trinken,Fisch,der,die Fische,рыба,Ich esse gern Fisch.,Я люблю есть рыбу.,der Fisch | Ich esse gern Fisch.,рыба | Я люблю есть рыбу.,1,21.07.2026,0,0,
10.07.2026,4. Essen und trinken,Kuchen,der,die Kuchen,"пирог, торт",Ich esse einen Kuchen.,Я ем пирог.,der Kuchen | Ich esse einen Kuchen.,"пирог, торт | Я ем пирог.",1,21.07.2026,0,0,
10.07.2026,4. Essen und trinken,Eis,das,die Eise,мороженое; лёд,Ich esse im Sommer gern ein Eis.,Я люблю есть мороженое летом.,das Eis | Ich esse im Sommer gern ein Eis.,мороженое; лёд | Я люблю есть мороженое летом.,1,21.07.2026,0,0,
10.07.2026,4. Essen und trinken,Schweinefleisch,das,-,свинина,Ich esse kein Schweinefleisch.,Я не ем свинину.,das Schweinefleisch | Ich esse kein Schweinefleisch.,свинина | Я не ем свинину.,1,21.07.2026,0,0,
10.07.2026,4. Essen und trinken,Tee,der,die Tees,чай,Ich trinke gerne Tee mit Zitrone.,Я люблю пить чай с лимоном.,der Tee | Ich trinke gerne Tee mit Zitrone.,чай | Я люблю пить чай с лимоном.,1,21.07.2026,0,0,
10.07.2026,4. Essen und trinken,Reis,der,-,рис,Ich esse gerne Reis mit Gemüse.,Я люблю есть рис с овощами.,der Reis | Ich esse gerne Reis mit Gemüse.,рис | Я люблю есть рис с овощами.,1,21.07.2026,0,0,
10.07.2026,4. Essen und trinken,Brot,das,die Brote,хлеб,Ich esse das Brot mit Butter.,Я ем хлеб с маслом.,das Brot | Ich esse das Brot mit Butter.,хлеб | Я ем хлеб с маслом.,1,21.07.2026,0,0,
10.07.2026,4. Essen und trinken,Brötchen,das,die Brötchen,булочка,Ich esse ein Brötchen zum Frühstück.,Я ем булочку на завтрак.,das Brötchen | Ich esse ein Brötchen zum Frühstück.,булочка | Я ем булочку на завтрак.,1,21.07.2026,0,0,
10.07.2026,4. Essen und trinken,Käse,der,die Käse,сыр,Ich esse gern Käse zum Frühstück.,Я люблю есть сыр на завтрак.,der Käse | Ich esse gern Käse zum Frühstück.,сыр | Я люблю есть сыр на завтрак.,1,21.07.2026,0,0,
10.07.2026,4. Essen und trinken,Hähnchen,das,die Hähnchen,"курочка, цыпленок",Ich esse gerne ein gebratenes Hähnchen.,Я люблю есть жареную курицу.,das Hähnchen | Ich esse gerne ein gebratenes Hähnchen.,"курочка, цыпленок | Я люблю есть жареную курицу.",1,21.07.2026,0,0,
10.07.2026,4. Essen und trinken,mögen (ich mag; du magst; er/sie/es mag; Sie mögen),-,-,"любить, нравиться",Ich mag Pizza.,Я люблю пиццу.,mögen (ich mag; du magst; er/sie/es mag; Sie mögen) | Ich mag Pizza.,"любить, нравиться | Я люблю пиццу.",1,21.07.2026,0,0,
10.07.2026,4. Essen und trinken,essen (ich esse; du isst; er/sie/es isst; Sie essen),-,-,"есть, кушать",Ich esse einen Apfel.,Я ем яблоко.,essen (ich esse; du isst; er/sie/es isst; Sie essen) | Ich esse einen Apfel.,"есть, кушать | Я ем яблоко.",1,21.07.2026,0,0,
10.07.2026,4. Essen und trinken,Apfel,der,die Äpfel,яблоко,Ich esse einen Apfel.,Я ем яблоко.,der Apfel | Ich esse einen Apfel.,яблоко | Я ем яблоко.,1,21.07.2026,0,0,
10.07.2026,4. Essen und trinken,Banane,die,die Bananen,банан,Ich esse eine Banane.,Я ем банан.,die Banane | Ich esse eine Banane.,банан | Я ем банан.,1,21.07.2026,0,0,
10.07.2026,4. Essen und trinken,Ei,das,die Eier,яйцо,Ich esse zum Frühstück ein Ei.,Я ем на завтрак яйцо.,das Ei | Ich esse zum Frühstück ein Ei.,яйцо | Я ем на завтрак яйцо.,1,21.07.2026,0,0,
10.07.2026,4. Essen und trinken,Gurke,die,die Gurken,огурец,Ich esse eine Gurke.,Я ем огурец.,die Gurke | Ich esse eine Gurke.,огурец | Я ем огурец.,1,21.07.2026,0,0,
10.07.2026,4. Essen und trinken,Paprika,der,die Paprikas,болгарский перец,Ich kaufe eine rote Paprika.,Я покупаю красный болгарский перец.,der Paprika | Ich kaufe eine rote Paprika.,болгарский перец | Я покупаю красный болгарский перец.,1,21.07.2026,0,0,
10.07.2026,4. Essen und trinken,Nudel,die,die Nudeln,"макароны, лапша",Ich esse gerne Nudeln mit Tomatensoße.,Я люблю есть макароны с томатным соусом.,die Nudel | Ich esse gerne Nudeln mit Tomatensoße.,"макароны, лапша | Я люблю есть макароны с томатным соусом.",1,21.07.2026,0,0,
10.07.2026,4. Essen und trinken,Möhre,die,die Möhren,морковь,Ich esse gerne eine Möhre.,Я люблю есть морковь.,die Möhre | Ich esse gerne eine Möhre.,морковь | Я люблю есть морковь.,1,21.07.2026,0,0,
10.07.2026,4. Essen und trinken,Zwiebel,die,die Zwiebeln,лук,Ich schneide die Zwiebel.,Я режу луковицу.,die Zwiebel | Ich schneide die Zwiebel.,лук | Я режу луковицу.,1,21.07.2026,0,0,
10.07.2026,4. Essen und trinken,brauchen,-,-,"нуждаться, требоваться",Ich brauche ein neues Buch.,Мне нужна новая книга.,brauchen | Ich brauche ein neues Buch.,"нуждаться, требоваться | Мне нужна новая книга.",1,21.07.2026,0,0,
10.07.2026,4. Essen und trinken,kaufen,-,-,покупать,Ich kaufe einen Apfel.,Я покупаю яблоко.,kaufen | Ich kaufe einen Apfel.,покупать | Я покупаю яблоко.,1,21.07.2026,0,0,
10.07.2026,4. Essen und trinken,kochen,-,-,готовить,Ich koche heute eine Suppe.,Я сегодня готовлю суп.,kochen | Ich koche heute eine Suppe.,готовить | Я сегодня готовлю суп.,1,21.07.2026,0,0,
10.07.2026,4. Essen und trinken,Kilo,das,die Kilos,килограмм,Ich möchte ein Kilo Äpfel kaufen.,Я хочу купить килограмм яблок.,das Kilo | Ich möchte ein Kilo Äpfel kaufen.,килограмм | Я хочу купить килограмм яблок.,1,21.07.2026,0,0,
10.07.2026,4. Essen und trinken,Liter,der,die Liter,литр,Ich trinke einen Liter Wasser.,Я пью один литр воды.,der Liter | Ich trinke einen Liter Wasser.,литр | Я пью один литр воды.,1,21.07.2026,0,0,
10.07.2026,4. Essen und trinken,Stück,das,die Stücke,"кусок, штука",Ich möchte ein Stück Kuchen.,Я хочу кусочек пирога.,das Stück | Ich möchte ein Stück Kuchen.,"кусок, штука | Я хочу кусочек пирога.",1,21.07.2026,0,0,
10.07.2026,4. Essen und trinken,Tüte,die,die Tüten,пакет,Ich brauche eine Tüte für den Einkauf.,Мне нужен пакет для покупок.,die Tüte | Ich brauche eine Tüte für den Einkauf.,пакет | Мне нужен пакет для покупок.,1,21.07.2026,0,0,
10.07.2026,4. Essen und trinken,Flasche,die,die Flaschen,бутылка,Ich trinke eine Flasche Wasser.,Я пью бутылку воды.,die Flasche | Ich trinke eine Flasche Wasser.,бутылка | Я пью бутылку воды.,1,21.07.2026,0,0,
10.07.2026,4. Essen und trinken,Glas,das,die Gläser,стакан,Ich trinke ein Glas Wasser.,Я пью стакан воды.,das Glas | Ich trinke ein Glas Wasser.,стакан | Я пью стакан воды.,1,21.07.2026,0,0,
10.07.2026,4. Essen und trinken,Preis,der,die Preise,цена,Der Preis ist zu hoch.,Цена слишком высокая.,der Preis | Der Preis ist zu hoch.,цена | Цена слишком высокая.,1,21.07.2026,0,0,
10.07.2026,4. Essen und trinken,Mittagessen,das,die Mittagessen,обед,Ich esse zu Mittag.,Я обедаю.,das Mittagessen | Ich esse zu Mittag.,обед | Я обедаю.,1,21.07.2026,0,0,
10.07.2026,4. Essen und trinken,Abendessen,das,die Abendessen,ужин,Wir essen das Abendessen um sieben Uhr.,Мы ужинаем в семь часов.,das Abendessen | Wir essen das Abendessen um sieben Uhr.,ужин | Мы ужинаем в семь часов.,1,21.07.2026,0,0,
10.07.2026,4. Essen und trinken,Frühstück,das,die Frühstücke,завтрак,Ich esse das Frühstück um acht Uhr.,Я завтракаю в восемь часов.,das Frühstück | Ich esse das Frühstück um acht Uhr.,завтрак | Я завтракаю в восемь часов.,1,21.07.2026,0,0,
10.07.2026,4. Essen und trinken,Marmelade,die,die Marmeladen,"варенье, джем",Ich esse zum Frühstück Brot mit Marmelade.,Я ем на завтрак хлеб с вареньем.,die Marmelade | Ich esse zum Frühstück Brot mit Marmelade.,"варенье, джем | Я ем на завтрак хлеб с вареньем.",1,21.07.2026,0,0,
10.07.2026,4. Essen und trinken,süß,-,-,"милый, сладкий",Das Baby ist sehr süß.,Ребенок очень милый.,süß | Das Baby ist sehr süß.,"милый, сладкий | Ребенок очень милый.",1,21.07.2026,0,0,
10.07.2026,4. Essen und trinken,sauer,-,-,"кислый, сердитый",Die Zitrone ist sehr sauer.,Лимон очень кислый.,sauer | Die Zitrone ist sehr sauer.,"кислый, сердитый | Лимон очень кислый.",1,21.07.2026,0,0,
10.07.2026,4. Essen und trinken,salzig,-,-,соленый,Die Suppe ist zu salzig.,Суп слишком соленый.,salzig | Die Suppe ist zu salzig.,соленый | Суп слишком соленый.,1,21.07.2026,0,0,
10.07.2026,4. Essen und trinken,scharf,-,-,острый,Das Messer ist sehr scharf.,Этот нож очень острый.,scharf | Das Messer ist sehr scharf.,острый | Этот нож очень острый.,1,21.07.2026,0,0,
10.07.2026,5. Mein Tag,vhs_Lektion 5_Mein Tag,-,Lektionen,урок,Wir machen Lektion 5.,Мы делаем пятый урок.,Lektion 5_Mein Tag | Wir machen Lektion 5.,урок | Мы делаем пятый урок.,1,21.07.2026,0,0,
10.07.2026,4. Essen und trinken,Vormittag,der,die Vormittage,"первая половина дня, утро",Ich arbeite am Vormittag.,Я работаю в первой половине дня.,der Vormittag | Ich arbeite am Vormittag.,"первая половина дня, утро | Я работаю в первой половине дня.",1,21.07.2026,0,0,
10.07.2026,4. Essen und trinken,Mittag,der,die Mittage,полдень,Ich esse am Mittag zu Hause.,Я обедаю дома в полдень.,der Mittag | Ich esse am Mittag zu Hause.,полдень | Я обедаю дома в полдень.,1,21.07.2026,0,0,
10.07.2026,4. Essen und trinken,Nachmittag,der,die Nachmittage,вторая половина дня,Am Nachmittag lerne ich Deutsch.,Во второй половине дня я учу немецкий.,der Nachmittag | Am Nachmittag lerne ich Deutsch.,вторая половина дня | Во второй половине дня я учу немецкий.,1,21.07.2026,0,0,
10.07.2026,4. Essen und trinken,Abend,der,die Abende,вечер,Ich gehe am Abend ins Kino.,Я иду вечером в кино.,der Abend | Ich gehe am Abend ins Kino.,вечер | Я иду вечером в кино.,1,21.07.2026,0,0,
10.07.2026,4. Essen und trinken,Nacht,die,die Nächte,ночь,Die Nacht ist dunkel.,Ночь темная.,die Nacht | Die Nacht ist dunkel.,ночь | Ночь темная.,1,21.07.2026,0,0,
10.07.2026,4. Essen und trinken,frühstücken,-,-,завтрак (процесс),Das Frühstücken macht mir Spaß.,Завтракать мне нравится.,frühstücken | Das Frühstücken macht mir Spaß.,завтрак (процесс) | Завтракать мне нравится.,1,21.07.2026,0,0,
10.07.2026,4. Essen und trinken,duschen,-,die Duschen,душ,Ich nehme jeden Morgen eine Dusche.,Я принимаю душ каждое утро.,duschen | Ich nehme jeden Morgen eine Dusche.,душ | Я принимаю душ каждое утро.,1,21.07.2026,0,0,
10.07.2026,4. Essen und trinken,schlafen,-,-,спать,Ich schlafe acht Stunden pro Nacht.,Я сплю восемь часов в сутки.,schlafen | Ich schlafe acht Stunden pro Nacht.,спать | Я сплю восемь часов в сутки.,1,21.07.2026,0,0,
10.07.2026,4. Essen und trinken,Arbeit,die,die Arbeiten,работа,Ich habe viel Arbeit heute.,У меня сегодня много работы.,die Arbeit | Ich habe viel Arbeit heute.,работа | У меня сегодня много работы.,1,21.07.2026,0,0,
10.07.2026,4. Essen und trinken,telefonieren,-,-,звонить по телефону,Ich telefoniere mit meiner Mutter.,Я разговариваю по телефону с моей мамой.,telefonieren | Ich telefoniere mit meiner Mutter.,звонить по телефону | Я разговариваю по телефону с моей мамой.,1,21.07.2026,0,0,
10.07.2026,4. Essen und trinken,Fußball spielen,-,-,играть в футбол,Ich spiele am Wochenende Fußball.,Я играю в футбол на выходных.,Fußball spielen | Ich spiele am Wochenende Fußball.,играть в футбол | Я играю в футбол на выходных.,1,21.07.2026,0,0,
10.07.2026,4. Essen und trinken,Sport machen,-,-,заниматься спортом,Ich mache jeden Tag Sport.,Я занимаюсь спортом каждый день.,Sport machen | Ich mache jeden Tag Sport.,заниматься спортом | Я занимаюсь спортом каждый день.,1,21.07.2026,0,0,
10.07.2026,4. Essen und trinken,Musik hören,-,-,слушать музыку,Ich höre gern Musik.,Я люблю слушать музыку.,Musik hören | Ich höre gern Musik.,слушать музыку | Я люблю слушать музыку.,1,21.07.2026,0,0,
10.07.2026,4. Essen und trinken,putzen,-,-,"чистить, мыть",Ich putze meine Zähne.,Я чищу свои зубы.,putzen | Ich putze meine Zähne.,"чистить, мыть | Я чищу свои зубы.",1,21.07.2026,0,0,
10.07.2026,4. Essen und trinken,tanzen,-,-,танцевать,Wir tanzen gerne zusammen.,Мы любим танцевать вместе.,tanzen | Wir tanzen gerne zusammen.,танцевать | Мы любим танцевать вместе.,1,21.07.2026,0,0,
10.07.2026,4. Essen und trinken,treffen (ich treffe; du triffst; er/sie/es trifft; Sie treffen),-,-,встречать,Ich treffe meine Freunde heute.,Я встречаю своих друзей сегодня.,treffen (ich treffe; du triffst; er/sie/es trifft; Sie treffen) | Ich treffe meine Freunde heute.,встречать | Я встречаю своих друзей сегодня.,1,21.07.2026,0,0,
10.07.2026,4. Essen und trinken,aufstehen,-,-,вставать,Ich stehe jeden Tag um sieben Uhr auf.,Я встаю каждый день в семь часов.,aufstehen | Ich stehe jeden Tag um sieben Uhr auf.,вставать | Я встаю каждый день в семь часов.,1,21.07.2026,0,0,
10.07.2026,4. Essen und trinken,fernsehen,-,-,смотреть телевизор,Ich sehe am Abend gern fern.,Я охотно смотрю телевизор вечером.,fernsehen | Ich sehe am Abend gern fern.,смотреть телевизор | Я охотно смотрю телевизор вечером.,1,21.07.2026,0,0,
10.07.2026,4. Essen und trinken,einkaufen,-,-,делать покупки,Ich gehe heute im Supermarkt einkaufen.,Я иду сегодня делать покупки в супермаркет.,einkaufen | Ich gehe heute im Supermarkt einkaufen.,делать покупки | Я иду сегодня делать покупки в супермаркет.,1,21.07.2026,0,0,
10.07.2026,4. Essen und trinken,aufräumen,-,-,"убирать, приводить в порядок",Ich räume mein Zimmer auf.,Я убираю свою комнату.,aufräumen | Ich räume mein Zimmer auf.,"убирать, приводить в порядок | Я убираю свою комнату.",1,21.07.2026,0,0,
10.07.2026,4. Essen und trinken,abholen,-,-,"забирать, встречать",Ich hole dich vom Bahnhof ab.,Я встречу тебя на вокзале.,abholen | Ich hole dich vom Bahnhof ab.,"забирать, встречать | Я встречу тебя на вокзале.",1,21.07.2026,0,0,
10.07.2026,4. Essen und trinken,anfangen (ich fange an; du fängst an; er/sie/es fängt an; Sie fangen an),-,-,начинать,Ich fange heute mit dem Deutschkurs an.,Я начинаю сегодня курс немецкого языка.,anfangen (ich fange an; du fängst an; er/sie/es fängt an; Sie fangen an) | Ich fange heute mit dem Deutschkurs an.,начинать | Я начинаю сегодня курс немецкого языка.,1,21.07.2026,0,0,
10.07.2026,4. Essen und trinken,früh,-,-,рано,Ich stehe heute früh auf.,Я сегодня рано встаю.,früh | Ich stehe heute früh auf.,рано | Я сегодня рано встаю.,1,21.07.2026,0,0,
10.07.2026,4. Essen und trinken,spät,-,-,поздно,Es ist schon spät.,Уже поздно.,spät | Es ist schon spät.,поздно | Уже поздно.,1,21.07.2026,0,0,
10.07.2026,4. Essen und trinken,Pause,die,die Pausen,"перерыв, пауза",Wir machen jetzt eine kurze Pause.,Мы делаем сейчас короткий перерыв.,die Pause | Wir machen jetzt eine kurze Pause.,"перерыв, пауза | Мы делаем сейчас короткий перерыв.",1,21.07.2026,0,0,
10.07.2026,4. Essen und trinken,meistens,-,-,"в большинстве случаев, чаще всего",Ich trinke meistens Kaffee am Morgen.,Я чаще всего пью кофе по утрам.,meistens | Ich trinke meistens Kaffee am Morgen.,"в большинстве случаев, чаще всего | Я чаще всего пью кофе по утрам.",1,21.07.2026,0,0,
10.07.2026,4. Essen und trinken,immer,-,-,всегда,Ich bin immer pünktlich.,Я всегда пунктуален.,immer | Ich bin immer pünktlich.,всегда | Я всегда пунктуален.,1,21.07.2026,0,0,
10.07.2026,4. Essen und trinken,manchmal,-,-,иногда,Manchmal gehe ich ins Kino.,Иногда я хожу в кино.,manchmal | Manchmal gehe ich ins Kino.,иногда | Иногда я хожу в кино.,1,21.07.2026,0,0,
10.07.2026,4. Essen und trinken,selten,-,-,редко,Ich gehe selten ins Kino.,Я редко хожу в кино.,selten | Ich gehe selten ins Kino.,редко | Я редко хожу в кино.,1,21.07.2026,0,0,
10.07.2026,4. Essen und trinken,nie,-,-,никогда,Ich komme nie zu spät.,Я никогда не опаздываю.,nie | Ich komme nie zu spät.,никогда | Я никогда не опаздываю.,1,21.07.2026,0,0,
10.07.2026,4. Essen und trinken,mitkommen,-,-,"идти вместе, пойти с кем-либо",Kommst du mit?,Ты пойдешь со мной?,mitkommen | Kommst du mit?,"идти вместе, пойти с кем-либо | Ты пойдешь со мной?",1,21.07.2026,0,0,
10.07.2026,6. Meine Wohnung,vhs_Lektion 6_Meine Wohnung,-,die Wohnungen,квартира,"Meine Wohnung ist klein, aber schön.","Моя квартира маленькая, но красивая.","Lektion 6_Meine Wohnung | Meine Wohnung ist klein, aber schön.","квартира | Моя квартира маленькая, но красивая.",1,21.07.2026,0,0,2. Дом и быт
10.07.2026,6. Meine Wohnung,Wohnung,die,die Wohnungen,квартира,Ich habe eine neue Wohnung.,У меня есть новая квартира.,die Wohnung | Ich habe eine neue Wohnung.,квартира | У меня есть новая квартира.,1,21.07.2026,0,0,
10.07.2026,6. Meine Wohnung,Küche,die,die Küchen,кухня,Ich koche in der Küche.,Я готовлю на кухне.,die Küche | Ich koche in der Küche.,кухня | Я готовлю на кухне.,1,21.07.2026,0,0,
10.07.2026,6. Meine Wohnung,Balkon,der,die Balkone,балкон,Ich sitze gern auf dem Balkon.,Я люблю сидеть на балконе.,der Balkon | Ich sitze gern auf dem Balkon.,балкон | Я люблю сидеть на балконе.,1,21.07.2026,0,0,
10.07.2026,6. Meine Wohnung,Badezimmer,das,"die Badezimmer, die Bäder",ванная комната,Das Badezimmer ist sehr sauber.,Ванная комната очень чистая.,das Badezimmer | Das Badezimmer ist sehr sauber.,ванная комната | Ванная комната очень чистая.,1,21.07.2026,0,0,
10.07.2026,6. Meine Wohnung,hell,-,Helle,светлый,Das Zimmer ist sehr hell.,Комната очень светлая.,hell | Das Zimmer ist sehr hell.,светлый | Комната очень светлая.,1,21.07.2026,0,0,
10.07.2026,6. Meine Wohnung,Fenster,das,die Fenster,окно,Das Fenster ist offen.,Окно открыто.,das Fenster | Das Fenster ist offen.,окно | Окно открыто.,1,21.07.2026,0,0,
10.07.2026,6. Meine Wohnung,Wohnzimmer,das,die Wohnzimmer,гостиная,Das Wohnzimmer ist groß und hell.,Гостиная большая и светлая.,das Wohnzimmer | Das Wohnzimmer ist groß und hell.,гостиная | Гостиная большая и светлая.,1,21.07.2026,0,0,
10.07.2026,6. Meine Wohnung,Schlafzimmer,das,die Schlafzimmer,спальня,Das Schlafzimmer ist sehr groß.,Спальня очень большая.,das Schlafzimmer | Das Schlafzimmer ist sehr groß.,спальня | Спальня очень большая.,1,21.07.2026,0,0,
10.07.2026,6. Meine Wohnung,Sofa,das,die Sofas,диван,Das Sofa ist sehr bequem.,Диван очень удобный.,das Sofa | Das Sofa ist sehr bequem.,диван | Диван очень удобный.,1,21.07.2026,0,0,
10.07.2026,6. Meine Wohnung,Flur,der,die Flure,"коридор, прихожая",Der Flur ist sehr lang.,Коридор очень длинный.,der Flur | Der Flur ist sehr lang.,"коридор, прихожая | Коридор очень длинный.",1,21.07.2026,0,0,
10.07.2026,6. Meine Wohnung,Haus,das,die Häuser,дом,Das Haus ist groß.,Дом большой.,das Haus | Das Haus ist groß.,дом | Дом большой.,1,21.07.2026,0,0,
10.07.2026,6. Meine Wohnung,Zimmer,das,die Zimmer,комната,Das Zimmer ist groß.,Комната большая.,das Zimmer | Das Zimmer ist groß.,комната | Комната большая.,1,21.07.2026,0,0,
10.07.2026,6. Meine Wohnung,zweihundert,-,-,двести,Das Buch kostet zweihundert Euro.,Книга стоит двести евро.,zweihundert | Das Buch kostet zweihundert Euro.,двести | Книга стоит двести евро.,1,21.07.2026,0,0,
10.07.2026,6. Meine Wohnung,tausend,-,die Tausende,тысяча,Das Buch kostet tausend Euro.,Книга стоит тысячу евро.,tausend | Das Buch kostet tausend Euro.,тысяча | Книга стоит тысячу евро.,1,21.07.2026,0,0,
10.07.2026,6. Meine Wohnung,zweitausend,-,-,две тысячи,Das Auto kostet zweitausend Euro.,Машина стоит две тысячи евро.,zweitausend | Das Auto kostet zweitausend Euro.,две тысячи | Машина стоит две тысячи евро.,1,21.07.2026,0,0,
10.07.2026,6. Meine Wohnung,Geld,das,die Gelder,деньги,Ich habe kein Geld.,У меня нет денег.,das Geld | Ich habe kein Geld.,деньги | У меня нет денег.,1,21.07.2026,0,0,
10.07.2026,6. Meine Wohnung,Auto,das,die Autos,автомобиль,Das Auto ist rot.,Машина красная.,das Auto | Das Auto ist rot.,автомобиль | Машина красная.,1,21.07.2026,0,0,
10.07.2026,6. Meine Wohnung,Keller,der,die Keller,подвал,Das Haus hat einen großen Keller.,У дома есть большой подвал.,der Keller | Das Haus hat einen großen Keller.,подвал | У дома есть большой подвал.,1,21.07.2026,0,0,
10.07.2026,6. Meine Wohnung,Nebenkosten (NK),die,die Nebenkosten,коммунальные платежи,Die Nebenkosten sind in der Miete enthalten.,Коммунальные платежи включены в арендную плату.,die Nebenkosten (NK) | Die Nebenkosten sind in der Miete enthalten.,коммунальные платежи | Коммунальные платежи включены в арендную плату.,1,21.07.2026,0,0,
10.07.2026,6. Meine Wohnung,Stadtmitte,das,die Stadtzentren,центр города,Ich gehe in das Stadtzentrum.,Я иду в центр города.,das Stadtzentrum die Stadtmitte | Ich gehe in das Stadtzentrum.,центр города | Я иду в центр города.,1,21.07.2026,0,0,
10.07.2026,6. Meine Wohnung,Heizung,die,die Heizungen,"отопление, батарея",Die Heizung ist an.,Отопление включено.,die Heizung | Die Heizung ist an.,"отопление, батарея | Отопление включено.",1,21.07.2026,0,0,
10.07.2026,6. Meine Wohnung,Kaution,die,die Kautionen,залог,Ich bezahle die Kaution für die Wohnung.,Я плачу залог за квартиру.,die Kaution | Ich bezahle die Kaution für die Wohnung.,залог | Я плачу залог за квартиру.,1,21.07.2026,0,0,
10.07.2026,6. Meine Wohnung,Strom,der,die Ströme,"ток, электричество, поток",Der Strom ist heute teuer.,Электричество сегодня дорогое.,der Strom | Der Strom ist heute teuer.,"ток, электричество, поток | Электричество сегодня дорогое.",1,21.07.2026,0,0,
10.07.2026,6. Meine Wohnung,dunkel,-,-,тёмный,Es ist schon dunkel.,Уже темно.,dunkel | Es ist schon dunkel.,тёмный | Уже темно.,1,21.07.2026,0,0,
10.07.2026,6. Meine Wohnung,ruhig,-,-,"спокойный, тихий",Das Kind ist ruhig.,Ребенок спокойный.,ruhig | Das Kind ist ruhig.,"спокойный, тихий | Ребенок спокойный.",1,21.07.2026,0,0,
10.07.2026,6. Meine Wohnung,Wohnungsanzeige anzeigen,die,die Wohnungsanzeigen,объявление о сдаче квартиры,Ich lese die Wohnungsanzeige in der Zeitung.,Я читаю объявление о сдаче квартиры в газете.,die Wohnungsanzeige anzeigen | Ich lese die Wohnungsanzeige in der Zeitung.,объявление о сдаче квартиры | Я читаю объявление о сдаче квартиры в газете.,1,21.07.2026,0,0,
10.07.2026,6. Meine Wohnung,Vermieter,der,"die Vermieter, die Vermieterinnen","арендодатель, арендодательница",Der Vermieter ist sehr nett.,Арендодатель очень милый.,der Vermieter | Der Vermieter ist sehr nett.,"арендодатель, арендодательница | Арендодатель очень милый.",1,21.07.2026,0,0,
10.07.2026,6. Meine Wohnung,Dusche,die,die Duschen,душ,Ich nehme jeden Morgen eine Dusche.,Я принимаю душ каждое утро.,die Dusche | Ich nehme jeden Morgen eine Dusche.,душ | Я принимаю душ каждое утро.,1,21.07.2026,0,0,
10.07.2026,6. Meine Wohnung,mieten,-,-,арендовать,Ich möchte ein Zimmer mieten.,Я хочу арендовать комнату.,mieten | Ich möchte ein Zimmer mieten.,арендовать | Я хочу арендовать комнату.,1,21.07.2026,0,0,
10.07.2026,6. Meine Wohnung,Tisch,der,die Tische,стол,Der Tisch ist groß.,Стол большой.,der Tisch | Der Tisch ist groß.,стол | Стол большой.,1,21.07.2026,0,0,
10.07.2026,6. Meine Wohnung,Schrank,der,die Schränke,шкаф,Der Schrank ist groß.,Шкаф большой.,der Schrank | Der Schrank ist groß.,шкаф | Шкаф большой.,1,21.07.2026,0,0,
10.07.2026,6. Meine Wohnung,Teppich,der,die Teppiche,ковер,Der Teppich ist blau.,Ковер синий.,der Teppich | Der Teppich ist blau.,ковер | Ковер синий.,1,21.07.2026,0,0,
10.07.2026,6. Meine Wohnung,Bett,das,die Betten,кровать,Das Bett ist sehr bequem.,Кровать очень удобная.,das Bett | Das Bett ist sehr bequem.,кровать | Кровать очень удобная.,1,21.07.2026,0,0,
10.07.2026,6. Meine Wohnung,Sessel,der,die Sessel,кресло,Ich sitze in dem Sessel.,Я сижу в кресле.,der Sessel | Ich sitze in dem Sessel.,кресло | Я сижу в кресле.,1,21.07.2026,0,0,
10.07.2026,6. Meine Wohnung,Regal,das,die Regale,полка,Das Buch steht im Regal.,Книга стоит на полке.,das Regal | Das Buch steht im Regal.,полка | Книга стоит на полке.,1,21.07.2026,0,0,
10.07.2026,6. Meine Wohnung,Fernseher,der,die Fernseher,телевизор,Ich sehe am Abend fern.,Я смотрю телевизор вечером.,der Fernseher | Ich sehe am Abend fern.,телевизор | Я смотрю телевизор вечером.,1,21.07.2026,0,0,
10.07.2026,6. Meine Wohnung,Herd,der,die Herde,кухонная плита,Der Herd ist in der Küche.,Плита находится на кухне.,der Herd | Der Herd ist in der Küche.,кухонная плита | Плита находится на кухне.,1,21.07.2026,0,0,
10.07.2026,6. Meine Wohnung,Waschmaschine,die,die Waschmaschinen,стиральная машина,Die Waschmaschine ist neu.,Стиральная машина новая.,die Waschmaschine | Die Waschmaschine ist neu.,стиральная машина | Стиральная машина новая.,1,21.07.2026,0,0,
10.07.2026,6. Meine Wohnung,Spülmaschine,die,die Spülmaschinen,посудомоечная машина,Ich räume die Spülmaschine aus.,Я разгружаю посудомоечную машину.,die Spülmaschine | Ich räume die Spülmaschine aus.,посудомоечная машина | Я разгружаю посудомоечную машину.,1,21.07.2026,0,0,
10.07.2026,6. Meine Wohnung,schmal,-,-,узкий,Der Weg ist sehr schmal.,Дорога очень узкая.,schmal | Der Weg ist sehr schmal.,узкий | Дорога очень узкая.,1,21.07.2026,0,0,
10.07.2026,6. Meine Wohnung,breit,-,-,широкий,Die Straße ist sehr breit.,Улица очень широкая.,breit | Die Straße ist sehr breit.,широкий | Улица очень широкая.,1,21.07.2026,0,0,
10.07.2026,6. Meine Wohnung,hässlich,-,-,"некрасивый, уродливый",Das Kleid ist hässlich.,Это платье некрасивое.,hässlich | Das Kleid ist hässlich.,"некрасивый, уродливый | Это платье некрасивое.",1,21.07.2026,0,0,
10.07.2026,6. Meine Wohnung,Geschirr spülen,das,-,мыть посуду,Ich muss heute das Geschirr spülen.,Я должен сегодня помыть посуду.,das Geschirr spülen | Ich muss heute das Geschirr spülen.,мыть посуду | Я должен сегодня помыть посуду.,1,21.07.2026,0,0,
10.07.2026,6. Meine Wohnung,Staub saugen,-,-,пылесосить,Ich muss heute Staub saugen.,Я должен сегодня пропылесосить.,Staub saugen | Ich muss heute Staub saugen.,пылесосить | Я должен сегодня пропылесосить.,1,21.07.2026,0,0,
10.07.2026,6. Meine Wohnung,waschen,-,-,"мыть, стирать",Ich wasche meine Hände.,Я мою свои руки.,waschen | Ich wasche meine Hände.,"мыть, стирать | Я мою свои руки.",1,21.07.2026,0,0,
16.07.2026,3. Deutsch lernen,Lektion 3,-,Lektionen,урок,Wir lernen Lektion 3.,Мы учим урок 3.,Lektion 3 | Wir lernen Lektion 3.,урок | Мы учим урок 3.,1,21.07.2026,0,0,
16.07.2026,5. Mein Tag,Morgen,der,die Morgen,утро,Der Morgen ist sehr schön.,Утро очень красивое.,der Morgen | Der Morgen ist sehr schön.,утро | Утро очень красивое.,1,21.07.2026,0,0,
16.07.2026,5. Mein Tag,Hausaufgaben machen,die,die Hausaufgaben,делать домашнее задание,Ich mache am Nachmittag meine Hausaufgaben.,Я делаю свое домашнее задание во второй половине дня.,die Hausaufgaben machen | Ich mache am Nachmittag meine Hausaufgaben.,делать домашнее задание | Я делаю свое домашнее задание во второй половине дня.,2,29.07.2026,1,1,
16.07.2026,5. Mein Tag,Gitarre spielen,-,Gitarren spielen,играть на гитаре,Ich möchte Gitarre spielen.,Я хочу играть на гитаре.,Gitarre spielen | Ich möchte Gitarre spielen.,играть на гитаре | Я хочу играть на гитаре.,1,21.07.2026,0,0,
16.07.2026,6. Meine Wohnung,Lektion 6,-,Lektionen,урок,Wir machen heute Lektion 6.,Мы сегодня делаем шестой урок.,Lektion 6 | Wir machen heute Lektion 6.,урок | Мы сегодня делаем шестой урок.,1,21.07.2026,0,0,
16.07.2026,6. Meine Wohnung,Kinderzimmer,das,die Kinderzimmer,детская комната,Das Kinderzimmer ist groß und hell.,Детская комната большая и светлая.,das Kinderzimmer | Das Kinderzimmer ist groß und hell.,детская комната | Детская комната большая и светлая.,1,21.07.2026,0,0,
16.07.2026,6. Meine Wohnung,Garage,die,die Garagen,гараж,Das Auto steht in der Garage.,Машина стоит в гараже.,die Garage | Das Auto steht in der Garage.,гараж | Машина стоит в гараже.,1,21.07.2026,0,0,
16.07.2026,6. Meine Wohnung,Garten,der,die Gärten,сад,Ich habe einen schönen Garten.,У меня есть красивый сад.,der Garten | Ich habe einen schönen Garten.,сад | У меня есть красивый сад.,1,21.07.2026,0,0,
16.07.2026,6. Meine Wohnung,Erdgeschoss (EG),das,die Erdgeschosse,первый этаж,Meine Wohnung ist im Erdgeschoss.,Моя квартира находится на первом этаже.,das Erdgeschoss (EG) | Meine Wohnung ist im Erdgeschoss.,первый этаж | Моя квартира находится на первом этаже.,1,21.07.2026,0,0,
16.07.2026,6. Meine Wohnung,Stadtzentrum,das,die Stadtzentren,центр города,Ich gehe in das Stadtzentrum.,Я иду в центр города.,das Stadtzentrum | Ich gehe in das Stadtzentrum.,центр города | Я иду в центр города.,1,21.07.2026,0,0,
16.07.2026,6. Meine Wohnung,Monatsmiete,die,die Monatsmieten,месячная арендная плата,Die Monatsmiete ist 500 Euro.,Месячная арендная плата составляет 500 евро.,die Monatsmiete | Die Monatsmiete ist 500 Euro.,месячная арендная плата | Месячная арендная плата составляет 500 евро.,1,21.07.2026,0,0,
16.07.2026,6. Meine Wohnung,möbliert,-,-,меблированный,Das Zimmer ist möbliert.,Комната меблирована.,möbliert | Das Zimmer ist möbliert.,меблированный | Комната меблирована.,1,21.07.2026,0,0,
16.07.2026,6. Meine Wohnung,laut,-,-,"громкий, громко",Die Musik ist zu laut.,Музыка слишком громкая.,laut | Die Musik ist zu laut.,"громкий, громко | Музыка слишком громкая.",1,21.07.2026,0,0,
16.07.2026,6. Meine Wohnung,billig,-,-,дешевый,Das Buch ist sehr billig.,Эта книга очень дешевая.,billig | Das Buch ist sehr billig.,дешевый | Эта книга очень дешевая.,1,21.07.2026,0,0,
16.07.2026,6. Meine Wohnung,Wohnungsanzeige,die,die Wohnungsanzeigen,объявление о сдаче квартиры,Ich lese die Wohnungsanzeige in der Zeitung.,Я читаю объявление о сдаче квартиры в газете.,die Wohnungsanzeige | Ich lese die Wohnungsanzeige in der Zeitung.,объявление о сдаче квартиры | Я читаю объявление о сдаче квартиры в газете.,1,21.07.2026,0,0,
16.07.2026,6. Meine Wohnung,gemütlich,-,-,уютный,Das Zimmer ist gemütlich.,Комната уютная.,gemütlich | Das Zimmer ist gemütlich.,уютный | Комната уютная.,1,21.07.2026,0,0,
16.07.2026,6. Meine Wohnung,Kühlschrank,der,die Kühlschränke,холодильник,Der Kühlschrank ist leer.,Холодильник пустой.,der Kühlschrank | Der Kühlschrank ist leer.,холодильник | Холодильник пустой.,1,21.07.2026,0,0,
16.07.2026,6. Meine Wohnung,Möbel,das,die Möbel,мебель,Ich kaufe neue Möbel für mein Zimmer.,Я покупаю новую мебель для своей комнаты.,das Möbel | Ich kaufe neue Möbel für mein Zimmer.,мебель | Я покупаю новую мебель для своей комнаты.,1,21.07.2026,0,0,
21.07.2026,7. In der Stadt,vhs_Lektion 7_In der Stadt,,-,В городе,Ich wohne in der Stadt.,Я живу в городе.,,,1,21.07.2026,0,0,
16.07.2026,7. In der Stadt,Parkplatz,der,die Parkplätze,парковка,Hier ist ein Parkplatz für mein Auto.,Здесь есть парковка для моей машины.,der Parkplatz | Hier ist ein Parkplatz für mein Auto.,парковка | Здесь есть парковка для моей машины.,1,21.07.2026,0,0,
16.07.2026,7. In der Stadt,Linie,die,die Linien,линия,Ich zeichne eine Linie.,Я рисую линию.,die Linie | Ich zeichne eine Linie.,линия | Я рисую линию.,1,21.07.2026,0,0,
16.07.2026,7. In der Stadt,U-Bahn,die,die U-Bahnen,метро,Ich fahre mit der U-Bahn zur Arbeit.,Я еду на метро на работу.,die U-Bahn | Ich fahre mit der U-Bahn zur Arbeit.,метро | Я еду на метро на работу.,1,21.07.2026,0,0,
16.07.2026,7. In der Stadt,Straßenbahn,die,die Straßenbahnen,трамвай,Ich fahre mit der Straßenbahn zur Arbeit.,Я еду на работу на трамвае.,die Straßenbahn | Ich fahre mit der Straßenbahn zur Arbeit.,трамвай | Я еду на работу на трамвае.,1,21.07.2026,0,0,
16.07.2026,7. In der Stadt,Fahrrad,das,die Fahrräder,велосипед,Ich fahre mit dem Fahrrad zur Arbeit.,Я еду на работу на велосипеде.,das Fahrrad | Ich fahre mit dem Fahrrad zur Arbeit.,велосипед | Я еду на работу на велосипеде.,1,21.07.2026,0,0,
16.07.2026,7. In der Stadt,Zug,der,die Züge,поезд,Der Zug fährt um zehn Uhr ab.,Поезд отправляется в десять часов.,der Zug | Der Zug fährt um zehn Uhr ab.,поезд | Поезд отправляется в десять часов.,1,21.07.2026,0,0,
16.07.2026,7. In der Stadt,zu Fuß gehen,-,-,идти пешком,Ich gehe heute zur Schule zu Fuß.,Я сегодня иду в школу пешком.,zu Fuß gehen | Ich gehe heute zur Schule zu Fuß.,идти пешком | Я сегодня иду в школу пешком.,1,21.07.2026,0,0,
16.07.2026,7. In der Stadt,Verkehrsmittel,das,die Verkehrsmittel,транспортное средство,Das Fahrrad ist ein umweltfreundliches Verkehrsmittel.,Велосипед — это экологически чистое транспортное средство.,das Verkehrsmittel | Das Fahrrad ist ein umweltfreundliches Verkehrsmittel.,транспортное средство | Велосипед — это экологически чистое транспортное средство.,1,21.07.2026,0,0,
16.07.2026,7. In der Stadt,ankommen,-,-,"прибывать, приходить",Der Zug kommt um zehn Uhr an.,Поезд прибывает в десять часов.,ankommen | Der Zug kommt um zehn Uhr an.,"прибывать, приходить | Поезд прибывает в десять часов.",1,21.07.2026,0,0,
16.07.2026,7. In der Stadt,Bahnhof,der,die Bahnhöfe,вокзал,Ich warte am Bahnhof auf dich.,Я жду тебя на вокзале.,der Bahnhof | Ich warte am Bahnhof auf dich.,вокзал | Я жду тебя на вокзале.,1,21.07.2026,0,0,
16.07.2026,7. In der Stadt,Haltestelle,die,die Haltestellen,остановка,Ich warte an der Haltestelle auf den Bus.,Я жду автобус на остановке.,die Haltestelle | Ich warte an der Haltestelle auf den Bus.,остановка | Я жду автобус на остановке.,1,21.07.2026,0,0,
16.07.2026,7. In der Stadt,Fahrplan,der,die Fahrpläne,расписание движения,Ich lese den Fahrplan.,Я читаю расписание.,der Fahrplan | Ich lese den Fahrplan.,расписание движения | Я читаю расписание.,1,21.07.2026,0,0,
16.07.2026,7. In der Stadt,Apotheke,die,die Apotheken,аптека,Ich gehe in die Apotheke.,Я иду в аптеку.,die Apotheke | Ich gehe in die Apotheke.,аптека | Я иду в аптеку.,1,21.07.2026,0,0,
16.07.2026,7. In der Stadt,suchen,-,-,искать,Ich suche meinen Schlüssel.,Я ищу свой ключ.,suchen | Ich suche meinen Schlüssel.,искать | Я ищу свой ключ.,1,21.07.2026,0,0,
16.07.2026,7. In der Stadt,Bücherei,die,die Büchereien,библиотека,Ich gehe heute in die Bücherei.,Я иду сегодня в библиотеку.,die Bücherei | Ich gehe heute in die Bücherei.,библиотека | Я иду сегодня в библиотеку.,1,21.07.2026,0,0,
16.07.2026,7. In der Stadt,Rathaus,das,die Rathäuser,ратуша,Das Rathaus ist im Stadtzentrum.,Ратуша находится в центре города.,das Rathaus | Das Rathaus ist im Stadtzentrum.,ратуша | Ратуша находится в центре города.,1,21.07.2026,0,0,
16.07.2026,7. In der Stadt,Bank,die,die Banken,банк; скамейка,Ich gehe zur Bank.,Я иду в банк.,die Bank | Ich gehe zur Bank.,банк; скамейка | Я иду в банк.,1,21.07.2026,0,0,
16.07.2026,7. In der Stadt,Schule,die,die Schulen,школа,Ich gehe in die Schule.,Я иду в школу.,die Schule | Ich gehe in die Schule.,школа | Я иду в школу.,1,21.07.2026,0,0,
16.07.2026,7. In der Stadt,Park,der,die Parks,парк,Ich gehe heute in den Park.,Я иду сегодня в парк.,der Park | Ich gehe heute in den Park.,парк | Я иду сегодня в парк.,1,21.07.2026,0,0,
16.07.2026,7. In der Stadt,Polizei,die,-,полиция,Die Polizei hilft den Menschen.,Полиция помогает людям.,die Polizei | Die Polizei hilft den Menschen.,полиция | Полиция помогает людям.,1,21.07.2026,0,0,
16.07.2026,7. In der Stadt,Museum,das,die Museen,музей,Ich gehe heute in das Museum.,Я иду сегодня в музей.,das Museum | Ich gehe heute in das Museum.,музей | Я иду сегодня в музей.,1,21.07.2026,0,0,
16.07.2026,7. In der Stadt,Friseur,der,die Friseure,парикмахер,Ich gehe heute zum Friseur.,Я иду сегодня к парикмахеру.,der Friseur | Ich gehe heute zum Friseur.,парикмахер | Я иду сегодня к парикмахеру.,1,21.07.2026,0,0,
16.07.2026,7. In der Stadt,Krankenhaus,das,die Krankenhäuser,больница,Das Krankenhaus ist groß.,Больница большая.,das Krankenhaus | Das Krankenhaus ist groß.,больница | Больница большая.,1,21.07.2026,0,0,
16.07.2026,7. In der Stadt,Kirche,die,die Kirchen,церковь,Ich gehe am Sonntag in die Kirche.,Я иду в воскресенье в церковь.,die Kirche | Ich gehe am Sonntag in die Kirche.,церковь | Я иду в воскресенье в церковь.,1,21.07.2026,0,0,
16.07.2026,7. In der Stadt,Bäckerei,die,die Bäckereien,пекарня,Ich kaufe Brot in der Bäckerei.,Я покупаю хлеб в пекарне.,die Bäckerei | Ich kaufe Brot in der Bäckerei.,пекарня | Я покупаю хлеб в пекарне.,1,21.07.2026,0,0,
16.07.2026,7. In der Stadt,schwimmen,-,-,плавать,Ich schwimme gern im Sommer.,Я люблю плавать летом.,schwimmen | Ich schwimme gern im Sommer.,плавать | Я люблю плавать летом.,1,21.07.2026,0,0,
16.07.2026,7. In der Stadt,Spielplatz,der,die Spielplätze,детская площадка,Das Kind spielt auf dem Spielplatz.,Ребенок играет на детской площадке.,der Spielplatz | Das Kind spielt auf dem Spielplatz.,детская площадка | Ребенок играет на детской площадке.,1,21.07.2026,0,0,
16.07.2026,7. In der Stadt,W-Lan,das,die W-Lans,"Wi-Fi, беспроводная сеть",Ich habe hier ein W-Lan.,У меня здесь есть Wi-Fi.,das W-Lan | Ich habe hier ein W-Lan.,"Wi-Fi, беспроводная сеть | У меня здесь есть Wi-Fi.",1,21.07.2026,0,0,
16.07.2026,7. In der Stadt,Taxi,das,die Taxis,такси,Ich nehme ein Taxi zum Bahnhof.,Я еду на такси до вокзала.,das Taxi | Ich nehme ein Taxi zum Bahnhof.,такси | Я еду на такси до вокзала.,1,21.07.2026,0,0,
16.07.2026,7. In der Stadt,Norden,der,-,север,Ich wohne im Norden von Deutschland.,Я живу на севере Германии.,der Norden | Ich wohne im Norden von Deutschland.,север | Я живу на севере Германии.,1,21.07.2026,0,0,
16.07.2026,7. In der Stadt,Osten,der,-,восток,Berlin liegt im Osten von Deutschland.,Берлин находится на востоке Германии.,der Osten | Berlin liegt im Osten von Deutschland.,восток | Берлин находится на востоке Германии.,1,21.07.2026,0,0,
16.07.2026,7. In der Stadt,Süden,der,-,юг,Ich wohne im Süden von Deutschland.,Я живу на юге Германии.,der Süden | Ich wohne im Süden von Deutschland.,юг | Я живу на юге Германии.,1,21.07.2026,0,0,
16.07.2026,7. In der Stadt,Westen,der,-,запад,Ich wohne im Westen von Deutschland.,Я живу на западе Германии.,der Westen | Ich wohne im Westen von Deutschland.,запад | Я живу на западе Германии.,1,21.07.2026,0,0,
16.07.2026,7. In der Stadt,aussteigen,-,-,выходить (из транспорта),Ich steige an der nächsten Haltestelle aus.,Я выхожу на следующей остановке.,aussteigen | Ich steige an der nächsten Haltestelle aus.,выходить (из транспорта) | Я выхожу на следующей остановке.,1,21.07.2026,0,0,
16.07.2026,7. In der Stadt,einsteigen,-,-,садиться (в транспорт),Ich steige in den Bus ein.,Я сажусь в автобус.,einsteigen | Ich steige in den Bus ein.,садиться (в транспорт) | Я сажусь в автобус.,1,21.07.2026,0,0,
16.07.2026,7. In der Stadt,rechts,-,-,"направо, справа",Das Museum ist rechts.,Музей находится справа.,rechts | Das Museum ist rechts.,"направо, справа | Музей находится справа.",1,21.07.2026,0,0,
16.07.2026,7. In der Stadt,links,-,-,"слева, налево",Das Restaurant ist links.,Ресторан находится слева.,links | Das Restaurant ist links.,"слева, налево | Ресторан находится слева.",1,21.07.2026,0,0,
16.07.2026,7. In der Stadt,geradeaus,-,-,прямо,Gehen Sie bitte geradeaus.,"Идите, пожалуйста, прямо.",geradeaus | Gehen Sie bitte geradeaus.,"прямо | Идите, пожалуйста, прямо.",1,21.07.2026,0,0,
16.07.2026,7. In der Stadt,Kreuzung,die,die Kreuzungen,перекресток,An der Kreuzung gehen wir nach links.,На перекрестке мы идем налево.,die Kreuzung | An der Kreuzung gehen wir nach links.,перекресток | На перекрестке мы идем налево.,1,21.07.2026,0,0,
16.07.2026,7. In der Stadt,Ampel,die,die Ampeln,светофор,Die Ampel ist rot.,Светофор красный.,die Ampel | Die Ampel ist rot.,светофор | Светофор красный.,1,21.07.2026,0,0,
16.07.2026,7. In der Stadt,umsteigen,-,-,пересаживаться,Ich muss in Berlin umsteigen.,Я должен сделать пересадку в Берлине.,umsteigen | Ich muss in Berlin umsteigen.,пересаживаться | Я должен сделать пересадку в Берлине.,1,21.07.2026,0,0,
16.07.2026,7. In der Stadt,abbiegen,-,-,поворачивать,Hier müssen Sie links abbiegen.,Здесь вы должны повернуть налево.,abbiegen | Hier müssen Sie links abbiegen.,поворачивать | Здесь вы должны повернуть налево.,1,21.07.2026,0,0,
16.07.2026,7. In der Stadt,holen,-,-,"приносить, забирать",Ich hole das Kind von der Schule ab.,Я забираю ребенка из школы.,holen | Ich hole das Kind von der Schule ab.,"приносить, забирать | Я забираю ребенка из школы.",1,21.07.2026,0,0,
16.07.2026,7. In der Stadt,Fahrkarte,die,die Fahrkarten / die Tickets,билет,Ich kaufe eine Fahrkarte für den Zug.,Я покупаю билет на поезд.,die Fahrkarte | Ich kaufe eine Fahrkarte für den Zug.,билет | Я покупаю билет на поезд.,1,21.07.2026,0,0,
16.07.2026,7. In der Stadt,Schein,der,die Scheine,"банкнота, купюра, свидетельство",Ich habe einen Schein in meiner Tasche.,У меня в кармане есть банкнота.,der Schein | Ich habe einen Schein in meiner Tasche.,"банкнота, купюра, свидетельство | У меня в кармане есть банкнота.",1,21.07.2026,0,0,
16.07.2026,7. In der Stadt,EC-Karte,die,die EC-Karten,банковская карта,Ich bezahle mit der EC-Karte.,Я плачу банковской картой.,die EC-Karte | Ich bezahle mit der EC-Karte.,банковская карта | Я плачу банковской картой.,1,21.07.2026,0,0,
16.07.2026,7. In der Stadt,Münze,die,die Münzen,монета,Ich habe eine Münze in der Tasche.,У меня в кармане есть монета.,die Münze | Ich habe eine Münze in der Tasche.,монета | У меня в кармане есть монета.,1,21.07.2026,0,0,
16.07.2026,7. In der Stadt,Erwachsene,der,die Erwachsenen,взрослый,Der Erwachsene liest ein Buch.,Взрослый читает книгу.,der Erwachsene | Der Erwachsene liest ein Buch.,взрослый | Взрослый читает книгу.,1,21.07.2026,0,0,
16.07.2026,7. In der Stadt,Verspätung,die,die Verspätungen,"опоздание, задержка",Der Zug hat eine Verspätung.,Поезд опаздывает.,die Verspätung | Der Zug hat eine Verspätung.,"опоздание, задержка | Поезд опаздывает.",1,21.07.2026,0,0,
16.07.2026,7. In der Stadt,Information,die,die Informationen,информация,Ich brauche mehr Informationen.,Мне нужно больше информации.,die Information | Ich brauche mehr Informationen.,информация | Мне нужно больше информации.,1,21.07.2026,0,0,
16.07.2026,7. In der Stadt,Toilette,die,die Toiletten,туалет,Wo ist die Toilette?,Где находится туалет?,die Toilette | Wo ist die Toilette?,туалет | Где находится туалет?,1,21.07.2026,0,0,
16.07.2026,7. In der Stadt,warten,-,-,ждать,Ich warte auf den Bus.,Я жду автобус.,warten | Ich warte auf den Bus.,ждать | Я жду автобус.,1,21.07.2026,0,0,
21.07.2026,8. Arbeit und Beruf,vhs_Lektion 8_Arbeit und Beruf,-,-,работа и профессия,Heute sprechen wir über Arbeit und Beruf.,Сегодня мы говорим о работе и профессии.,,,1,21.07.2026,0,0,
16.07.2026,8. Arbeit und Beruf,Krankenpfleger,der,"die Krankenpfleger, die Krankenpflegerinnen","медицинский брат, медицинская сестра",Der Krankenpfleger hilft dem Patienten.,Медицинский брат помогает пациенту.,der Krankenpfleger | Der Krankenpfleger hilft dem Patienten.,"медицинский брат, медицинская сестра | Медицинский брат помогает пациенту.",1,21.07.2026,0,0,
16.07.2026,8. Arbeit und Beruf,Kellner,der,"die Kellner, die Kellnerinnen","официант, официантка",Der Kellner bringt das Essen.,Официант приносит еду.,der Kellner | Der Kellner bringt das Essen.,"официант, официантка | Официант приносит еду.",1,21.07.2026,0,0,
16.07.2026,8. Arbeit und Beruf,Bankkaufmann,der,die Bankkaufleute,банковский служащий / банковская служащая,Mein Bruder ist Bankkaufmann.,Мой брат — банковский служащий.,der Bankkaufmann | Mein Bruder ist Bankkaufmann.,банковский служащий / банковская служащая | Мой брат — банковский служащий.,1,21.07.2026,0,0,
16.07.2026,8. Arbeit und Beruf,Polizist,der,"die Polizisten, die Polizistinnen","полицейский, полицейская",Der Polizist hilft mir.,Полицейский помогает мне.,der Polizist | Der Polizist hilft mir.,"полицейский, полицейская | Полицейский помогает мне.",1,21.07.2026,0,0,
16.07.2026,8. Arbeit und Beruf,Verkäufer,der,"die Verkäufer, die Verkäuferinnen","продавец, продавщица",Der Verkäufer hilft mir beim Einkauf.,Продавец помогает мне с покупкой.,der Verkäufer | Der Verkäufer hilft mir beim Einkauf.,"продавец, продавщица | Продавец помогает мне с покупкой.",1,21.07.2026,0,0,
16.07.2026,8. Arbeit und Beruf,Koch,der,"die Köche, die Köchinnen","повар, повариха",Mein Vater ist ein guter Koch.,Мой отец — хороший повар.,der Koch | Mein Vater ist ein guter Koch.,"повар, повариха | Мой отец — хороший повар.",1,21.07.2026,0,0,
16.07.2026,8. Arbeit und Beruf,Arzt,der,"die Ärzte, die Ärztinnen",врач,Der Arzt hilft dem Patienten.,Врач помогает пациенту.,der Arzt | Der Arzt hilft dem Patienten.,врач | Врач помогает пациенту.,1,21.07.2026,0,0,
16.07.2026,8. Arbeit und Beruf,servieren,-,-,подавать (еду),Der Kellner serviert das Essen.,Официант подает еду.,servieren | Der Kellner serviert das Essen.,подавать (еду) | Официант подает еду.,1,21.07.2026,0,0,
16.07.2026,8. Arbeit und Beruf,Kunde,der,die Kunden,"клиент, покупатель",Der Kunde kauft ein Brot.,Клиент покупает хлеб.,der Kunde | Der Kunde kauft ein Brot.,"клиент, покупатель | Клиент покупает хлеб.",1,21.07.2026,0,0,
16.07.2026,8. Arbeit und Beruf,unterrichten,-,-,"преподавать, обучать",Der Lehrer unterrichtet Deutsch.,Учитель преподает немецкий язык.,unterrichten | Der Lehrer unterrichtet Deutsch.,"преподавать, обучать | Учитель преподает немецкий язык.",1,21.07.2026,0,0,
16.07.2026,8. Arbeit und Beruf,Büro,das,die Büros,"офис, кабинет",Ich arbeite in einem großen Büro.,Я работаю в большом офисе.,das Büro | Ich arbeite in einem großen Büro.,"офис, кабинет | Я работаю в большом офисе.",1,21.07.2026,0,0,
16.07.2026,8. Arbeit und Beruf,Bürokaufmann,der,die Bürokaufleute,"офисный клерк, специалист по офисному администрированию",Der Bürokaufmann arbeitet im Büro.,Офисный клерк работает в офисе.,der Bürokaufmann | Der Bürokaufmann arbeitet im Büro.,"офисный клерк, специалист по офисному администрированию | Офисный клерк работает в офисе.",1,21.07.2026,0,0,
16.07.2026,8. Arbeit und Beruf,Ingenieur,der,"die Ingenieure, die Ingenieurinnen",инженер,Mein Vater ist Ingenieur.,Мой отец — инженер.,der Ingenieur | Mein Vater ist Ingenieur.,инженер | Мой отец — инженер.,1,21.07.2026,0,0,
16.07.2026,8. Arbeit und Beruf,Hotel,das,die Hotels,отель,Das Hotel ist sehr groß.,Отель очень большой.,das Hotel | Das Hotel ist sehr groß.,отель | Отель очень большой.,1,21.07.2026,0,0,
16.07.2026,8. Arbeit und Beruf,backen,-,-,печь,Ich backe einen Kuchen.,Я пеку пирог.,backen | Ich backe einen Kuchen.,печь | Я пеку пирог.,1,21.07.2026,0,0,
16.07.2026,8. Arbeit und Beruf,organisieren,-,-,организовывать,Ich organisiere eine Party.,Я организую вечеринку.,organisieren | Ich organisiere eine Party.,организовывать | Я организую вечеринку.,1,21.07.2026,0,0,
16.07.2026,8. Arbeit und Beruf,reparieren,-,-,"ремонтировать, чинить",Ich repariere mein Fahrrad.,Я чиню свой велосипед.,reparieren | Ich repariere mein Fahrrad.,"ремонтировать, чинить | Я чиню свой велосипед.",1,21.07.2026,0,0,
16.07.2026,8. Arbeit und Beruf,schneiden,-,-,резать,Ich schneide das Brot.,Я режу хлеб.,schneiden | Ich schneide das Brot.,резать | Я режу хлеб.,1,21.07.2026,0,0,
16.07.2026,8. Arbeit und Beruf,singen,-,-,петь,Wir singen ein Lied.,Мы поем песню.,singen | Wir singen ein Lied.,петь | Мы поем песню.,1,21.07.2026,0,0,
16.07.2026,8. Arbeit und Beruf,zu Hause bleiben,-,-,оставаться дома,Heute bleibe ich zu Hause.,Сегодня я остаюсь дома.,zu Hause bleiben | Heute bleibe ich zu Hause.,оставаться дома | Сегодня я остаюсь дома.,1,21.07.2026,0,0,
16.07.2026,8. Arbeit und Beruf,müssen (ich muss; du musst; er/sie/es muss; Sie müssen),-,-,"должен, быть обязанным",Ich muss heute arbeiten.,Я должен сегодня работать.,müssen (ich muss; du musst; er/sie/es muss; Sie müssen) | Ich muss heute arbeiten.,"должен, быть обязанным | Я должен сегодня работать.",1,21.07.2026,0,0,
16.07.2026,8. Arbeit und Beruf,leise,-,-,"тихий, тихо",Bitte sei leise.,"Пожалуйста, будь тише.",leise | Bitte sei leise.,"тихий, тихо | Пожалуйста, будь тише.",1,21.07.2026,0,0,
16.07.2026,8. Arbeit und Beruf,parken,-,-,парковаться,Ich parke hier mein Auto.,Я паркую здесь свою машину.,parken | Ich parke hier mein Auto.,парковаться | Я паркую здесь свою машину.,1,21.07.2026,0,0,
16.07.2026,8. Arbeit und Beruf,Feierabend,der,die Feierabende,конец рабочего дня,Ich habe um 17 Uhr Feierabend.,У меня заканчивается рабочий день в 17 часов.,der Feierabend | Ich habe um 17 Uhr Feierabend.,конец рабочего дня | У меня заканчивается рабочий день в 17 часов.,1,21.07.2026,0,0,
16.07.2026,8. Arbeit und Beruf,Dienstplan,der,die Dienstpläne,"график дежурств, график работы",Ich sehe meinen Dienstplan für nächste Woche.,Я смотрю свой график работы на следующую неделю.,der Dienstplan | Ich sehe meinen Dienstplan für nächste Woche.,"график дежурств, график работы | Я смотрю свой график работы на следующую неделю.",1,21.07.2026,0,0,
16.07.2026,8. Arbeit und Beruf,unterschreiben,-,-,подписывать,Bitte unterschreiben Sie hier.,"Пожалуйста, подпишите здесь.",unterschreiben | Bitte unterschreiben Sie hier.,"подписывать | Пожалуйста, подпишите здесь.",1,21.07.2026,0,0,
16.07.2026,8. Arbeit und Beruf,Schüler,der,die Schüler,ученик,Der Schüler lernt Deutsch.,Ученик учит немецкий язык.,der Schüler | Der Schüler lernt Deutsch.,ученик | Ученик учит немецкий язык.,1,21.07.2026,0,0,
16.07.2026,8. Arbeit und Beruf,eine Ausbildung machen,-,Ausbildungen,получать профессиональное образование / проходить производственное обучение,Ich mache eine Ausbildung als Koch.,Я получаю профессиональное образование повара.,eine Ausbildung machen | Ich mache eine Ausbildung als Koch.,получать профессиональное образование / проходить производственное обучение | Я получаю профессиональное образование повара.,1,21.07.2026,0,0,
16.07.2026,8. Arbeit und Beruf,Aushilfe,die,die Aushilfen,"временный работник, подработка",Ich arbeite als Aushilfe im Supermarkt.,Я работаю временным работником в супермаркете.,die Aushilfe | Ich arbeite als Aushilfe im Supermarkt.,"временный работник, подработка | Я работаю временным работником в супермаркете.",1,21.07.2026,0,0,
16.07.2026,8. Arbeit und Beruf,Geld verdienen,-,-,зарабатывать деньги,Ich möchte viel Geld verdienen.,Я хочу зарабатывать много денег.,Geld verdienen | Ich möchte viel Geld verdienen.,зарабатывать деньги | Я хочу зарабатывать много денег.,1,21.07.2026,0,0,
16.07.2026,8. Arbeit und Beruf,Schuh,der,die Schuhe,"ботинок, туфля",Ich kaufe neue Schuhe.,Я покупаю новые туфли.,der Schuh | Ich kaufe neue Schuhe.,"ботинок, туфля | Я покупаю новые туфли.",1,21.07.2026,0,0,
16.07.2026,8. Arbeit und Beruf,Arbeitszeit,die,die Arbeitszeiten,рабочее время,Meine Arbeitszeit beginnt um acht Uhr.,Мое рабочее время начинается в восемь часов.,die Arbeitszeit | Meine Arbeitszeit beginnt um acht Uhr.,рабочее время | Мое рабочее время начинается в восемь часов.,1,21.07.2026,0,0,
16.07.2026,8. Arbeit und Beruf,freundlich,-,-,дружелюбный,Er ist sehr freundlich.,Он очень дружелюбный.,freundlich | Er ist sehr freundlich.,дружелюбный | Он очень дружелюбный.,1,21.07.2026,0,0,
16.07.2026,8. Arbeit und Beruf,fl exibel,-,-,гибкий,Ich bin am Montag flexibel.,Я гибок в понедельник (у меня есть время).,fl exibel | Ich bin am Montag flexibel.,гибкий | Я гибок в понедельник (у меня есть время).,1,21.07.2026,0,0,
16.07.2026,8. Arbeit und Beruf,pünktlich,-,-,"пунктуальный, вовремя",Der Zug ist pünktlich.,Поезд прибывает вовремя.,pünktlich | Der Zug ist pünktlich.,"пунктуальный, вовремя | Поезд прибывает вовремя.",1,21.07.2026,0,0,
16.07.2026,8. Arbeit und Beruf,frei haben,-,-,"быть свободным, иметь выходной",Ich habe morgen frei.,Завтра у меня выходной.,frei haben | Ich habe morgen frei.,"быть свободным, иметь выходной | Завтра у меня выходной.",1,21.07.2026,0,0,
16.07.2026,8. Arbeit und Beruf,Stellenanzeige,die,die Stellenanzeigen,объявление о вакансии,Ich lese die Stellenanzeige in der Zeitung.,Я читаю объявление о вакансии в газете.,die Stellenanzeige | Ich lese die Stellenanzeige in der Zeitung.,объявление о вакансии | Я читаю объявление о вакансии в газете.,1,21.07.2026,0,0,
21.07.2026,9. Beim Arzt,vhs_Lektion 9_Beim Arzt,-,-,у врача,Ich bin heute beim Arzt.,Я сегодня у врача.,,,1,21.07.2026,0,0,
16.07.2026,9. Beim Arzt,krank,-,-,больной,Ich bin heute krank.,Я сегодня болен.,krank | Ich bin heute krank.,больной | Я сегодня болен.,1,21.07.2026,0,0,
16.07.2026,9. Beim Arzt,Hals,der,die Hälse,"шея, горло",Mein Hals tut weh.,У меня болит горло.,der Hals | Mein Hals tut weh.,"шея, горло | У меня болит горло.",1,21.07.2026,0,0,
16.07.2026,9. Beim Arzt,Husten,der,Sg.,кашель,Ich habe einen starken Husten.,У меня сильный кашель.,der Husten | Ich habe einen starken Husten.,кашель | У меня сильный кашель.,1,21.07.2026,0,0,
16.07.2026,9. Beim Arzt,Schnupfen,der,Sg.,насморк,Ich habe einen Schnupfen.,У меня насморк.,der Schnupfen | Ich habe einen Schnupfen.,насморк | У меня насморк.,1,21.07.2026,0,0,
16.07.2026,9. Beim Arzt,Mund,der,die Münder,рот,Mach bitte den Mund auf.,"Открой, пожалуйста, рот.",der Mund | Mach bitte den Mund auf.,"рот | Открой, пожалуйста, рот.",1,21.07.2026,0,0,
16.07.2026,9. Beim Arzt,entzündet,-,-,воспаленный,Mein Finger ist entzündet.,Мой палец воспален.,entzündet | Mein Finger ist entzündet.,воспаленный | Мой палец воспален.,1,21.07.2026,0,0,
16.07.2026,9. Beim Arzt,Fieber,das,die Fieber,"температура, жар",Ich habe heute Fieber.,У меня сегодня температура.,das Fieber | Ich habe heute Fieber.,"температура, жар | У меня сегодня температура.",1,21.07.2026,0,0,
16.07.2026,9. Beim Arzt,Rezept,-,die Rezepte,рецепт,Ich brauche ein Rezept für diesen Kuchen.,Мне нужен рецепт для этого пирога.,Rezept | Ich brauche ein Rezept für diesen Kuchen.,рецепт | Мне нужен рецепт для этого пирога.,1,21.07.2026,0,0,
16.07.2026,9. Beim Arzt,Medikament,das,die Medikamente,лекарство,Ich brauche ein Medikament gegen Kopfschmerzen.,Мне нужно лекарство от головной боли.,das Medikament | Ich brauche ein Medikament gegen Kopfschmerzen.,лекарство | Мне нужно лекарство от головной боли.,1,21.07.2026,0,0,
16.07.2026,9. Beim Arzt,Kopf,der,die Köpfe,голова,Mein Kopf tut weh.,У меня болит голова.,der Kopf | Mein Kopf tut weh.,голова | У меня болит голова.,1,21.07.2026,0,0,
16.07.2026,9. Beim Arzt,Bauch,der,die Bäuche,живот,Mein Bauch tut weh.,У меня болит живот.,der Bauch | Mein Bauch tut weh.,живот | У меня болит живот.,1,21.07.2026,0,0,
16.07.2026,9. Beim Arzt,Bein,das,die Beine,нога,Mein Bein tut weh.,У меня болит нога.,das Bein | Mein Bein tut weh.,нога | У меня болит нога.,1,21.07.2026,0,0,
16.07.2026,9. Beim Arzt,Fuß,der,die Füße,нога (ступня),Mein Fuß tut weh.,У меня болит нога.,der Fuß | Mein Fuß tut weh.,нога (ступня) | У меня болит нога.,1,21.07.2026,0,0,
16.07.2026,9. Beim Arzt,Arm,der,die Arme,рука (от плеча до кисти),Ich habe zwei Arme.,У меня две руки.,der Arm | Ich habe zwei Arme.,рука (от плеча до кисти) | У меня две руки.,1,21.07.2026,0,0,
16.07.2026,9. Beim Arzt,Hand,die,die Hände,рука (кисть),Ich wasche meine Hände.,Я мою свои руки.,die Hand | Ich wasche meine Hände.,рука (кисть) | Я мою свои руки.,1,21.07.2026,0,0,
16.07.2026,9. Beim Arzt,Nase,die,die Nasen,нос,Ich habe eine kleine Nase.,У меня маленький нос.,die Nase | Ich habe eine kleine Nase.,нос | У меня маленький нос.,1,21.07.2026,0,0,
16.07.2026,9. Beim Arzt,Auge,das,die Augen,глаз,Ich habe zwei Augen.,У меня два глаза.,das Auge | Ich habe zwei Augen.,глаз | У меня два глаза.,1,21.07.2026,0,0,
16.07.2026,9. Beim Arzt,Ohr,das,die Ohren,ухо,Ich habe zwei Ohren.,У меня два уха.,das Ohr | Ich habe zwei Ohren.,ухо | У меня два уха.,1,21.07.2026,0,0,
16.07.2026,9. Beim Arzt,Zahn,der,die Zähne,зуб,Ich putze meine Zähne jeden Tag.,Я чищу свои зубы каждый день.,der Zahn | Ich putze meine Zähne jeden Tag.,зуб | Я чищу свои зубы каждый день.,1,21.07.2026,0,0,
16.07.2026,9. Beim Arzt,Haar,das,die Haare,"волос, волосы",Sie hat lange blonde Haare.,У неё длинные светлые волосы.,das Haar | Sie hat lange blonde Haare.,"волос, волосы | У неё длинные светлые волосы.",1,21.07.2026,0,0,
16.07.2026,9. Beim Arzt,Gesicht,das,die Gesichter,лицо,Sie hat ein freundliches Gesicht.,У неё приветливое лицо.,das Gesicht | Sie hat ein freundliches Gesicht.,лицо | У неё приветливое лицо.,1,21.07.2026,0,0,
16.07.2026,9. Beim Arzt,Rücken,der,die Rücken,спина,Mein Rücken tut weh.,У меня болит спина.,der Rücken | Mein Rücken tut weh.,спина | У меня болит спина.,1,21.07.2026,0,0,
16.07.2026,9. Beim Arzt,Patient,der,"die Patienten, die Patientinnen","пациент, пациентка",Der Patient ist krank.,Пациент болен.,der Patient | Der Patient ist krank.,"пациент, пациентка | Пациент болен.",1,21.07.2026,0,0,
16.07.2026,9. Beim Arzt,Finger,der,die Finger,палец,Ich habe zehn Finger.,У меня десять пальцев.,der Finger | Ich habe zehn Finger.,палец | У меня десять пальцев.,1,21.07.2026,0,0,
16.07.2026,9. Beim Arzt,Erkältung,die,die Erkältungen,простуда,Ich habe eine Erkältung.,У меня простуда.,die Erkältung | Ich habe eine Erkältung.,простуда | У меня простуда.,1,21.07.2026,0,0,
16.07.2026,9. Beim Arzt,schwanger,-,-,беременная,Sie ist schwanger.,Она беременна.,schwanger | Sie ist schwanger.,беременная | Она беременна.,1,21.07.2026,0,0,
16.07.2026,9. Beim Arzt,erkältet,-,-,простуженный,Ich bin erkältet.,Я простужен.,erkältet | Ich bin erkältet.,простуженный | Я простужен.,1,21.07.2026,0,0,
16.07.2026,9. Beim Arzt,Grippe,die,die Grippen,грипп,Ich habe die Grippe.,У меня грипп.,die Grippe | Ich habe die Grippe.,грипп | У меня грипп.,1,21.07.2026,0,0,
16.07.2026,9. Beim Arzt,gesund,-,-,здоровый,Ich bin gesund.,Я здоров.,gesund | Ich bin gesund.,здоровый | Я здоров.,1,21.07.2026,0,0,
16.07.2026,9. Beim Arzt,Tablette,die,die Tabletten,таблетка,Ich nehme eine Tablette gegen Kopfschmerzen.,Я принимаю таблетку от головной боли.,die Tablette | Ich nehme eine Tablette gegen Kopfschmerzen.,таблетка | Я принимаю таблетку от головной боли.,1,21.07.2026,0,0,
16.07.2026,9. Beim Arzt,Hausarzt,der,die Hausärzte,"семейный врач, терапевт",Ich gehe heute zu meinem Hausarzt.,Я иду сегодня к своему терапевту.,der Hausarzt | Ich gehe heute zu meinem Hausarzt.,"семейный врач, терапевт | Я иду сегодня к своему терапевту.",1,21.07.2026,0,0,
16.07.2026,9. Beim Arzt,Praxis,die,die Praxen,"врачебная практика, кабинет врача",Ich gehe heute in die Praxis.,Я иду сегодня в кабинет врача.,die Praxis | Ich gehe heute in die Praxis.,"врачебная практика, кабинет врача | Я иду сегодня в кабинет врача.",1,21.07.2026,0,0,
16.07.2026,9. Beim Arzt,Versichertenkarte,die,die Versichertenkarten,страховая карта,Haben Sie Ihre Versichertenkarte dabei?,У вас с собой страховая карта?,die Versichertenkarte | Haben Sie Ihre Versichertenkarte dabei?,страховая карта | У вас с собой страховая карта?,1,21.07.2026,0,0,
16.07.2026,9. Beim Arzt,Krankenversicherung,die,die Krankenversicherungen,медицинская страховка,Ich habe eine Krankenversicherung.,У меня есть медицинская страховка.,die Krankenversicherung | Ich habe eine Krankenversicherung.,медицинская страховка | У меня есть медицинская страховка.,1,21.07.2026,0,0,
16.07.2026,9. Beim Arzt,Krankheit,die,die Krankheiten,болезнь,Er hat eine Krankheit.,У него болезнь.,die Krankheit | Er hat eine Krankheit.,болезнь | У него болезнь.,1,21.07.2026,0,0,
16.07.2026,9. Beim Arzt,verletzt,-,-,"раненый, травмированный",Er ist verletzt.,Он ранен.,verletzt | Er ist verletzt.,"раненый, травмированный | Он ранен.",1,21.07.2026,0,0,
16.07.2026,9. Beim Arzt,Notfall,der,die Notfälle,"чрезвычайная ситуация, экстренный случай",Im Notfall rufen wir die Polizei an.,В экстренном случае мы звоним в полицию.,der Notfall | Im Notfall rufen wir die Polizei an.,"чрезвычайная ситуация, экстренный случай | В экстренном случае мы звоним в полицию.",1,21.07.2026,0,0,
16.07.2026,9. Beim Arzt,Krankenwagen,der,die Krankenwagen,машина скорой помощи,Der Krankenwagen kommt schnell.,Машина скорой помощи приезжает быстро.,der Krankenwagen | Der Krankenwagen kommt schnell.,машина скорой помощи | Машина скорой помощи приезжает быстро.,1,21.07.2026,0,0,
16.07.2026,9. Beim Arzt,Sprechstunde,die,die Sprechstunden,приемные часы,Der Arzt hat heute Sprechstunde von 9 bis 12 Uhr.,У врача сегодня приемные часы с 9 до 12 часов.,die Sprechstunde | Der Arzt hat heute Sprechstunde von 9 bis 12 Uhr.,приемные часы | У врача сегодня приемные часы с 9 до 12 часов.,1,21.07.2026,0,0,
16.07.2026,9. Beim Arzt,Spritze,die,die Spritzen,шприц,Der Arzt gibt mir eine Spritze.,Врач делает мне укол.,die Spritze | Der Arzt gibt mir eine Spritze.,шприц | Врач делает мне укол.,1,21.07.2026,0,0,
16.07.2026,9. Beim Arzt,Verband,der,die Verbände,"повязка, союз, ассоциация",Ich brauche einen Verband für meinen Finger.,Мне нужна повязка на палец.,der Verband | Ich brauche einen Verband für meinen Finger.,"повязка, союз, ассоциация | Мне нужна повязка на палец.",1,21.07.2026,0,0,
16.07.2026,9. Beim Arzt,Pflaster,das,die Pflaster,пластырь,Ich brauche ein Pflaster für meinen Finger.,Мне нужен пластырь для моего пальца.,das Pflaster | Ich brauche ein Pflaster für meinen Finger.,пластырь | Мне нужен пластырь для моего пальца.,1,21.07.2026,0,0,
16.07.2026,9. Beim Arzt,Untersuchung,die,die Untersuchungen,"обследование, исследование",Der Arzt macht eine Untersuchung.,Врач проводит обследование.,die Untersuchung | Der Arzt macht eine Untersuchung.,"обследование, исследование | Врач проводит обследование.",1,21.07.2026,0,0,
16.07.2026,9. Beim Arzt,Körper,der,die Körper,тело,Mein Körper ist gesund.,Мое тело здорово.,der Körper | Mein Körper ist gesund.,тело | Мое тело здорово.,1,21.07.2026,0,0,
16.07.2026,9. Beim Arzt,Schmerz,der,die Schmerzen,боль,Ich habe Schmerzen im Kopf.,У меня болит голова.,der Schmerz | Ich habe Schmerzen im Kopf.,боль | У меня болит голова.,1,21.07.2026,0,0,
16.07.2026,9. Beim Arzt,Krankschreibung,die,"die Krankschreibungen, die Atteste","больничный лист, медицинская справка",Ich brauche eine Krankschreibung für meinen Chef.,Мне нужен больничный лист для моего начальника.,die Krankschreibung | Ich brauche eine Krankschreibung für meinen Chef.,"больничный лист, медицинская справка | Мне нужен больничный лист для моего начальника.",1,21.07.2026,0,0,
16.07.2026,9. Beim Arzt,Arbeitgeber,der,die Arbeitgeber,работодатель,Mein Arbeitgeber ist sehr nett.,Мой работодатель очень милый.,der Arbeitgeber | Mein Arbeitgeber ist sehr nett.,работодатель | Мой работодатель очень милый.,1,21.07.2026,0,0,
16.07.2026,9. Beim Arzt,Entschuldigung,die,die Entschuldigungen,извинение,Bitte akzeptieren Sie meine Entschuldigung.,"Пожалуйста, примите мои извинения.",die Entschuldigung | Bitte akzeptieren Sie meine Entschuldigung.,"извинение | Пожалуйста, примите мои извинения.",1,21.07.2026,0,0,
16.07.2026,9. Beim Arzt,schicken,-,-,"посылать, отправлять",Ich schicke dir eine E-Mail.,Я отправляю тебе электронное письмо.,schicken | Ich schicke dir eine E-Mail.,"посылать, отправлять | Я отправляю тебе электронное письмо.",1,21.07.2026,0,0,
16.07.2026,9. Beim Arzt,Unfall,der,die Unfälle,"несчастный случай, авария",Er hatte einen Unfall.,Он попал в аварию.,der Unfall | Er hatte einen Unfall.,"несчастный случай, авария | Он попал в аварию.",1,21.07.2026,0,0,
16.07.2026,9. Beim Arzt,Notarzt,der,die Notärzte,врач скорой помощи,Der Notarzt kommt schnell.,Врач скорой помощи приезжает быстро.,der Notarzt | Der Notarzt kommt schnell.,врач скорой помощи | Врач скорой помощи приезжает быстро.,1,21.07.2026,0,0,
21.07.2026,10. Gestern und heute,vhs_Lektion 10_Gestern und heute,-,-,вчера и сегодня,Gestern und heute ist das Wetter sehr gut.,Вчера и сегодня погода очень хорошая.,,,1,21.07.2026,0,0,
16.07.2026,10. Gestern und heute,Koffer,der,die Koffer,чемодан,Ich packe meinen Koffer.,Я упаковываю свой чемодан.,der Koffer | Ich packe meinen Koffer.,чемодан | Я упаковываю свой чемодан.,1,21.07.2026,0,0,
16.07.2026,10. Gestern und heute,Badehose,die,die Badehosen,плавки,Ich brauche meine Badehose für das Schwimmbad.,Мне нужны мои плавки для бассейна.,die Badehose | Ich brauche meine Badehose für das Schwimmbad.,плавки | Мне нужны мои плавки для бассейна.,1,21.07.2026,0,0,
16.07.2026,10. Gestern und heute,Badeanzug,die,die Badeanzüge,купальник,Ich kaufe einen neuen Badeanzug für den Urlaub.,Я покупаю новый купальник для отпуска.,die Badeanzug | Ich kaufe einen neuen Badeanzug für den Urlaub.,купальник | Я покупаю новый купальник для отпуска.,1,21.07.2026,0,0,
16.07.2026,10. Gestern und heute,packen,-,-,"паковать, собирать (вещи)",Ich packe meinen Koffer.,Я собираю свой чемодан.,packen | Ich packe meinen Koffer.,"паковать, собирать (вещи) | Я собираю свой чемодан.",1,21.07.2026,0,0,
16.07.2026,10. Gestern und heute,stellen,-,-,"ставить, помещать",Ich stelle das Buch auf den Tisch.,Я ставлю книгу на стол.,stellen | Ich stelle das Buch auf den Tisch.,"ставить, помещать | Я ставлю книгу на стол.",1,21.07.2026,0,0,
16.07.2026,10. Gestern und heute,sehen,-,-,видеть,Ich sehe einen Hund.,Я вижу собаку.,sehen | Ich sehe einen Hund.,видеть | Я вижу собаку.,1,21.07.2026,0,0,
16.07.2026,10. Gestern und heute,legen,-,-,"класть, положить",Ich lege das Buch auf den Tisch.,Я кладу книгу на стол.,legen | Ich lege das Buch auf den Tisch.,"класть, положить | Я кладу книгу на стол.",1,21.07.2026,0,0,
16.07.2026,10. Gestern und heute,Urlaub,der,die Urlaube,отпуск,Ich mache im Sommer Urlaub.,Я иду в отпуск летом.,der Urlaub | Ich mache im Sommer Urlaub.,отпуск | Я иду в отпуск летом.,1,21.07.2026,0,0,
16.07.2026,10. Gestern und heute,vergessen,-,-,забывать,Ich habe meinen Schlüssel vergessen.,Я забыл свой ключ.,vergessen | Ich habe meinen Schlüssel vergessen.,забывать | Я забыл свой ключ.,1,21.07.2026,0,0,
16.07.2026,10. Gestern und heute,losfahren,-,-,"отправляться (в путь), выезжать",Wir fahren um acht Uhr los.,Мы отправляемся в восемь часов.,losfahren | Wir fahren um acht Uhr los.,"отправляться (в путь), выезжать | Мы отправляемся в восемь часов.",1,21.07.2026,0,0,
16.07.2026,10. Gestern und heute,besuchen,-,-,"посещать, навещать",Ich besuche heute meine Oma.,Я сегодня навещаю свою бабушку.,besuchen | Ich besuche heute meine Oma.,"посещать, навещать | Я сегодня навещаю свою бабушку.",1,21.07.2026,0,0,
16.07.2026,10. Gestern und heute,finden,-,-,находить,Ich finde meinen Schlüssel nicht.,Я не могу найти свой ключ.,finden | Ich finde meinen Schlüssel nicht.,находить | Я не могу найти свой ключ.,1,21.07.2026,0,0,
16.07.2026,10. Gestern und heute,einen Spaziergang machen,-,Spaziergänge machen,"гулять, совершать прогулку",Ich mache heute einen Spaziergang im Park.,Я сегодня гуляю в парке.,einen Spaziergang machen | Ich mache heute einen Spaziergang im Park.,"гулять, совершать прогулку | Я сегодня гуляю в парке.",1,21.07.2026,0,0,
16.07.2026,10. Gestern und heute,Fußball gucken,-,Fußball gucken,смотреть футбол,Ich möchte heute Abend Fußball gucken.,Я хочу сегодня вечером посмотреть футбол.,Fußball gucken | Ich möchte heute Abend Fußball gucken.,смотреть футбол | Я хочу сегодня вечером посмотреть футбол.,1,21.07.2026,0,0,
16.07.2026,10. Gestern und heute,Zoo,der,die Zoos,зоопарк,Wir gehen heute in den Zoo.,Мы идем сегодня в зоопарк.,der Zoo | Wir gehen heute in den Zoo.,зоопарк | Мы идем сегодня в зоопарк.,1,21.07.2026,0,0,
16.07.2026,10. Gestern und heute,fotografieren,-,-,фотографировать,Ich fotografiere meine Familie.,Я фотографирую свою семью.,fotografieren | Ich fotografiere meine Familie.,фотографировать | Я фотографирую свою семью.,1,21.07.2026,0,0,
16.07.2026,10. Gestern und heute,bleiben,-,-,оставаться,Ich bleibe heute zu Hause.,Я остаюсь сегодня дома.,bleiben | Ich bleibe heute zu Hause.,оставаться | Я остаюсь сегодня дома.,1,21.07.2026,0,0,
16.07.2026,10. Gestern und heute,studieren,-,-,"учиться (в вузе), изучать",Ich studiere Medizin an der Universität.,Я изучаю медицину в университете.,studieren | Ich studiere Medizin an der Universität.,"учиться (в вузе), изучать | Я изучаю медицину в университете.",1,21.07.2026,0,0,
16.07.2026,10. Gestern und heute,Geburtsdatum,das,die Geburtsdaten,дата рождения,Wie ist dein Geburtsdatum?,Какая у тебя дата рождения?,das Geburtsdatum | Wie ist dein Geburtsdatum?,дата рождения | Какая у тебя дата рождения?,1,21.07.2026,0,0,
16.07.2026,10. Gestern und heute,Spaß haben,-,-,"веселиться, получать удовольствие",Wir haben viel Spaß im Park.,Мы хорошо веселимся в парке.,Spaß haben | Wir haben viel Spaß im Park.,"веселиться, получать удовольствие | Мы хорошо веселимся в парке.",1,21.07.2026,0,0,
16.07.2026,10. Gestern und heute,Ski fahren,-,-,кататься на лыжах,Ich möchte im Winter Ski fahren.,Я хочу кататься на лыжах зимой.,Ski fahren | Ich möchte im Winter Ski fahren.,кататься на лыжах | Я хочу кататься на лыжах зимой.,1,21.07.2026,0,0,
16.07.2026,10. Gestern und heute,stressig,-,-,"напряженный, стрессовый",Heute ist der Tag sehr stressig.,Сегодня очень напряженный день.,stressig | Heute ist der Tag sehr stressig.,"напряженный, стрессовый | Сегодня очень напряженный день.",1,21.07.2026,0,0,
21.07.2026,11. Was ziehe ich an?,vhs_Lektion 11_Was ziehe ich an_,-,-,Что мне надеть?,Es ist kalt draußen. Was ziehe ich an?,На улице холодно. Что мне надеть?,,,1,21.07.2026,0,0,
16.07.2026,11. Was ziehe ich an?,Kleid,die,die Kleider,платье,Ich kaufe ein rotes Kleid.,Я покупаю красное платье.,die Kleid | Ich kaufe ein rotes Kleid.,платье | Я покупаю красное платье.,1,21.07.2026,0,0,
16.07.2026,11. Was ziehe ich an?,Hose,die,die Hosen,брюки,Ich kaufe eine blaue Hose.,Я покупаю синие брюки.,die Hose | Ich kaufe eine blaue Hose.,брюки | Я покупаю синие брюки.,1,21.07.2026,0,0,
16.07.2026,11. Was ziehe ich an?,Jacke,die,die Jacken,куртка,Ich kaufe eine neue Jacke.,Я покупаю новую куртку.,die Jacke | Ich kaufe eine neue Jacke.,куртка | Я покупаю новую куртку.,1,21.07.2026,0,0,
16.07.2026,11. Was ziehe ich an?,Rock,der,die Röcke,юбка,Ich kaufe einen roten Rock.,Я покупаю красную юбку.,der Rock | Ich kaufe einen roten Rock.,юбка | Я покупаю красную юбку.,1,21.07.2026,0,0,
16.07.2026,11. Was ziehe ich an?,T-Shirt,das,die T-Shirts,футболка,Ich kaufe ein weißes T-Shirt.,Я покупаю белую футболку.,das T-Shirt | Ich kaufe ein weißes T-Shirt.,футболка | Я покупаю белую футболку.,1,21.07.2026,0,0,
16.07.2026,11. Was ziehe ich an?,Pullover,der,die Pullover,"пуловер, свитер",Ich kaufe einen blauen Pullover.,Я покупаю синий свитер.,der Pullover | Ich kaufe einen blauen Pullover.,"пуловер, свитер | Я покупаю синий свитер.",1,21.07.2026,0,0,
16.07.2026,11. Was ziehe ich an?,Bluse,die,die Blusen,блузка,Ich kaufe eine weiße Bluse.,Я покупаю белую блузку.,die Bluse | Ich kaufe eine weiße Bluse.,блузка | Я покупаю белую блузку.,1,21.07.2026,0,0,
16.07.2026,11. Was ziehe ich an?,Hemd,das,die Hemden,рубашка,Ich kaufe ein weißes Hemd.,Я покупаю белую рубашку.,das Hemd | Ich kaufe ein weißes Hemd.,рубашка | Я покупаю белую рубашку.,1,21.07.2026,0,0,
16.07.2026,11. Was ziehe ich an?,Mantel,der,die Mäntel,пальто,Ich kaufe einen neuen Mantel.,Я покупаю новое пальто.,der Mantel | Ich kaufe einen neuen Mantel.,пальто | Я покупаю новое пальто.,1,21.07.2026,0,0,
16.07.2026,11. Was ziehe ich an?,sportlich,-,-,спортивный,Er ist sehr sportlich.,Он очень спортивный.,sportlich | Er ist sehr sportlich.,спортивный | Он очень спортивный.,1,21.07.2026,0,0,
16.07.2026,11. Was ziehe ich an?,elegant,-,-,элегантный,Das Kleid ist sehr elegant.,Это платье очень элегантное.,elegant | Das Kleid ist sehr elegant.,элегантный | Это платье очень элегантное.,1,21.07.2026,0,0,
16.07.2026,11. Was ziehe ich an?,Farbe,die,die Farben,цвет,Meine Lieblingsfarbe ist Blau.,Мой любимый цвет — синий.,die Farbe | Meine Lieblingsfarbe ist Blau.,цвет | Мой любимый цвет — синий.,1,21.07.2026,0,0,
16.07.2026,11. Was ziehe ich an?,bunt,-,-,"пестрый, цветной",Der Schmetterling ist bunt.,Бабочка пестрая.,bunt | Der Schmetterling ist bunt.,"пестрый, цветной | Бабочка пестрая.",1,21.07.2026,0,0,
16.07.2026,11. Was ziehe ich an?,blau,-,-,синий,Der Himmel ist blau.,Небо синее.,blau | Der Himmel ist blau.,синий | Небо синее.,1,21.07.2026,0,0,
16.07.2026,11. Was ziehe ich an?,Gürtel,der,die Gürtel,ремень,Ich kaufe einen neuen Gürtel.,Я покупаю новый ремень.,der Gürtel | Ich kaufe einen neuen Gürtel.,ремень | Я покупаю новый ремень.,1,21.07.2026,0,0,
16.07.2026,11. Was ziehe ich an?,rot,-,-,красный,Der Apfel ist rot.,Яблоко красное.,rot | Der Apfel ist rot.,красный | Яблоко красное.,1,21.07.2026,0,0,
16.07.2026,11. Was ziehe ich an?,braun,-,-,коричневый,Mein Hund ist braun.,Моя собака коричневая.,braun | Mein Hund ist braun.,коричневый | Моя собака коричневая.,1,21.07.2026,0,0,
16.07.2026,11. Was ziehe ich an?,Mütze,die,die Mützen,шапка,Ich trage im Winter eine warme Mütze.,Зимой я ношу теплую шапку.,die Mütze | Ich trage im Winter eine warme Mütze.,шапка | Зимой я ношу теплую шапку.,1,21.07.2026,0,0,
16.07.2026,11. Was ziehe ich an?,Schal,der,die Schals,шарф,Ich trage heute einen warmen Schal.,Я сегодня ношу теплый шарф.,der Schal | Ich trage heute einen warmen Schal.,шарф | Я сегодня ношу теплый шарф.,1,21.07.2026,0,0,
16.07.2026,11. Was ziehe ich an?,Handschuh,der,die Handschuhe,перчатка,Ich brauche warme Handschuhe für den Winter.,Мне нужны теплые перчатки на зиму.,der Handschuh | Ich brauche warme Handschuhe für den Winter.,перчатка | Мне нужны теплые перчатки на зиму.,1,21.07.2026,0,0,
16.07.2026,11. Was ziehe ich an?,grün,-,-,зеленый,Das Gras ist grün.,Трава зеленая.,grün | Das Gras ist grün.,зеленый | Трава зеленая.,1,21.07.2026,0,0,
16.07.2026,11. Was ziehe ich an?,weiß,-,-,белый,Das Auto ist weiß.,Машина белая.,weiß | Das Auto ist weiß.,белый | Машина белая.,1,21.07.2026,0,0,
16.07.2026,11. Was ziehe ich an?,gelb,-,-,желтый,Die Sonne ist gelb.,Солнце желтое.,gelb | Die Sonne ist gelb.,желтый | Солнце желтое.,1,21.07.2026,0,0,
16.07.2026,11. Was ziehe ich an?,Socke,die,die Socken,носок,Ich trage heute blaue Socken.,Я сегодня ношу синие носки.,die Socke | Ich trage heute blaue Socken.,носок | Я сегодня ношу синие носки.,1,21.07.2026,0,0,
16.07.2026,11. Was ziehe ich an?,Krawatte,die,die Krawatten,галстук,Er trägt eine blaue Krawatte.,Он носит синий галстук.,die Krawatte | Er trägt eine blaue Krawatte.,галстук | Он носит синий галстук.,1,21.07.2026,0,0,
16.07.2026,11. Was ziehe ich an?,grau,-,-,серый,Der Himmel ist heute grau.,Небо сегодня серое.,grau | Der Himmel ist heute grau.,серый | Небо сегодня серое.,1,21.07.2026,0,0,
16.07.2026,11. Was ziehe ich an?,Stiefel,der,die Stiefel,сапог,Ich kaufe neue Stiefel.,Я покупаю новые сапоги.,der Stiefel | Ich kaufe neue Stiefel.,сапог | Я покупаю новые сапоги.,1,21.07.2026,0,0,
16.07.2026,11. Was ziehe ich an?,Kopftuch,das,die Kopftücher,платок (на голову),Sie trägt ein blaues Kopftuch.,Она носит синий платок.,das Kopftuch | Sie trägt ein blaues Kopftuch.,платок (на голову) | Она носит синий платок.,1,21.07.2026,0,0,
16.07.2026,11. Was ziehe ich an?,tragen (ich trage; du trägst; er/sie/es trägt; Sie tragen),-,-,"носить, нести",Ich trage eine blaue Jacke.,Я ношу синюю куртку.,tragen (ich trage; du trägst; er/sie/es trägt; Sie tragen) | Ich trage eine blaue Jacke.,"носить, нести | Я ношу синюю куртку.",1,21.07.2026,0,0,
16.07.2026,11. Was ziehe ich an?,anziehen,-,-,"надевать, привлекать",Ich ziehe eine Jacke an.,Я надеваю куртку.,anziehen | Ich ziehe eine Jacke an.,"надевать, привлекать | Я надеваю куртку.",1,21.07.2026,0,0,
16.07.2026,11. Was ziehe ich an?,bequem,-,-,удобный,Das Sofa ist sehr bequem.,Диван очень удобный.,bequem | Das Sofa ist sehr bequem.,удобный | Диван очень удобный.,1,21.07.2026,0,0,
16.07.2026,11. Was ziehe ich an?,Umkleidekabine,die,die Umkleidekabinen,примерочная,Wo ist die Umkleidekabine?,Где находится примерочная?,die Umkleidekabine | Wo ist die Umkleidekabine?,примерочная | Где находится примерочная?,1,21.07.2026,0,0,
16.07.2026,11. Was ziehe ich an?,weit,-,-,"широкий, далеко",Der Weg ist weit.,Путь длинный.,weit | Der Weg ist weit.,"широкий, далеко | Путь длинный.",1,21.07.2026,0,0,
16.07.2026,11. Was ziehe ich an?,eng,-,-,узкий,Die Straße ist sehr eng.,Улица очень узкая.,eng | Die Straße ist sehr eng.,узкий | Улица очень узкая.,1,21.07.2026,0,0,
16.07.2026,11. Was ziehe ich an?,kurz,-,-,короткий,Der Film ist kurz.,Фильм короткий.,kurz | Der Film ist kurz.,короткий | Фильм короткий.,1,21.07.2026,0,0,
16.07.2026,11. Was ziehe ich an?,lang,-,-,"длинный, долгий",Der Film ist sehr lang.,Фильм очень длинный.,lang | Der Film ist sehr lang.,"длинный, долгий | Фильм очень длинный.",1,21.07.2026,0,0,
16.07.2026,11. Was ziehe ich an?,unbequem,-,-,неудобный,Dieser Stuhl ist unbequem.,Этот стул неудобный.,unbequem | Dieser Stuhl ist unbequem.,неудобный | Этот стул неудобный.,1,21.07.2026,0,0,
16.07.2026,11. Was ziehe ich an?,günstig,-,-,"выгодный, недорогой",Das T-Shirt ist sehr günstig.,Эта футболка очень недорогая.,günstig | Das T-Shirt ist sehr günstig.,"выгодный, недорогой | Эта футболка очень недорогая.",1,21.07.2026,0,0,
16.07.2026,11. Was ziehe ich an?,Sonderangebot,das,die Sonderangebote,"специальное предложение, акция",Das Sonderangebot ist heute sehr günstig.,Это специальное предложение сегодня очень выгодное.,das Sonderangebot | Das Sonderangebot ist heute sehr günstig.,"специальное предложение, акция | Это специальное предложение сегодня очень выгодное.",1,21.07.2026,0,0,
16.07.2026,11. Was ziehe ich an?,reduziert,-,-,"сниженный, уменьшенный, со скидкой",Die Hose ist heute reduziert.,Брюки сегодня со скидкой.,reduziert | Die Hose ist heute reduziert.,"сниженный, уменьшенный, со скидкой | Брюки сегодня со скидкой.",1,21.07.2026,0,0,
16.07.2026,11. Was ziehe ich an?,umtauschen,-,-,обменивать,Ich möchte das Hemd umtauschen.,Я хочу обменять рубашку.,umtauschen | Ich möchte das Hemd umtauschen.,обменивать | Я хочу обменять рубашку.,1,21.07.2026,0,0,
16.07.2026,11. Was ziehe ich an?,kaputt,-,-,"сломанный, неисправный",Mein Handy ist kaputt.,Мой мобильный телефон сломан.,kaputt | Mein Handy ist kaputt.,"сломанный, неисправный | Мой мобильный телефон сломан.",1,21.07.2026,0,0,
16.07.2026,11. Was ziehe ich an?,Kassenbon,das,die Kassenbons,кассовый чек,Hier ist dein Kassenbon.,Вот твой кассовый чек.,das Kassenbon | Hier ist dein Kassenbon.,кассовый чек | Вот твой кассовый чек.,1,21.07.2026,0,0,
16.07.2026,11. Was ziehe ich an?,Sache,die,die Sachen,"вещь, дело",Das ist meine Sache.,Это моя вещь.,die Sache | Das ist meine Sache.,"вещь, дело | Это моя вещь.",1,21.07.2026,0,0,
16.07.2026,12. Jahreszeiten und Wetter,vhs_Lektion 12_Jahreszeiten und Wetter,-,Lektionen 12,Урок 12,Wir lernen heute Lektion 12.,Мы учим сегодня урок 12.,Lektion 12 | Wir lernen heute Lektion 12.,Урок 12 | Мы учим сегодня урок 12.,1,21.07.2026,0,0,
16.07.2026,12. Jahreszeiten und Wetter,Jahreszeit,die,die Jahreszeiten,время года,Der Sommer ist meine Lieblingsjahreszeit.,Лето — моё любимое время года.,die Jahreszeit | Der Sommer ist meine Lieblingsjahreszeit.,время года | Лето — моё любимое время года.,1,21.07.2026,0,0,
16.07.2026,12. Jahreszeiten und Wetter,sonnig,-,-,солнечный,Heute ist es sehr sonnig.,Сегодня очень солнечно.,sonnig | Heute ist es sehr sonnig.,солнечный | Сегодня очень солнечно.,1,21.07.2026,0,0,
16.07.2026,12. Jahreszeiten und Wetter,regnen,-,-,идти (о дожде),Es regnet heute viel.,Сегодня идет сильный дождь.,regnen | Es regnet heute viel.,идти (о дожде) | Сегодня идет сильный дождь.,1,21.07.2026,0,0,
16.07.2026,12. Jahreszeiten und Wetter,schneien,-,-,идти (о снеге),Es schneit heute.,Сегодня идет снег.,schneien | Es schneit heute.,идти (о снеге) | Сегодня идет снег.,1,21.07.2026,0,0,
16.07.2026,12. Jahreszeiten und Wetter,bewölkt,-,-,облачно,Heute ist es bewölkt.,Сегодня облачно.,bewölkt | Heute ist es bewölkt.,облачно | Сегодня облачно.,1,21.07.2026,0,0,
16.07.2026,12. Jahreszeiten und Wetter,heiß,-,-,горячий,Der Tee ist sehr heiß.,Чай очень горячий.,heiß | Der Tee ist sehr heiß.,горячий | Чай очень горячий.,1,21.07.2026,0,0,
16.07.2026,12. Jahreszeiten und Wetter,kalt,-,-,холодный,Heute ist es sehr kalt.,Сегодня очень холодно.,kalt | Heute ist es sehr kalt.,холодный | Сегодня очень холодно.,1,21.07.2026,0,0,
16.07.2026,12. Jahreszeiten und Wetter,windig,-,-,ветреный,Heute ist es sehr windig.,Сегодня очень ветрено.,windig | Heute ist es sehr windig.,ветреный | Сегодня очень ветрено.,1,21.07.2026,0,0,
16.07.2026,12. Jahreszeiten und Wetter,Sonne,die,die Sonnen,солнце,Die Sonne scheint heute sehr hell.,Сегодня солнце светит очень ярко.,die Sonne | Die Sonne scheint heute sehr hell.,солнце | Сегодня солнце светит очень ярко.,1,21.07.2026,0,0,
16.07.2026,12. Jahreszeiten und Wetter,scheinen,-,-,"светить, казаться",Die Sonne scheint heute.,Сегодня светит солнце.,scheinen | Die Sonne scheint heute.,"светить, казаться | Сегодня светит солнце.",1,21.07.2026,0,0,
16.07.2026,12. Jahreszeiten und Wetter,Temperatur,die,die Temperaturen,температура,Die Temperatur ist heute sehr hoch.,Сегодня очень высокая температура.,die Temperatur | Die Temperatur ist heute sehr hoch.,температура | Сегодня очень высокая температура.,1,21.07.2026,0,0,
16.07.2026,12. Jahreszeiten und Wetter,Regen,der,die Regen,дождь,Heute gibt es viel Regen.,Сегодня идет сильный дождь.,der Regen | Heute gibt es viel Regen.,дождь | Сегодня идет сильный дождь.,1,21.07.2026,0,0,
16.07.2026,12. Jahreszeiten und Wetter,Schnee,der,Sg.,снег,Der Schnee ist weiß.,Снег белый.,der Schnee | Der Schnee ist weiß.,снег | Снег белый.,1,21.07.2026,0,0,
16.07.2026,12. Jahreszeiten und Wetter,Wind,der,die Winde,ветер,Heute weht ein kalter Wind.,Сегодня дует холодный ветер.,der Wind | Heute weht ein kalter Wind.,ветер | Сегодня дует холодный ветер.,1,21.07.2026,0,0,
16.07.2026,12. Jahreszeiten und Wetter,Wolke,die,die Wolken,облако,Am Himmel sind viele weiße Wolken.,На небе много белых облаков.,die Wolke | Am Himmel sind viele weiße Wolken.,облако | На небе много белых облаков.,1,21.07.2026,0,0,
16.07.2026,12. Jahreszeiten und Wetter,Frühling,der,die Frühlinge,весна,Der Frühling ist sehr schön.,Весна очень красивая.,der Frühling | Der Frühling ist sehr schön.,весна | Весна очень красивая.,1,21.07.2026,0,0,
16.07.2026,12. Jahreszeiten und Wetter,Sommer,der,die Sommer,лето,Der Sommer ist sehr warm.,Лето очень теплое.,der Sommer | Der Sommer ist sehr warm.,лето | Лето очень теплое.,1,21.07.2026,0,0,
16.07.2026,12. Jahreszeiten und Wetter,Herbst,der,die Herbste,осень,Der Herbst ist bunt.,Осень — разноцветная.,der Herbst | Der Herbst ist bunt.,осень | Осень — разноцветная.,1,21.07.2026,0,0,
16.07.2026,12. Jahreszeiten und Wetter,Winter,der,die Winter,зима,Im Winter ist es kalt.,Зимой холодно.,der Winter | Im Winter ist es kalt.,зима | Зимой холодно.,1,21.07.2026,0,0,
16.07.2026,12. Jahreszeiten und Wetter,ein Picknick machen,-,die Picknicks,устраивать пикник,Wir machen heute ein Picknick im Park.,Мы сегодня устраиваем пикник в парке.,ein Picknick machen | Wir machen heute ein Picknick im Park.,устраивать пикник | Мы сегодня устраиваем пикник в парке.,1,21.07.2026,0,0,
16.07.2026,12. Jahreszeiten und Wetter,spazieren gehen,-,-,гулять,Ich gehe heute im Park spazieren.,Я сегодня гуляю в парке.,spazieren gehen | Ich gehe heute im Park spazieren.,гулять | Я сегодня гуляю в парке.,1,21.07.2026,0,0,
16.07.2026,12. Jahreszeiten und Wetter,wollen (ich will; du willst; er/sie/es will; Sie wollen),-,-,хотеть,Ich will heute ein Eis essen.,Я хочу сегодня съесть мороженое.,wollen (ich will; du willst; er/sie/es will; Sie wollen) | Ich will heute ein Eis essen.,хотеть | Я хочу сегодня съесть мороженое.,1,21.07.2026,0,0,
16.07.2026,12. Jahreszeiten und Wetter,See,der,die Seen,озеро,Der See ist sehr groß.,Озеро очень большое.,der See | Der See ist sehr groß.,озеро | Озеро очень большое.,1,21.07.2026,0,0,
16.07.2026,12. Jahreszeiten und Wetter,einen Ausflug machen,-,die Ausflüge,совершить экскурсию / поехать на прогулку,Am Sonntag machen wir einen Ausflug.,В воскресенье мы поедем на экскурсию.,einen Ausflug machen | Am Sonntag machen wir einen Ausflug.,совершить экскурсию / поехать на прогулку | В воскресенье мы поедем на экскурсию.,1,21.07.2026,0,0,
16.07.2026,12. Jahreszeiten und Wetter,Brief,der,die Briefe,письмо,Ich schreibe einen Brief an meine Freundin.,Я пишу письмо своей подруге.,der Brief | Ich schreibe einen Brief an meine Freundin.,письмо | Я пишу письмо своей подруге.,1,21.07.2026,0,0,
16.07.2026,12. Jahreszeiten und Wetter,Monat,der,die Monate,месяц,Ein Jahr hat zwölf Monate.,В году двенадцать месяцев.,der Monat | Ein Jahr hat zwölf Monate.,месяц | В году двенадцать месяцев.,1,21.07.2026,0,0,
16.07.2026,12. Jahreszeiten und Wetter,Januar,der,die Januar,январь,Mein Geburtstag ist im Januar.,Мой день рождения в январе.,der Januar | Mein Geburtstag ist im Januar.,январь | Мой день рождения в январе.,1,21.07.2026,0,0,
16.07.2026,12. Jahreszeiten und Wetter,Februar,der,die Februare,февраль,Der Februar ist kurz.,Февраль короткий.,der Februar | Der Februar ist kurz.,февраль | Февраль короткий.,1,21.07.2026,0,0,
16.07.2026,12. Jahreszeiten und Wetter,März,der,die Märze,март,Mein Geburtstag ist im März.,Мой день рождения в марте.,der März | Mein Geburtstag ist im März.,март | Мой день рождения в марте.,1,21.07.2026,0,0,
16.07.2026,12. Jahreszeiten und Wetter,April,der,die April,апрель,Der April ist ein Frühlingsmonat.,Апрель — это весенний месяц.,der April | Der April ist ein Frühlingsmonat.,апрель | Апрель — это весенний месяц.,1,21.07.2026,0,0,
16.07.2026,12. Jahreszeiten und Wetter,Mai,der,die Maie,май,Im Mai ist das Wetter schön.,В мае погода хорошая.,der Mai | Im Mai ist das Wetter schön.,май | В мае погода хорошая.,1,21.07.2026,0,0,
16.07.2026,12. Jahreszeiten und Wetter,Juni,der,-,июнь,Mein Geburtstag ist im Juni.,Мой день рождения в июне.,der Juni | Mein Geburtstag ist im Juni.,июнь | Мой день рождения в июне.,1,21.07.2026,0,0,
16.07.2026,12. Jahreszeiten und Wetter,Juli,der,die Julis,июль,Mein Geburtstag ist im Juli.,Мой день рождения в июле.,der Juli | Mein Geburtstag ist im Juli.,июль | Мой день рождения в июле.,1,21.07.2026,0,0,
16.07.2026,12. Jahreszeiten und Wetter,August,der,die August,август,Mein Geburtstag ist im August.,Мой день рождения в августе.,der August | Mein Geburtstag ist im August.,август | Мой день рождения в августе.,1,21.07.2026,0,0,
16.07.2026,12. Jahreszeiten und Wetter,September,der,-,сентябрь,Mein Geburtstag ist im September.,Мой день рождения в сентябре.,der September | Mein Geburtstag ist im September.,сентябрь | Мой день рождения в сентябре.,1,21.07.2026,0,0,
16.07.2026,12. Jahreszeiten und Wetter,Oktober,der,Oktober,октябрь,Mein Geburtstag ist im Oktober.,Мой день рождения в октябре.,der Oktober | Mein Geburtstag ist im Oktober.,октябрь | Мой день рождения в октябре.,1,21.07.2026,0,0,
16.07.2026,12. Jahreszeiten und Wetter,November,der,die November,ноябрь,Mein Geburtstag ist im November.,Мой день рождения в ноябре.,der November | Mein Geburtstag ist im November.,ноябрь | Мой день рождения в ноябре.,1,21.07.2026,0,0,
16.07.2026,12. Jahreszeiten und Wetter,Dezember,der,die Dezember,декабрь,Im Dezember ist es kalt.,В декабре холодно.,der Dezember | Im Dezember ist es kalt.,декабрь | В декабре холодно.,1,21.07.2026,0,0,
16.07.2026,12. Jahreszeiten und Wetter,heiraten,-,-,"жениться, выходить замуж",Ich möchte dich heiraten.,Я хочу на тебе жениться / на тебе выйти замуж.,heiraten | Ich möchte dich heiraten.,"жениться, выходить замуж | Я хочу на тебе жениться / на тебе выйти замуж.",1,21.07.2026,0,0,
16.07.2026,12. Jahreszeiten und Wetter,Geschenk,-,die Geschenke,подарок,Ich habe ein Geschenk für dich.,У меня есть подарок для тебя.,Geschenk | Ich habe ein Geschenk für dich.,подарок | У меня есть подарок для тебя.,1,21.07.2026,0,0,
16.07.2026,12. Jahreszeiten und Wetter,Geburtstag,der,Geburtstage,день рождения,Mein Geburtstag ist am zehnten Mai.,Мой день рождения десятого мая.,der Geburtstag | Mein Geburtstag ist am zehnten Mai.,день рождения | Мой день рождения десятого мая.,1,21.07.2026,0,0,
16.07.2026,12. Jahreszeiten und Wetter,Hochzeit,die,die Hochzeiten,свадьба,Wir gehen zur Hochzeit von meiner Schwester.,Мы идем на свадьбу моей сестры.,die Hochzeit | Wir gehen zur Hochzeit von meiner Schwester.,свадьба | Мы идем на свадьбу моей сестры.,1,21.07.2026,0,0,
16.07.2026,12. Jahreszeiten und Wetter,Weihnachten,-,Weihnachten,Рождество,Ich feiere Weihnachten mit meiner Familie.,Я праздную Рождество со своей семьей.,Weihnachten | Ich feiere Weihnachten mit meiner Familie.,Рождество | Я праздную Рождество со своей семьей.,1,21.07.2026,0,0,
16.07.2026,12. Jahreszeiten und Wetter,Ostern,-,Ostern,Пасха,An Ostern suchen wir Eier.,На Пасху мы ищем яйца.,Ostern | An Ostern suchen wir Eier.,Пасха | На Пасху мы ищем яйца.,1,21.07.2026,0,0,
16.07.2026,12. Jahreszeiten und Wetter,Silvester,-,-,"Канун Нового года, 31 декабря",An Silvester feiern wir mit Freunden.,В канун Нового года мы празднуем с друзьями.,Silvester | An Silvester feiern wir mit Freunden.,"Канун Нового года, 31 декабря | В канун Нового года мы празднуем с друзьями.",1,21.07.2026,0,0,
16.07.2026,12. Jahreszeiten und Wetter,Feiertag,der,die Feiertage,"праздничный день, праздник",Morgen ist ein Feiertag.,Завтра праздничный день.,der Feiertag | Morgen ist ein Feiertag.,"праздничный день, праздник | Завтра праздничный день.",1,21.07.2026,0,0,
16.07.2026,12. Jahreszeiten und Wetter,Fest,das,die Feste / die Feiern,праздник / торжество,Das Fest ist sehr schön.,Праздник очень красивый.,das Fest | Das Fest ist sehr schön.,праздник / торжество | Праздник очень красивый.,1,21.07.2026,0,0,
16.07.2026,12. Jahreszeiten und Wetter,Datum,die,die Daten,дата,Was ist das Datum heute?,Какое сегодня число?,die Datum | Was ist das Datum heute?,дата | Какое сегодня число?,1,21.07.2026,0,0,
16.07.2026,12. Jahreszeiten und Wetter,Einladung,die,die Einladungen,приглашение,Ich habe eine Einladung für die Party.,У меня есть приглашение на вечеринку.,die Einladung | Ich habe eine Einladung für die Party.,приглашение | У меня есть приглашение на вечеринку.,1,21.07.2026,0,0,
16.07.2026,12. Jahreszeiten und Wetter,einladen (ich lade ein; du lädst ein; er/sie/es lädt ein; Sie laden ein),-,-,приглашать,Ich lade dich zu meiner Party ein.,Я приглашаю тебя на свою вечеринку.,einladen (ich lade ein; du lädst ein; er/sie/es lädt ein; Sie laden ein) | Ich lade dich zu meiner Party ein.,приглашать | Я приглашаю тебя на свою вечеринку.,1,21.07.2026,0,0,
16.07.2026,12. Jahreszeiten und Wetter,feiern,-,-,праздновать,Wir feiern heute meinen Geburtstag.,Мы празднуем сегодня мой день рождения.,feiern | Wir feiern heute meinen Geburtstag.,праздновать | Мы празднуем сегодня мой день рождения.,1,21.07.2026,0,0,
16.07.2026,12. Jahreszeiten und Wetter,Idee,die,die Ideen,идея,Das ist eine gute Idee.,Это хорошая идея.,die Idee | Das ist eine gute Idee.,идея | Это хорошая идея.,1,21.07.2026,0,0,
16.07.2026,12. Jahreszeiten und Wetter,Blume,die,die Blumen,цветок,Die Blume ist sehr schön.,Цветок очень красивый.,die Blume | Die Blume ist sehr schön.,цветок | Цветок очень красивый.,1,21.07.2026,0,0,
16.07.2026,12. Jahreszeiten und Wetter,Spielzeug,das,die Spielzeuge,игрушка,Das Kind spielt mit seinem Spielzeug.,Ребенок играет со своей игрушкой.,das Spielzeug | Das Kind spielt mit seinem Spielzeug.,игрушка | Ребенок играет со своей игрушкой.,1,21.07.2026,0,0,
17.07.2026,Глаголы с аккузативом,abgeben,-,-,"отдавать, сдавать",Sie möchte einen Kinderwagen abgeben.,Она хочет отдать детскую коляску.,abgeben | Sie möchte einen Kinderwagen abgeben.,"отдавать, сдавать | Она хочет отдать детскую коляску.",1,21.07.2026,0,0,
17.07.2026,Глаголы с аккузативом,absagen,-,-,"отменять, отказывать",Ich sage meinen Arzttermin ab.,Я отменяю свой прием у врача.,absagen | Ich sage meinen Arzttermin ab.,"отменять, отказывать | Я отменяю свой прием у врача.",1,21.07.2026,0,0,
17.07.2026,Глаголы с аккузативом,abschließen,-,-,"запирать, завершать",Bitte schließen Sie die Tür ab.,"Пожалуйста, заприте дверь.",abschließen | Bitte schließen Sie die Tür ab.,"запирать, завершать | Пожалуйста, заприте дверь.",1,21.07.2026,0,0,
17.07.2026,Глаголы с аккузативом,abstellen,-,-,"ставить, парковать, выключать",Wo stellst du dein Fahrrad ab?,Где ты паркуешь свой велосипед?,abstellen | Wo stellst du dein Fahrrad ab?,"ставить, парковать, выключать | Где ты паркуешь свой велосипед?",1,21.07.2026,0,0,
17.07.2026,Глаголы с аккузативом,anbraten,-,-,обжаривать,Er brät die Zwiebel an.,Он обжаривает лук.,anbraten | Er brät die Zwiebel an.,обжаривать | Он обжаривает лук.,1,21.07.2026,0,0,
17.07.2026,Глаголы с аккузативом,angeben,-,-,указывать,Sie können die Uhrzeiten angeben.,Вы можете указать время.,angeben | Sie können die Uhrzeiten angeben.,указывать | Вы можете указать время.,1,21.07.2026,0,0,
17.07.2026,Глаголы с аккузативом,anhalten,-,-,останавливать,Er hält das Taxi an.,Он останавливает такси.,anhalten | Er hält das Taxi an.,останавливать | Он останавливает такси.,1,21.07.2026,0,0,
17.07.2026,Глаголы с аккузативом,anmachen,-,-,включать,Lukas macht den Fernseher an.,Лукас включает телевизор.,anmachen | Lukas macht den Fernseher an.,включать | Лукас включает телевизор.,1,21.07.2026,0,0,
17.07.2026,Глаголы с аккузативом,anmelden,-,-,"заявлять, регистрировать, записываться",Ich melde meinen Urlaub an.,Я оформляю свой отпуск.,anmelden | Ich melde meinen Urlaub an.,"заявлять, регистрировать, записываться | Я оформляю свой отпуск.",1,21.07.2026,0,0,
17.07.2026,Глаголы с аккузативом,anschauen,-,-,"смотреть, осматривать",Schauen Sie die Fotos an.,Посмотрите фотографии.,anschauen | Schauen Sie die Fotos an.,"смотреть, осматривать | Посмотрите фотографии.",1,21.07.2026,0,0,
17.07.2026,Глаголы с аккузативом,anstellen,-,-,нанимать,Die Firma stellt viele Menschen an.,Компания нанимает много сотрудников.,anstellen | Die Firma stellt viele Menschen an.,нанимать | Компания нанимает много сотрудников.,1,21.07.2026,0,0,
17.07.2026,Глаголы с аккузативом,antreten,-,-,вступить (в должность),Morgen tritt Svenja eine neue Arbeitsstelle an.,Завтра Сеня приступает к работе на новом месте.,antreten | Morgen tritt Svenja eine neue Arbeitsstelle an.,вступить (в должность) | Завтра Сеня приступает к работе на новом месте.,1,21.07.2026,0,0,
17.07.2026,Глаголы с аккузативом,aufhängen,-,-,"вешать, развешивать",Ich hänge das Bild an die Wand.,Я вешаю картину на стену.,aufhängen | Ich hänge das Bild an die Wand.,"вешать, развешивать | Я вешаю картину на стену.",1,21.07.2026,0,0,
17.07.2026,Глаголы с аккузативом,aufmachen,-,-,открывать,Wann macht der Supermarkt auf?,Когда открывается супермаркет?,aufmachen | Wann macht der Supermarkt auf?,открывать | Когда открывается супермаркет?,1,21.07.2026,0,0,
17.07.2026,Глаголы с аккузативом,ausblasen,-,-,задувать (свечи),Ich blase die Kerze aus.,Я задуваю свечу.,ausblasen | Ich blase die Kerze aus.,задувать (свечи) | Я задуваю свечу.,1,21.07.2026,0,0,
17.07.2026,Глаголы с аккузативом,ausdrücken,-,-,выражать,Er drückt seine Wünsche gerne aus.,Он охотно выражает свои желания.,ausdrücken | Er drückt seine Wünsche gerne aus.,выражать | Он охотно выражает свои желания.,1,21.07.2026,0,0,
18.07.2026,Глаголы с аккузативом,ausfüllen,-,-,заполнять,Füllen Sie bitte das Formular aus.,"Пожалуйста, заполните формуляр.",ausfüllen | Füllen Sie bitte das Formular aus.,"заполнять | Пожалуйста, заполните формуляр.",1,21.07.2026,0,0,
19.07.2026,Глаголы с аккузативом,ausgeben,-,-,тратить (деньги),Ich gebe heute viel Geld aus.,Я сегодня трачу много денег.,ausgeben | Ich gebe heute viel Geld aus.,тратить (деньги) | Я сегодня трачу много денег.,1,21.07.2026,0,0,
20.07.2026,Глаголы с аккузативом,ausmachen,-,-,выключать,Ich mache das Licht aus.,Я выключаю свет.,ausmachen | Ich mache das Licht aus.,выключать | Я выключаю свет.,1,21.07.2026,0,0,
21.07.2026,Глаголы с аккузативом,auspacken,-,-,распаковывать,Ich packe mein Geschenk aus.,Я распаковываю свой подарок.,auspacken | Ich packe mein Geschenk aus.,распаковывать | Я распаковываю свой подарок.,1,21.07.2026,0,0,
22.07.2026,Глаголы с аккузативом,ausräumen,-,-,"выносить вещи, освобождать (помещение)",Wir räumen die Wohnung aus.,Мы освобождаем квартиру.,ausräumen | Wir räumen die Wohnung aus.,"выносить вещи, освобождать (помещение) | Мы освобождаем квартиру.",1,21.07.2026,0,0,
24.07.2026,Глаголы с аккузативом,auswählen,-,-,выбирать,Wählen Sie ein Foto aus.,Выберите фотографию.,auswählen | Wählen Sie ein Foto aus.,выбирать | Выберите фотографию.,1,21.07.2026,0,0,
25.07.2026,Глаголы с аккузативом,auszeichnen,-,-,"отличать, выделять",Gute Noten zeichnen ihn aus.,Хорошие оценки выделяют его.,auszeichnen | Gute Noten zeichnen ihn aus.,"отличать, выделять | Хорошие оценки выделяют его.",1,21.07.2026,0,0,
27.07.2026,Глаголы с аккузативом,beachten,-,-,"учитывать, обращать внимание",Bitte beachten Sie die Regeln.,"Пожалуйста, соблюдайте правила.",beachten | Bitte beachten Sie die Regeln.,"учитывать, обращать внимание | Пожалуйста, соблюдайте правила.",1,21.07.2026,0,0,
28.07.2026,Глаголы с аккузативом,beantworten,-,-,отвечать,Ich beantworte deine E-Mail.,Я отвечаю на твое электронное письмо.,beantworten | Ich beantworte deine E-Mail.,отвечать | Я отвечаю на твое электронное письмо.,1,21.07.2026,0,0,
17.07.2026,Глаголы с аккузативом,bekommen,-,-,получать,Ich bekomme ein Geschenk zum Geburtstag.,Я получаю подарок на день рождения.,bekommen | Ich bekomme ein Geschenk zum Geburtstag.,получать | Я получаю подарок на день рождения.,1,21.07.2026,0,0,
17.07.2026,Глаголы с аккузативом,benennen,-,-,"называть, давать название",Er benennt die Farben.,Он называет цвета.,benennen | Er benennt die Farben.,"называть, давать название | Он называет цвета.",1,21.07.2026,0,0,
17.07.2026,Глаголы с аккузативом,benutzen,-,-,"использовать, пользоваться",Ich benutze einen Stift.,Я использую ручку.,benutzen | Ich benutze einen Stift.,"использовать, пользоваться | Я использую ручку.",1,21.07.2026,0,0,
17.07.2026,Глаголы с аккузативом,beraten,-,-,консультировать,Ich berate meine Freunde.,Я консультирую своих друзей.,beraten | Ich berate meine Freunde.,консультировать | Я консультирую своих друзей.,1,21.07.2026,0,0,
17.07.2026,Глаголы с аккузативом,beschreiben,-,-,описывать – Опишите предметы.,Ich beschreibe mein Zimmer.,Я описываю свою комнату.,beschreiben | Ich beschreibe mein Zimmer.,описывать – Опишите предметы. | Я описываю свою комнату.,1,21.07.2026,0,0,
17.07.2026,Глаголы с аккузативом,besichtigen,-,-,осматривать (достопримечательности),Wir besichtigen heute Berlin.,Мы осматриваем сегодня Берлин.,besichtigen | Wir besichtigen heute Berlin.,осматривать (достопримечательности) | Мы осматриваем сегодня Берлин.,1,21.07.2026,0,0,
17.07.2026,Глаголы с аккузативом,betreuen,-,-,"заботиться, присматривать, курировать",Ich betreue meine kleine Schwester.,Я присматриваю за своей младшей сестрой.,betreuen | Ich betreue meine kleine Schwester.,"заботиться, присматривать, курировать | Я присматриваю за своей младшей сестрой.",1,21.07.2026,0,0,
17.07.2026,Глаголы с аккузативом,bezahlen,-,-,платить,Ich bezahle das Essen.,Я плачу за еду.,bezahlen | Ich bezahle das Essen.,платить | Я плачу за еду.,1,21.07.2026,0,0,
17.07.2026,Глаголы с аккузативом,bieten,-,-,предлагать,Wir bieten einen Kaffee an.,Мы предлагаем кофе.,bieten | Wir bieten einen Kaffee an.,предлагать | Мы предлагаем кофе.,1,21.07.2026,0,0,
17.07.2026,Глаголы с аккузативом,bilden,-,-,"образовывать, формировать",Wir bilden einen Satz.,Мы составляем предложение.,bilden | Wir bilden einen Satz.,"образовывать, формировать | Мы составляем предложение.",1,21.07.2026,0,0,
17.07.2026,Глаголы с аккузативом,buchen,-,-,бронировать,Ich buche ein Hotel für meinen Urlaub.,Я бронирую отель для своего отпуска.,buchen | Ich buche ein Hotel für meinen Urlaub.,бронировать | Я бронирую отель для своего отпуска.,1,21.07.2026,0,0,
17.07.2026,Глаголы с аккузативом,dabeihaben,-,-,иметь при себе,Ich habe meinen Schlüssel dabei.,У меня с собой ключи.,dabeihaben | Ich habe meinen Schlüssel dabei.,иметь при себе | У меня с собой ключи.,1,21.07.2026,0,0,
17.07.2026,Глаголы с аккузативом,duzen,-,-,называть на «ты»,Ich duze meine Freunde.,Я называю своих друзей на «ты».,duzen | Ich duze meine Freunde.,называть на «ты» | Я называю своих друзей на «ты».,1,21.07.2026,0,0,
17.07.2026,Глаголы с аккузативом,einladen,-,-,приглашать,Ich lade dich ein.,Я приглашаю тебя.,einladen | Ich lade dich ein.,приглашать | Я приглашаю тебя.,1,21.07.2026,0,0,
17.07.2026,Глаголы с аккузативом,einteilen,-,-,"распределять, планировать",Ich teile meinen Tag frei ein.,Я свободно планирую свой день.,einteilen | Ich teile meinen Tag frei ein.,"распределять, планировать | Я свободно планирую свой день.",1,21.07.2026,0,0,
17.07.2026,Глаголы с аккузативом,eintragen,-,-,"вписывать, записывать, регистрировать",Bitte tragen Sie Ihren Namen ins Formular ein.,"Пожалуйста, впишите ваше имя в формуляр.",eintragen | Bitte tragen Sie Ihren Namen ins Formular ein.,"вписывать, записывать, регистрировать | Пожалуйста, впишите ваше имя в формуляр.",1,21.07.2026,0,0,
17.07.2026,Глаголы с аккузативом,empfehlen,-,-,"рекомендовать, советовать",Der Arzt empfiehlt Yong-Min Tabletten.,Врач рекомендует Ён-Мину таблетки.,empfehlen | Der Arzt empfiehlt Yong-Min Tabletten.,"рекомендовать, советовать | Врач рекомендует Ён-Мину таблетки.",1,21.07.2026,0,0,
17.07.2026,Глаголы с аккузативом,erfinden,-,-,"изобретать, придумывать",Er erfindet einen Steckbrief.,Он придумывает анкету.,erfinden | Er erfindet einen Steckbrief.,"изобретать, придумывать | Он придумывает анкету.",1,21.07.2026,0,0,
17.07.2026,Глаголы с аккузативом,erfragen,-,-,"узнавать, запрашивать",Ich erfrage den Preis.,Я узнаю цену.,erfragen | Ich erfrage den Preis.,"узнавать, запрашивать | Я узнаю цену.",1,21.07.2026,0,0,
17.07.2026,Глаголы с аккузативом,erleben,-,-,"переживать, испытывать, узнавать",In Berlin erlebt man viel Kultur.,В Берлине можно узнать много культуры.,erleben | In Berlin erlebt man viel Kultur.,"переживать, испытывать, узнавать | В Берлине можно узнать много культуры.",1,21.07.2026,0,0,
17.07.2026,Глаголы с аккузативом,eröffnen,-,-,открывать,Ich eröffne ein Konto.,Я открываю счет.,eröffnen | Ich eröffne ein Konto.,открывать | Я открываю счет.,1,21.07.2026,0,0,
17.07.2026,Глаголы с аккузативом,erzählen,-,-,рассказывать,Lukas erzählt eine Geschichte.,Лукас рассказывает историю.,erzählen | Lukas erzählt eine Geschichte.,рассказывать | Лукас рассказывает историю.,1,21.07.2026,0,0,
17.07.2026,Глаголы с аккузативом,erziehen,-,-,воспитывать,Ich erziehe meinen Sohn allein.,Я воспитываю своего сына одна.,erziehen | Ich erziehe meinen Sohn allein.,воспитывать | Я воспитываю своего сына одна.,1,21.07.2026,0,0,
17.07.2026,Глаголы с аккузативом,essen,-,-,"есть, кушать",Er isst einen Salat.,Он ест салат.,essen | Er isst einen Salat.,"есть, кушать | Он ест салат.",1,21.07.2026,0,0,
19.07.2026,Глаголы с аккузативом,füllen,-,-,"наполнять, заполнять",Man füllt die Kartoffeln in die Form.,Картофель выкладывают в форму.,füllen | Man füllt die Kartoffeln in die Form.,"наполнять, заполнять | Картофель выкладывают в форму.",1,21.07.2026,0,0,
20.07.2026,Глаголы с аккузативом,geben,-,-,"давать – Дайте мне, пожалуйста, еще шесть яиц.",Ich gebe dir einen Apfel.,Я даю тебе яблоко.,geben | Ich gebe dir einen Apfel.,"давать – Дайте мне, пожалуйста, еще шесть яиц. | Я даю тебе яблоко.",1,21.07.2026,0,0,
21.07.2026,Глаголы с аккузативом,gießen,-,-,"лить, поливать",Ich gieße Wasser in das Glas.,Я наливаю воду в стакан.,gießen | Ich gieße Wasser in das Glas.,"лить, поливать | Я наливаю воду в стакан.",1,21.07.2026,0,0,
22.07.2026,Глаголы с аккузативом,grillen,-,-,жарить на гриле,Die Männer grillen das Fleisch.,Мужчины жарят мясо на гриле.,grillen | Die Männer grillen das Fleisch.,жарить на гриле | Мужчины жарят мясо на гриле.,1,21.07.2026,0,0,
17.07.2026,Глаголы с аккузативом,hochtragen,-,-,заносить наверх,Tom trägt die Kartons hoch.,Том заносит коробки наверх.,hochtragen | Tom trägt die Kartons hoch.,заносить наверх | Том заносит коробки наверх.,1,21.07.2026,0,0,
17.07.2026,Глаголы с аккузативом,informieren,-,-,"информировать, сообщать",Ich informiere dich über den Termin.,Я сообщу тебе о встрече.,informieren | Ich informiere dich über den Termin.,"информировать, сообщать | Я сообщу тебе о встрече.",1,21.07.2026,0,0,
17.07.2026,Глаголы с аккузативом,installieren,-,-,устанавливать,Ich installiere eine App auf dem Handy.,Я устанавливаю приложение на мобильный телефон.,installieren | Ich installiere eine App auf dem Handy.,устанавливать | Я устанавливаю приложение на мобильный телефон.,1,21.07.2026,0,0,
17.07.2026,Глаголы с аккузативом,kennenlernen,-,-,знакомиться,Lukas lernt viele Leute kennen.,Лукас знакомится со многими людьми.,kennenlernen | Lukas lernt viele Leute kennen.,знакомиться | Лукас знакомится со многими людьми.,1,21.07.2026,0,0,
17.07.2026,Глаголы с аккузативом,kicken,-,-,"пинать, играть в футбол",Wir kicken am Wochenende im Park.,Мы играем в футбол в парке на выходных.,kicken | Wir kicken am Wochenende im Park.,"пинать, играть в футбол | Мы играем в футбол в парке на выходных.",1,21.07.2026,0,0,
17.07.2026,Глаголы с аккузативом,klären,-,-,"выяснять, прояснять, разъяснять",Ich kläre das Problem.,Я проясняю проблему.,klären | Ich kläre das Problem.,"выяснять, прояснять, разъяснять | Я проясняю проблему.",1,21.07.2026,0,0,
17.07.2026,Глаголы с аккузативом,konjugieren,-,-,спрягать,Er konjugiert das Verb fallen.,Он спрягает глагол падать.,konjugieren | Er konjugiert das Verb fallen.,спрягать | Он спрягает глагол падать.,1,21.07.2026,0,0,
17.07.2026,Глаголы с аккузативом,korrigieren,-,-,исправлять – Вы всегда исправляете свои домашние задания?,Ich korrigiere den Fehler.,Я исправляю ошибку.,korrigieren | Ich korrigiere den Fehler.,исправлять – Вы всегда исправляете свои домашние задания? | Я исправляю ошибку.,1,21.07.2026,0,0,
17.07.2026,Глаголы с аккузативом,krankschreiben,-,-,выписывать больничный,Der Arzt schreibt mich krank.,Врач выписывает мне больничный.,krankschreiben | Der Arzt schreibt mich krank.,выписывать больничный | Врач выписывает мне больничный.,1,21.07.2026,0,0,
17.07.2026,Глаголы с аккузативом,mitbenutzen,-,-,"совместно использовать, пользоваться вместе",Wir benutzen die Küche mit.,Мы пользуемся кухней вместе.,mitbenutzen | Wir benutzen die Küche mit.,"совместно использовать, пользоваться вместе | Мы пользуемся кухней вместе.",1,21.07.2026,0,0,
17.07.2026,Глаголы с аккузативом,mitbringen,-,-,приносить с собой,Ich bringe einen Salat mit.,Я принесу с собой салат.,mitbringen | Ich bringe einen Salat mit.,приносить с собой | Я принесу с собой салат.,1,21.07.2026,0,0,
17.07.2026,Глаголы с аккузативом,mitnehmen,-,-,брать с собой,Ich nehme mein Buch mit.,Я беру с собой свою книгу.,mitnehmen | Ich nehme mein Buch mit.,брать с собой | Я беру с собой свою книгу.,1,21.07.2026,0,0,
17.07.2026,Глаголы с аккузативом,mögen,-,-,нравиться – Мне нравятся твои очки.,Ich mag Pizza.,Я люблю пиццу.,mögen | Ich mag Pizza.,нравиться – Мне нравятся твои очки. | Я люблю пиццу.,1,21.07.2026,0,0,
17.07.2026,Глаголы с аккузативом,nachschlagen,-,-,"смотреть (в словаре), справляться",Ich schlage das Wort im Wörterbuch nach.,Я смотрю это слово в словаре.,nachschlagen | Ich schlage das Wort im Wörterbuch nach.,"смотреть (в словаре), справляться | Я смотрю это слово в словаре.",1,21.07.2026,0,0,
17.07.2026,Глаголы с аккузативом,nummerieren,-,-,нумеровать,Nummerieren Sie die Bilder.,Пронумеруйте картинки.,nummerieren | Nummerieren Sie die Bilder.,нумеровать | Пронумеруйте картинки.,1,21.07.2026,0,0,
17.07.2026,Глаголы с аккузативом,pflegen,-,-,"ухаживать, заботиться, поддерживать (сайт)",Ich pflege meine Blumen jeden Tag.,Я ухаживаю за своими цветами каждый день.,pflegen | Ich pflege meine Blumen jeden Tag.,"ухаживать, заботиться, поддерживать (сайт) | Я ухаживаю за своими цветами каждый день.",1,21.07.2026,0,0,
17.07.2026,Глаголы с аккузативом,planen,-,-,планировать,Wir planen eine Reise.,Мы планируем поездку.,planen | Wir planen eine Reise.,планировать | Мы планируем поездку.,1,21.07.2026,0,0,
17.07.2026,Глаголы с аккузативом,rauchen,-,-,курить,Ich rauche nicht.,Я не курю.,rauchen | Ich rauche nicht.,курить | Я не курю.,1,21.07.2026,0,0,
17.07.2026,Глаголы с аккузативом,reinigen,-,-,"чистить, убирать",Ich reinige mein Zimmer jeden Tag.,Я убираю свою комнату каждый день.,reinigen | Ich reinige mein Zimmer jeden Tag.,"чистить, убирать | Я убираю свою комнату каждый день.",1,21.07.2026,0,0,
17.07.2026,Глаголы с аккузативом,renovieren,-,-,делать ремонт,Die Familie renoviert die Wohnung.,Семья делает ремонт в квартире.,renovieren | Die Familie renoviert die Wohnung.,делать ремонт | Семья делает ремонт в квартире.,1,21.07.2026,0,0,
17.07.2026,Глаголы с аккузативом,reservieren,-,-,бронировать,Ich reserviere einen Tisch für heute Abend.,Я бронирую столик на сегодняшний вечер.,reservieren | Ich reserviere einen Tisch für heute Abend.,бронировать | Я бронирую столик на сегодняшний вечер.,1,21.07.2026,0,0,
17.07.2026,Глаголы с аккузативом,röntgen,-,-,делать рентген,Der Arzt röntgt meinen Arm.,Врач делает рентген моей руки.,röntgen | Der Arzt röntgt meinen Arm.,делать рентген | Врач делает рентген моей руки.,1,21.07.2026,0,0,
17.07.2026,Глаголы с аккузативом,rufen,-,-,"звонить, звать",Carlos ruft den Krankenwagen.,Карлос вызывает скорую помощь.,rufen | Carlos ruft den Krankenwagen.,"звонить, звать | Карлос вызывает скорую помощь.",1,21.07.2026,0,0,
17.07.2026,Глаголы с аккузативом,sauber halten,-,-,содержать в чистоте,Ich halte mein Zimmer sauber.,Я содержу свою комнату в чистоте.,sauber halten | Ich halte mein Zimmer sauber.,содержать в чистоте | Я содержу свою комнату в чистоте.,1,21.07.2026,0,0,
17.07.2026,Глаголы с аккузативом,schälen,-,-,чистить (кожуру),Er schält den Apfel.,Он чистит яблоко.,schälen | Er schält den Apfel.,чистить (кожуру) | Он чистит яблоко.,1,21.07.2026,0,0,
17.07.2026,Глаголы с аккузативом,signalisieren,-,-,"сигнализировать, указывать",Diese Wörter signalisieren die Vergangenheit.,Эти слова указывают на прошедшее время.,signalisieren | Diese Wörter signalisieren die Vergangenheit.,"сигнализировать, указывать | Эти слова указывают на прошедшее время.",1,21.07.2026,0,0,
17.07.2026,Глаголы с аккузативом,sparen,-,-,"экономить, копить",Ich spare Geld für ein neues Fahrrad.,Я коплю деньги на новый велосипед.,sparen | Ich spare Geld für ein neues Fahrrad.,"экономить, копить | Я коплю деньги на новый велосипед.",1,21.07.2026,0,0,
17.07.2026,Глаголы с аккузативом,tauschen,-,-,"обменивать, менять",Tauschen Sie die Lernkarten mit Ihrem Partner.,Поменяйтесь карточками для обучения со своим партнером.,tauschen | Tauschen Sie die Lernkarten mit Ihrem Partner.,"обменивать, менять | Поменяйтесь карточками для обучения со своим партнером.",1,21.07.2026,0,0,
17.07.2026,Глаголы с аккузативом,testen,-,-,"тестировать, проверять",Ich teste mein neues Handy.,Я тестирую свой новый мобильный телефон.,testen | Ich teste mein neues Handy.,"тестировать, проверять | Я тестирую свой новый мобильный телефон.",1,21.07.2026,0,0,
17.07.2026,Глаголы с аккузативом,tragen,-,-,"нести, носить",Ich trage eine blaue Tasche.,Я несу синюю сумку.,tragen | Ich trage eine blaue Tasche.,"нести, носить | Я несу синюю сумку.",1,21.07.2026,0,0,
17.07.2026,Глаголы с аккузативом,treffen,-,-,встречать,Ich treffe meinen Freund heute.,Я встречаю своего друга сегодня.,treffen | Ich treffe meinen Freund heute.,встречать | Я встречаю своего друга сегодня.,1,21.07.2026,0,0,
17.07.2026,Глаголы с аккузативом,trennen,-,-,"разделять, сортировать",Wir trennen unseren Müll.,Мы сортируем наш мусор.,trennen | Wir trennen unseren Müll.,"разделять, сортировать | Мы сортируем наш мусор.",1,21.07.2026,0,0,
17.07.2026,Глаголы с аккузативом,trocknen,-,-,сушить,Er trocknet seine Wäsche im Keller.,Он сушит свое белье в подвале.,trocknen | Er trocknet seine Wäsche im Keller.,сушить | Он сушит свое белье в подвале.,1,21.07.2026,0,0,
17.07.2026,Глаголы с аккузативом,überweisen,-,-,переводить (деньги),Ich überweise das Geld für die Miete.,Я перевожу деньги за аренду.,überweisen | Ich überweise das Geld für die Miete.,переводить (деньги) | Я перевожу деньги за аренду.,1,21.07.2026,0,0,
17.07.2026,Глаголы с аккузативом,untersuchen,-,-,"исследовать, осматривать",Der Arzt untersucht den Patienten.,Врач осматривает пациента.,untersuchen | Der Arzt untersucht den Patienten.,"исследовать, осматривать | Врач осматривает пациента.",1,21.07.2026,0,0,
17.07.2026,Глаголы с аккузативом,variieren,-,-,"варьировать, изменять",Variieren Sie den Dialog mit neuen Wörtern.,Измените диалог с помощью новых слов.,variieren | Variieren Sie den Dialog mit neuen Wörtern.,"варьировать, изменять | Измените диалог с помощью новых слов.",1,21.07.2026,0,0,
17.07.2026,Глаголы с аккузативом,verbinden,-,-,"соединять – Минуточку, я соединю вас с отделом по работе с клиентами.",Ich verbinde Sie mit meinem Kollegen.,Я соединю вас с моим коллегой.,verbinden | Ich verbinde Sie mit meinem Kollegen.,"соединять – Минуточку, я соединю вас с отделом по работе с клиентами. | Я соединю вас с моим коллегой.",1,21.07.2026,0,0,
17.07.2026,Глаголы с аккузативом,verdienen,-,-,зарабатывать,Ich verdiene 1000 Euro im Monat.,Я зарабатываю 1000 евро в месяц.,verdienen | Ich verdiene 1000 Euro im Monat.,зарабатывать | Я зарабатываю 1000 евро в месяц.,1,21.07.2026,0,0,
17.07.2026,Глаголы с аккузативом,vereinbaren,-,-,договариваться (о встрече),Ich vereinbare einen Termin.,Я договариваюсь о встрече.,vereinbaren | Ich vereinbare einen Termin.,договариваться (о встрече) | Я договариваюсь о встрече.,1,21.07.2026,0,0,
17.07.2026,Глаголы с аккузативом,verkaufen,-,-,продавать,Ich verkaufe mein altes Fahrrad.,Я продаю свой старый велосипед.,verkaufen | Ich verkaufe mein altes Fahrrad.,продавать | Я продаю свой старый велосипед.,1,21.07.2026,0,0,
17.07.2026,Глаголы с аккузативом,vermeiden,die,die Seiten,страница,Ich lese Seite 3.,Я читаю страницу 3.,die vermeiden | Ich lese Seite 3.,страница | Я читаю страницу 3.,1,21.07.2026,0,0,
17.07.2026,Глаголы с аккузативом,vermieten,-,-,избегать,Ich vermeide Zucker.,Я избегаю сахара.,vermieten | Ich vermeide Zucker.,избегать | Я избегаю сахара.,1,21.07.2026,0,0,
17.07.2026,Глаголы с аккузативом,verschieben,-,-,сдавать в аренду,Frau Feldmann vermietet ein Zimmer.,Он сдаёт свою квартиру студентам.,verschieben | Frau Feldmann vermietet ein Zimmer.,сдавать в аренду | Он сдаёт свою квартиру студентам.,1,21.07.2026,0,0,
17.07.2026,Глаголы с аккузативом,verteilen,-,-,"распределять, раздавать",Verteilen Sie Blätter in der Klasse.,Учитель раздает задания ученикам.,verteilen | Verteilen Sie Blätter in der Klasse.,"распределять, раздавать | Учитель раздает задания ученикам.",1,21.07.2026,0,0,
17.07.2026,Глаголы с аккузативом,vorheizen,-,-,"предварительно разогревать, прогревать",Man muss den Backofen vorheizen.,"Пожалуйста, предварительно разогрейте духовку до 180 градусов.",vorheizen | Man muss den Backofen vorheizen.,"предварительно разогревать, прогревать | Пожалуйста, предварительно разогрейте духовку до 180 градусов.",1,21.07.2026,0,0,
17.07.2026,Глаголы с аккузативом,wechseln,-,-,"менять, сменять",Ich wechsle mein T-Shirt.,Я меняю свою футболку.,wechseln | Ich wechsle mein T-Shirt.,"менять, сменять | Я меняю свою футболку.",1,21.07.2026,0,0,
17.07.2026,Глаголы с аккузативом,wegbringen,-,-,"уносить, уводить, убирать",Carlos bringt die Flaschen weg.,"Ты не мог бы, пожалуйста, вынести мусор?",wegbringen | Carlos bringt die Flaschen weg.,"уносить, уводить, убирать | Ты не мог бы, пожалуйста, вынести мусор?",1,21.07.2026,0,0,
17.07.2026,Глаголы с аккузативом,wegnehmen,-,-,"забирать, отнимать",Dann müssen Sie den Deckel wegnehmen.,Отец забрал у ребенка игрушку.,wegnehmen | Dann müssen Sie den Deckel wegnehmen.,"забирать, отнимать | Отец забрал у ребенка игрушку.",1,21.07.2026,0,0,
17.07.2026,Глаголы с аккузативом,weiterhören,-,-,продолжать слушать,Hören Sie die Geschichte weiter.,Я хочу продолжить слушать этот подкаст завтра.,weiterhören | Hören Sie die Geschichte weiter.,продолжать слушать | Я хочу продолжить слушать этот подкаст завтра.,1,21.07.2026,0,0,
17.07.2026,Глаголы с аккузативом,weiterlesen,-,-,читать дальше,Bitte lesen Sie den Text weiter.,"Пожалуйста, читайте текст дальше.",weiterlesen | Bitte lesen Sie den Text weiter.,"читать дальше | Пожалуйста, читайте текст дальше.",1,21.07.2026,0,0,
17.07.2026,Глаголы с аккузативом,weiterschreiben,-,-,продолжать писать,Schreiben Sie die Sätze weiter.,Я хочу завтра продолжить писать свою книгу.,weiterschreiben | Schreiben Sie die Sätze weiter.,продолжать писать | Я хочу завтра продолжить писать свою книгу.,1,21.07.2026,0,0,
17.07.2026,Глаголы с аккузативом,wissen,-,-,знать,Herr Mehlmann weiß den Weg leider nicht.,Я знаю ответ на этот вопрос.,wissen | Herr Mehlmann weiß den Weg leider nicht.,знать | Я знаю ответ на этот вопрос.,1,21.07.2026,0,0,
17.07.2026,Глаголы с аккузативом,würzen,-,-,"приправлять, добавлять специи",Er würzt den Auflauf mit Salz und Pfeffer.,Тебе нужно еще приправить суп солью и перцем.,würzen | Er würzt den Auflauf mit Salz und Pfeffer.,"приправлять, добавлять специи | Тебе нужно еще приправить суп солью и перцем.",1,21.07.2026,0,0,
17.07.2026,Глаголы с аккузативом,zahlen,-,-,платить,Sie zahlt 200 Euro.,"Я хотел бы заплатить, пожалуйста.",zahlen | Sie zahlt 200 Euro.,"платить | Я хотел бы заплатить, пожалуйста.",1,21.07.2026,0,0,
17.07.2026,Глаголы с аккузативом,ziehen,-,-,"тянуть, тащить, переезжать",Swetlana zieht mit ihrer Familie nach Deutschland.,В следующем месяце мы переезжаем в Берлин.,ziehen | Swetlana zieht mit ihrer Familie nach Deutschland.,"тянуть, тащить, переезжать | В следующем месяце мы переезжаем в Берлин.",1,21.07.2026,0,0,
17.07.2026,Kap1_Hallo!,Kapitel 1,-,Kapitel,глава,Wir lesen Kapitel 1.,Мы читаем первую главу.,Kapitel 1 | Wir lesen Kapitel 1.,глава | Мы читаем первую главу.,1,21.07.2026,0,0,Kapitel 1 – Hallo!
17.07.2026,Kap1_Hallo!,"​(sich) vorstellen, er stellt (sich) vor, hat (sich) vorgestellt",-,-,представляться (sich vorstellen) / представлять (что-то),Ich stelle mich vor: Ich heiße Max.,Я представляюсь: меня зовут Макс.,"​(sich) vorstellen, er stellt (sich) vor, hat (sich) vorgestellt | Ich stelle mich vor: Ich heiße Max.",представляться (sich vorstellen) / представлять (что-то) | Я представляюсь: меня зовут Макс.,1,21.07.2026,0,0,Kapitel 1 – Hallo!
17.07.2026,Kap1_Hallo!,"​begrüßen, er begrüßt, begrüßt",-,-,приветствовать,Er begrüßt seine Freunde.,Он приветствует своих друзей.,"​begrüßen, er begrüßt, begrüßt | Er begrüßt seine Freunde.",приветствовать | Он приветствует своих друзей.,1,21.07.2026,0,0,Kapitel 1 – Hallo!
17.07.2026,Kap1_Hallo!,"​buchstabieren, er buchstabiert, buchstabiert",-,-,произносить по буквам,Können Sie Ihren Namen bitte buchstabieren?,"Можете ли вы, пожалуйста, произнести ваше имя по буквам?","​buchstabieren, er buchstabiert, buchstabiert | Können Sie Ihren Namen bitte buchstabieren?","произносить по буквам | Можете ли вы, пожалуйста, произнести ваше имя по буквам?",1,21.07.2026,0,0,Kapitel 1 – Hallo!
17.07.2026,Kap1_Hallo!,"​sich verabschieden, er verabschiedet sich, hat sich verabschiedet",-,-,прощаться,Ich verabschiede mich von meinen Freunden.,Я прощаюсь со своими друзьями.,"​sich verabschieden, er verabschiedet sich, hat sich verabschiedet | Ich verabschiede mich von meinen Freunden.",прощаться | Я прощаюсь со своими друзьями.,1,21.07.2026,0,0,Kapitel 1 – Hallo!
17.07.2026,Kap1_Hallo!,über,-,-,"над, через, о",Das Bild hängt über dem Sofa.,Картина висит над диваном.,über | Das Bild hängt über dem Sofa.,"над, через, о | Картина висит над диваном.",1,21.07.2026,0,0,Kapitel 1 – Hallo!
17.07.2026,Kap1_Hallo!,aus,-,-,из,Ich komme aus Deutschland.,Я из Германии.,aus | Ich komme aus Deutschland.,из | Я из Германии.,1,21.07.2026,0,0,Kapitel 1 – Hallo!
17.07.2026,Kap1_Hallo!,im,-,-,в (в том),Ich bin im Park.,Я в парке.,im | Ich bin im Park.,в (в том) | Я в парке.,1,21.07.2026,0,0,Kapitel 1 – Hallo!
17.07.2026,Kap1_Hallo!,kommen,-,-,"приходить, приезжать",Wann kommst du nach Hause?,Когда ты приходишь домой?,kommen | Wann kommst du nach Hause?,"приходить, приезжать | Когда ты приходишь домой?",1,21.07.2026,0,0,Kapitel 1 – Hallo!
17.07.2026,Kap1_Hallo!,woher,-,-,откуда,Woher kommen Sie?,Откуда вы?,woher | Woher kommen Sie?,откуда | Откуда вы?,1,21.07.2026,0,0,Kapitel 1 – Hallo!
17.07.2026,Kap1_Hallo!,Kursleiterin,die,die Kursleiterinnen,"руководительница курса, ведущая курса",Die Kursleiterin ist sehr freundlich.,Руководительница курса очень дружелюбная.,die Kursleiterin | Die Kursleiterin ist sehr freundlich.,"руководительница курса, ведущая курса | Руководительница курса очень дружелюбная.",1,21.07.2026,0,0,Kapitel 1 – Hallo!
17.07.2026,Kap1_Hallo!,in,-,-,в,Ich wohne in Deutschland.,Я живу в Германии.,in | Ich wohne in Deutschland.,в | Я живу в Германии.,1,21.07.2026,0,0,Kapitel 1 – Hallo!
17.07.2026,Kap1_Hallo!,"​raten, er rät, geraten",-,-,"советовать, отгадывать","Er hat mir geraten, zum Arzt zu gehen.",Он посоветовал мне пойти к врачу.,"​raten, er rät, geraten | Er hat mir geraten, zum Arzt zu gehen.","советовать, отгадывать | Он посоветовал мне пойти к врачу.",1,21.07.2026,0,0,Kapitel 1 – Hallo!
17.07.2026,Kap1_Hallo!,​wer (Wer ist das?),-,-,кто,Wer ist dieser Mann?,Кто этот мужчина?,​wer (Wer ist das?) | Wer ist dieser Mann?,кто | Кто этот мужчина?,1,21.07.2026,0,0,Kapitel 1 – Hallo!
17.07.2026,Kap1_Hallo!,"​wohnen, er wohnt, gewohnt",-,-,"жить, проживать",Er wohnt in einer kleinen Wohnung in Berlin.,Он живет в маленькой квартире в Берлине.,"​wohnen, er wohnt, gewohnt | Er wohnt in einer kleinen Wohnung in Berlin.","жить, проживать | Он живет в маленькой квартире в Берлине.",1,21.07.2026,0,0,Kapitel 1 – Hallo!
17.07.2026,Kap1_Hallo!,"​zuordnen, er ordnet zu, zugeordnet",-,-,"сопоставлять, относить, классифицировать",Bitte ordnen Sie die Bilder den richtigen Begriffen zu.,"Пожалуйста, сопоставьте картинки с правильными понятиями.","​zuordnen, er ordnet zu, zugeordnet | Bitte ordnen Sie die Bilder den richtigen Begriffen zu.","сопоставлять, относить, классифицировать | Пожалуйста, сопоставьте картинки с правильными понятиями.",1,21.07.2026,0,0,Kapitel 1 – Hallo!
17.07.2026,Kap1_Hallo!,"​kontrollieren, er kontrolliert, kontrolliert",-,-,"контролировать, проверять",Der Lehrer kontrolliert die Hausaufgaben der Schüler.,Учитель проверяет домашнее задание учеников.,"​kontrollieren, er kontrolliert, kontrolliert | Der Lehrer kontrolliert die Hausaufgaben der Schüler.","контролировать, проверять | Учитель проверяет домашнее задание учеников.",1,21.07.2026,0,0,Kapitel 1 – Hallo!
17.07.2026,Kap1_Hallo!,7​das Portugiesisch,das,Sg.,португальский язык,"Ich lerne Portugiesisch, weil ich nach Brasilien reisen möchte.","Я учу португальский, потому что хочу поехать в Бразилию.","das 7​das Portugiesisch | Ich lerne Portugiesisch, weil ich nach Brasilien reisen möchte.","португальский язык | Я учу португальский, потому что хочу поехать в Бразилию.",1,21.07.2026,0,0,Kapitel 1 – Hallo!
17.07.2026,Kap1_Hallo!,"​liegen, er liegt, gelegen (Wo liegt das?)",-,-,"лежать, находиться",Das Buch liegt auf dem Tisch.,Книга лежит на столе.,"​liegen, er liegt, gelegen (Wo liegt das?) | Das Buch liegt auf dem Tisch.","лежать, находиться | Книга лежит на столе.",1,21.07.2026,0,0,Kapitel 1 – Hallo!
17.07.2026,Kap1_Hallo!,genau,-,-,точно,Das ist genau richtig.,Это совершенно верно.,genau | Das ist genau richtig.,точно | Это совершенно верно.,1,21.07.2026,0,0,Kapitel 1 – Hallo!
17.07.2026,Kap1_Hallo!,8​ander- (andere vorstellen),-,-,другой (другие),Darf ich Ihnen die anderen vorstellen?,Могу я представить вам других?,8​ander- (andere vorstellen) | Darf ich Ihnen die anderen vorstellen?,другой (другие) | Могу я представить вам других?,1,21.07.2026,0,0,Kapitel 1 – Hallo!
17.07.2026,Kap1_Hallo!,"​sammeln, er sammelt, gesammelt",-,-,"собирать, коллекционировать",Er sammelt seit vielen Jahren Briefmarken.,Он уже много лет собирает марки.,"​sammeln, er sammelt, gesammelt | Er sammelt seit vielen Jahren Briefmarken.","собирать, коллекционировать | Он уже много лет собирает марки.",1,21.07.2026,0,0,Kapitel 1 – Hallo!
17.07.2026,Kap1_Hallo!,Nachbarin,die,die Nachbarinnen,соседка,Meine Nachbarin ist sehr freundlich.,Моя соседка очень дружелюбная.,die Nachbarin | Meine Nachbarin ist sehr freundlich.,соседка | Моя соседка очень дружелюбная.,1,21.07.2026,0,0,Kapitel 1 – Hallo!
17.07.2026,Kap1_Hallo!,9​das Alphabet,das,die Alphabete,алфавит,Kinder lernen das Alphabet in der Schule.,Дети учат алфавит в школе.,das 9​das Alphabet | Kinder lernen das Alphabet in der Schule.,алфавит | Дети учат алфавит в школе.,1,21.07.2026,0,0,Kapitel 1 – Hallo!
17.07.2026,Kap1_Hallo!,"Rhythmus, Rhythmen",der,Rhythmen,ритм,Der Rhythmus des Liedes ist sehr schnell.,Ритм песни очень быстрый.,"der Rhythmus, Rhythmen | Der Rhythmus des Liedes ist sehr schnell.",ритм | Ритм песни очень быстрый.,1,21.07.2026,0,0,Kapitel 1 – Hallo!
17.07.2026,Kap1_Hallo!,"​lernen, er lernt, gelernt",-,-,"учить, учиться",Er lernt jeden Tag Deutsch.,Он каждый день учит немецкий язык.,"​lernen, er lernt, gelernt | Er lernt jeden Tag Deutsch.","учить, учиться | Он каждый день учит немецкий язык.",1,21.07.2026,0,0,Kapitel 1 – Hallo!
17.07.2026,Kap1_Hallo!,11​die Leute,die,Pl.,люди,Viele Leute sind heute im Park.,Сегодня в парке много людей.,die 11​die Leute | Viele Leute sind heute im Park.,люди | Сегодня в парке много людей.,1,21.07.2026,0,0,Kapitel 1 – Hallo!
17.07.2026,Kap1_Hallo!,"​verstehen, er versteht, verstanden",-,-,понимать,Ich verstehe dich sehr gut.,Я очень хорошо тебя понимаю.,"​verstehen, er versteht, verstanden | Ich verstehe dich sehr gut.",понимать | Я очень хорошо тебя понимаю.,1,21.07.2026,0,0,Kapitel 1 – Hallo!
17.07.2026,Kap1_Hallo!,Sekretärin,die,die Sekretärinnen,секретарь (женщина),Die Sekretärin vereinbart einen Termin für den Chef.,Секретарь договаривается о встрече для начальника.,die Sekretärin | Die Sekretärin vereinbart einen Termin für den Chef.,секретарь (женщина) | Секретарь договаривается о встрече для начальника.,1,21.07.2026,0,0,Kapitel 1 – Hallo!
17.07.2026,Kap1_Hallo!,auf (+ A.),-,-,"на (одним взглядом, мельком)",Ich werfe einen Blick auf das Bild.,Я бросаю взгляд на картину.,auf (+ A.) | Ich werfe einen Blick auf das Bild.,"на (одним взглядом, мельком) | Я бросаю взгляд на картину.",1,21.07.2026,0,0,Kapitel 1 – Hallo!
17.07.2026,Kap1_Hallo!,"estnisch *,*",-,-,эстонский,Er spricht estnisch.,Он говорит по-эстонски.,"estnisch *,* | Er spricht estnisch.",эстонский | Он говорит по-эстонски.,1,21.07.2026,0,0,Kapitel 1 – Hallo!
17.07.2026,Kap1_Hallo!,"schwedisch *,*",-,-,шведский,Sie spricht schwedisch.,Она говорит по-шведски.,"schwedisch *,* | Sie spricht schwedisch.",шведский | Она говорит по-шведски.,1,21.07.2026,0,0,Kapitel 1 – Hallo!
17.07.2026,Kap1_Hallo!,"​haben, er hat, gehabt",-,-,иметь,Ich habe ein großes Haus.,У меня есть большой дом.,"​haben, er hat, gehabt | Ich habe ein großes Haus.",иметь | У меня есть большой дом.,1,21.07.2026,0,0,Kapitel 1 – Hallo!
17.07.2026,Kap1_Hallo!,"​oft, öfter, am öftesten",-,-,"часто, чаще, чаще всего","Wir treffen uns oft, aber im Sommer am öftesten.","Мы встречаемся часто, но летом чаще всего.","​oft, öfter, am öftesten | Wir treffen uns oft, aber im Sommer am öftesten.","часто, чаще, чаще всего | Мы встречаемся часто, но летом чаще всего.",1,21.07.2026,0,0,Kapitel 1 – Hallo!
17.07.2026,Kap1_Hallo!,am,-,-,в (в конце предложения),Am Satzende steht ein Punkt.,В конце предложения стоит точка.,am | Am Satzende steht ein Punkt.,в (в конце предложения) | В конце предложения стоит точка.,1,21.07.2026,0,0,Kapitel 1 – Hallo!
17.07.2026,Kap1_Hallo!,"​fallen, er fällt, ist gefallen",-,-,падать,Der Apfel fällt vom Baum.,Яблоко падает с дерева.,"​fallen, er fällt, ist gefallen | Der Apfel fällt vom Baum.",падать | Яблоко падает с дерева.,1,21.07.2026,0,0,Kapitel 1 – Hallo!
17.07.2026,Kap1_Hallo!,"​steigen, er steigt, ist gestiegen",-,-,"подниматься, расти, увеличиваться",Die Preise für Lebensmittel steigen im Moment sehr schnell.,Цены на продукты питания сейчас растут очень быстро.,"​steigen, er steigt, ist gestiegen | Die Preise für Lebensmittel steigen im Moment sehr schnell.","подниматься, расти, увеличиваться | Цены на продукты питания сейчас растут очень быстро.",1,21.07.2026,0,0,Kapitel 1 – Hallo!
17.07.2026,Kap1_Hallo!,"​antworten, er antwortet, geantwortet",-,-,отвечать,Er antwortet auf meine Frage.,Он отвечает на мой вопрос.,"​antworten, er antwortet, geantwortet | Er antwortet auf meine Frage.",отвечать | Он отвечает на мой вопрос.,1,21.07.2026,0,0,Kapitel 1 – Hallo!
17.07.2026,Kap 2_Wie geht's?,Kapitel 2,-,die Kapitel,Глава 2,Wie geht's?,"Пожалуйста, прочитайте вторую главу к следующему уроку.",Kapitel 2 | Wie geht's?,"Глава 2 | Пожалуйста, прочитайте вторую главу к следующему уроку.",1,21.07.2026,0,0,Kapitel 2 – Wie geht's?
17.07.2026,Kap 2_Wie geht's?,Danke,-,-,спасибо,Danke schön für das Geschenk!,Большое спасибо за подарок!,Danke | Danke schön für das Geschenk!,спасибо | Большое спасибо за подарок!,1,21.07.2026,0,0,Kapitel 2 – Wie geht's?
17.07.2026,Kap 2_Wie geht's?,"​gut, besser, am besten",-,-,"хороший, лучше, самый лучший","Das ist gut, aber das ist besser.","Это хорошо, но это лучше.","​gut, besser, am besten | Das ist gut, aber das ist besser.","хороший, лучше, самый лучший | Это хорошо, но это лучше.",1,21.07.2026,0,0,Kapitel 2 – Wie geht's?
17.07.2026,Kap 2_Wie geht's?,"​möchten, er möchte, gemocht",-,-,"хотеть, желать",Ich möchte einen Kaffee trinken.,Я хотел(а) бы выпить кофе.,"​möchten, er möchte, gemocht | Ich möchte einen Kaffee trinken.","хотеть, желать | Я хотел(а) бы выпить кофе.",1,21.07.2026,0,0,Kapitel 2 – Wie geht's?
17.07.2026,Kap 2_Wie geht's?,"​nehmen, er nimmt, genommen (Nimmst du Milch und Zucker?)",-,-,брать,Nimmst du Milch und Zucker?,Ты берешь молоко и сахар?,"​nehmen, er nimmt, genommen (Nimmst du Milch und Zucker?) | Nimmst du Milch und Zucker?",брать | Ты берешь молоко и сахар?,1,21.07.2026,0,0,Kapitel 2 – Wie geht's?
17.07.2026,Kap 2_Wie geht's?,"​sagen, er sagt, gesagt",-,-,"говорить, сказать",Er sagt: „Guten Tag!“,Он говорит: „Добрый день!“,"​sagen, er sagt, gesagt | Er sagt: „Guten Tag!“","говорить, сказать | Он говорит: „Добрый день!“",1,21.07.2026,0,0,Kapitel 2 – Wie geht's?
17.07.2026,Kap 2_Wie geht's?,"super, toll",-,-,"супер, отличный",Das Wetter ist heute super.,Погода сегодня супер.,"super, toll | Das Wetter ist heute super.","супер, отличный | Погода сегодня супер.",1,21.07.2026,0,0,Kapitel 2 – Wie geht's?
17.07.2026,Kap 2_Wie geht's?,"​trinken, er trinkt, getrunken",-,-,пить,Ich trinke gern Wasser.,Я люблю пить воду.,"​trinken, er trinkt, getrunken | Ich trinke gern Wasser.",пить | Я люблю пить воду.,1,21.07.2026,0,0,Kapitel 2 – Wie geht's?
17.07.2026,Kap 2_Wie geht's?,von,-,-,от,Zähle bitte von 1 bis 10.,"Посчитай, пожалуйста, от 1 до 10.",von | Zähle bitte von 1 bis 10.,"от | Посчитай, пожалуйста, от 1 до 10.",1,21.07.2026,0,0,Kapitel 2 – Wie geht's?
17.07.2026,Kap 2_Wie geht's?,"​was (Sie sagt, was sie trinken möchte.)",-,-,что,Was trinkst du?,Что ты пьешь?,"​was (Sie sagt, was sie trinken möchte.) | Was trinkst du?",что | Что ты пьешь?,1,21.07.2026,0,0,Kapitel 2 – Wie geht's?
18.07.2026,Kap 2_Wie geht's?,Baum,der,Bäume,дерево,Der Baum ist groß.,Дерево большое.,der Baum | Der Baum ist groß.,дерево | Дерево большое.,1,21.07.2026,0,0,
17.07.2026,Kap 2_Wie geht's?,"​zählen, er zählt, gezählt",-,-,"считать, иметь значение",Er kann schon bis zehn zählen.,Он уже умеет считать до десяти.,"​zählen, er zählt, gezählt | Er kann schon bis zehn zählen.","считать, иметь значение | Он уже умеет считать до десяти.",1,21.07.2026,0,0,Kapitel 2 – Wie geht's?
17.07.2026,Kap 2_Wie geht's?,"1​zeichnen, er zeichnet, gezeichnet",-,-,рисовать,Ich zeichne ein Bild.,Я рисую картину.,"1​zeichnen, er zeichnet, gezeichnet | Ich zeichne ein Bild.",рисовать | Я рисую картину.,1,21.07.2026,0,0,Kapitel 2 – Wie geht's?
17.07.2026,Kap 2_Wie geht's?,Phase,die,die Phasen,"фаза, этап",Das ist eine wichtige Phase.,Это важный этап.,die Phase | Das ist eine wichtige Phase.,"фаза, этап | Это важный этап.",1,21.07.2026,0,0,Kapitel 2 – Wie geht's?
17.07.2026,Kap 2_Wie geht's?,"​ganz , (der ganze Kurs)",-,-,"весь, целый",Der ganze Kurs hat die Prüfung bestanden.,Весь курс сдал экзамен.,"​ganz , (der ganze Kurs) | Der ganze Kurs hat die Prüfung bestanden.","весь, целый | Весь курс сдал экзамен.",1,21.07.2026,0,0,Kapitel 2 – Wie geht's?
17.07.2026,Kap 2_Wie geht's?,"2​ansehen, er sieht an, angesehen",-,-,"смотреть, рассматривать",Ich sehe mir den Film an.,Я смотрю фильм.,"2​ansehen, er sieht an, angesehen | Ich sehe mir den Film an.","смотреть, рассматривать | Я смотрю фильм.",1,21.07.2026,0,0,Kapitel 2 – Wie geht's?
17.07.2026,Kap 2_Wie geht's?,​viel- (mit viel Milch),-,-,много,Ich trinke meinen Kaffee am liebsten mit viel Milch.,Я предпочитаю пить кофе с большим количеством молока.,​viel- (mit viel Milch) | Ich trinke meinen Kaffee am liebsten mit viel Milch.,много | Я предпочитаю пить кофе с большим количеством молока.,1,21.07.2026,0,0,Kapitel 2 – Wie geht's?
17.07.2026,Kap 2_Wie geht's?,3​gehen (Wie geht’s?,-,-,"идти, ходить; поживать (в выражении «Wie geht’s?»)",Es geht.),Привет! Как у тебя дела?,3​gehen (Wie geht’s? | Es geht.),"идти, ходить; поживать (в выражении «Wie geht’s?») | Привет! Как у тебя дела?",1,21.07.2026,0,0,Kapitel 2 – Wie geht's?
17.07.2026,Kap 2_Wie geht's?,"​gern(e), lieber, am liebsten",-,-,"охотно, охотнее (предпочтительнее), больше всего (охотнее всего)","Ich trinke gern Tee, aber ich trinke lieber Kaffee, und am liebsten trinke ich Kakao.","Я с удовольствием пью чай, но больше люблю кофе, а больше всего мне нравится какао.","​gern(e), lieber, am liebsten | Ich trinke gern Tee, aber ich trinke lieber Kaffee, und am liebsten trinke ich Kakao.","охотно, охотнее (предпочтительнее), больше всего (охотнее всего) | Я с удовольствием пью чай, но больше люблю кофе, а больше всего мне нравится какао.",1,21.07.2026,0,0,Kapitel 2 – Wie geht's?
17.07.2026,Kap 2_Wie geht's?,4​die Ja/Nein-Frage,die,die Ja/Nein-Fragen,"вопрос, требующий ответа «да» или «нет»",Auf eine Ja/Nein-Frage antwortet man normalerweise mit Ja oder Nein.,"На вопрос, требующий ответа «да» или «нет», обычно отвечают «да» или «нет».",die 4​die Ja/Nein-Frage | Auf eine Ja/Nein-Frage antwortet man normalerweise mit Ja oder Nein.,"вопрос, требующий ответа «да» или «нет» | На вопрос, требующий ответа «да» или «нет», обычно отвечают «да» или «нет».",1,21.07.2026,0,0,Kapitel 2 – Wie geht's?
17.07.2026,Kap 2_Wie geht's?,​an (+ A./D.) (an der Tafel),-,-,"на, у, около",Der Schüler steht an der Tafel.,Ученик стоит у доски.,​an (+ A./D.) (an der Tafel) | Der Schüler steht an der Tafel.,"на, у, около | Ученик стоит у доски.",1,21.07.2026,0,0,Kapitel 2 – Wie geht's?
17.07.2026,Kap 2_Wie geht's?,"​kennen, er kennt, gekannt",-,-,"знать, быть знакомым (с кем-либо/чем-либо)",Ich kenne diesen Mann seit vielen Jahren.,Я знаю этого человека уже много лет.,"​kennen, er kennt, gekannt | Ich kenne diesen Mann seit vielen Jahren.","знать, быть знакомым (с кем-либо/чем-либо) | Я знаю этого человека уже много лет.",1,21.07.2026,0,0,Kapitel 2 – Wie geht's?
17.07.2026,Kap 2_Wie geht's?,Lehrerin,die,die Lehrerinnen,учительница,Unsere Lehrerin ist sehr freundlich und hilft uns immer.,Наша учительница очень дружелюбна и всегда помогает нам.,die Lehrerin | Unsere Lehrerin ist sehr freundlich und hilft uns immer.,учительница | Наша учительница очень дружелюбна и всегда помогает нам.,1,21.07.2026,0,0,Kapitel 2 – Wie geht's?
17.07.2026,Kap 2_Wie geht's?,Orangensaft,der,die Orangensäfte,апельсиновый сок,Ich trinke jeden Morgen ein Glas Orangensaft.,Я пью стакан апельсинового сока каждое утро.,der Orangensaft | Ich trinke jeden Morgen ein Glas Orangensaft.,апельсиновый сок | Я пью стакан апельсинового сока каждое утро.,1,21.07.2026,0,0,Kapitel 2 – Wie geht's?
17.07.2026,Kap 2_Wie geht's?,"​vorlesen, er liest vor, vorgelesen",-,-,читать вслух,Der Vater liest dem Kind eine Geschichte vor.,Отец читает ребёнку историю вслух.,"​vorlesen, er liest vor, vorgelesen | Der Vater liest dem Kind eine Geschichte vor.",читать вслух | Отец читает ребёнку историю вслух.,1,21.07.2026,0,0,Kapitel 2 – Wie geht's?
17.07.2026,Kap 2_Wie geht's?,5​die Cafeteria,die,die Cafeterias,кафетерий,In der Mittagspause essen wir meistens in der Cafeteria.,В обеденный перерыв мы обычно едим в кафетерии.,die 5​die Cafeteria | In der Mittagspause essen wir meistens in der Cafeteria.,кафетерий | В обеденный перерыв мы обычно едим в кафетерии.,1,21.07.2026,0,0,Kapitel 2 – Wie geht's?
17.07.2026,Kap 2_Wie geht's?,"​frei, freier, am frei(e)sten",-,-,свободный,Heute habe ich frei und kann im Park spazieren gehen.,Сегодня я свободен и могу пойти погулять в парк.,"​frei, freier, am frei(e)sten | Heute habe ich frei und kann im Park spazieren gehen.",свободный | Сегодня я свободен и могу пойти погулять в парк.,1,21.07.2026,0,0,Kapitel 2 – Wie geht's?
17.07.2026,Kap 2_Wie geht's?,"​klar (Ja, klar.)",-,-,"конечно, ясно, понятный","Kommst du heute Abend zu meiner Party? — Ja, klar!","Ты придешь сегодня вечером на мою вечеринку? — Да, конечно!","​klar (Ja, klar.) | Kommst du heute Abend zu meiner Party? — Ja, klar!","конечно, ясно, понятный | Ты придешь сегодня вечером на мою вечеринку? — Да, конечно!",1,21.07.2026,0,0,Kapitel 2 – Wie geht's?
17.07.2026,Kap 2_Wie geht's?,"​toll, toller, am tollsten",-,-,"классный, отличный, потрясающий",Ich finde deine Idee einfach toll.,Я нахожу твою идею просто отличной.,"​toll, toller, am tollsten | Ich finde deine Idee einfach toll.","классный, отличный, потрясающий | Я нахожу твою идею просто отличной.",1,21.07.2026,0,0,Kapitel 2 – Wie geht's?
17.07.2026,Kap 2_Wie geht's?,6​das Personalpronomen,das,die Personalpronomen,личное местоимение,Das Personalpronomen „ich“ steht in der ersten Person Singular.,Личное местоимение «я» стоит в первом лице единственного числа.,das 6​das Personalpronomen | Das Personalpronomen „ich“ steht in der ersten Person Singular.,личное местоимение | Личное местоимение «я» стоит в первом лице единственного числа.,1,21.07.2026,0,0,Kapitel 2 – Wie geht's?
17.07.2026,Kap 2_Wie geht's?,"​markieren, er markiert, markiert",-,-,"помечать, выделять",Bitte markieren Sie die wichtigen Wörter im Text.,"Пожалуйста, выделите важные слова в тексте.","​markieren, er markiert, markiert | Bitte markieren Sie die wichtigen Wörter im Text.","помечать, выделять | Пожалуйста, выделите важные слова в тексте.",1,21.07.2026,0,0,Kapitel 2 – Wie geht's?
17.07.2026,Kap 2_Wie geht's?,"​arbeiten (als), er arbeitet, gearbeitet",-,-,работать (кем-либо/в качестве кого-либо),Er arbeitet als Arzt in einem großen Krankenhaus.,Он работает врачом в большой больнице.,"​arbeiten (als), er arbeitet, gearbeitet | Er arbeitet als Arzt in einem großen Krankenhaus.",работать (кем-либо/в качестве кого-либо) | Он работает врачом в большой больнице.,1,21.07.2026,0,0,Kapitel 2 – Wie geht's?
17.07.2026,Kap 2_Wie geht's?,"Espresso, -s/Espressi",der,Espressos / Espressi,эспрессо,Ich trinke morgens gerne einen starken Espresso.,Я люблю пить крепкий эспрессо по утрам.,"der Espresso, -s/Espressi | Ich trinke morgens gerne einen starken Espresso.",эспрессо | Я люблю пить крепкий эспрессо по утрам.,1,21.07.2026,0,0,Kapitel 2 – Wie geht's?
17.07.2026,Kap 2_Wie geht's?,7​die Übung,die,die Übungen,упражнение,Diese Übung ist nicht schwer.,Это упражнение несложное.,die 7​die Übung | Diese Übung ist nicht schwer.,упражнение | Это упражнение несложное.,1,21.07.2026,0,0,Kapitel 2 – Wie geht's?
17.07.2026,Kap 2_Wie geht's?,8​bis,-,-,с 8 до,Das Geschäft ist von 8 bis 20 Uhr geöffnet.,Магазин открыт с 8 до 20 часов.,8​bis | Das Geschäft ist von 8 bis 20 Uhr geöffnet.,с 8 до | Магазин открыт с 8 до 20 часов.,1,21.07.2026,0,0,Kapitel 2 – Wie geht's?
17.07.2026,Kap 2_Wie geht's?,"​notieren, er notiert, notiert",-,-,"записывать, делать заметки",Er notiert sich die wichtigsten Punkte während der Besprechung.,Он записывает самые важные моменты во время совещания.,"​notieren, er notiert, notiert | Er notiert sich die wichtigsten Punkte während der Besprechung.","записывать, делать заметки | Он записывает самые важные моменты во время совещания.",1,21.07.2026,0,0,Kapitel 2 – Wie geht's?
17.07.2026,Kap 2_Wie geht's?,"​mitsprechen, er spricht mit, mitgesprochen",-,-,"иметь право голоса, участвовать в разговоре",Bei dieser wichtigen Entscheidung darf jeder mitsprechen.,В этом важном решении каждый имеет право голоса.,"​mitsprechen, er spricht mit, mitgesprochen | Bei dieser wichtigen Entscheidung darf jeder mitsprechen.","иметь право голоса, участвовать в разговоре | В этом важном решении каждый имеет право голоса.",1,21.07.2026,0,0,Kapitel 2 – Wie geht's?
17.07.2026,Kap 2_Wie geht's?,9​das Telefon,das,die Telefone,телефон,Mein Telefon klingelt.,Мой телефон звонит.,das 9​das Telefon | Mein Telefon klingelt.,телефон | Мой телефон звонит.,1,21.07.2026,0,0,Kapitel 2 – Wie geht's?
17.07.2026,Kap 2_Wie geht's?,"Postleitzahl, die",die,die Postleitzahlen,почтовый индекс,Wie ist Ihre Postleitzahl?,Какой у вас почтовый индекс?,"die Postleitzahl, die | Wie ist Ihre Postleitzahl?",почтовый индекс | Какой у вас почтовый индекс?,2,29.07.2026,1,1,Kapitel 2 – Wie geht's?
17.07.2026,Kap 2_Wie geht's?,"10​dauern, er dauert, gedauert",-,-,"длиться, продолжаться",Die Besprechung dauert eine Stunde.,Совещание длится один час.,"10​dauern, er dauert, gedauert | Die Besprechung dauert eine Stunde.","длиться, продолжаться | Совещание длится один час.",1,21.07.2026,0,0,Kapitel 2 – Wie geht's?
17.07.2026,Kap 2_Wie geht's?,"​müde, müder, am müdesten",-,-,"уставший, усталый",Nach einem langen Arbeitstag bin ich sehr müde.,После долгого рабочего дня я очень устал.,"​müde, müder, am müdesten | Nach einem langen Arbeitstag bin ich sehr müde.","уставший, усталый | После долгого рабочего дня я очень устал.",1,21.07.2026,0,0,Kapitel 2 – Wie geht's?
17.07.2026,Kap 2_Wie geht's?,11​die Kasse,die,die Kassen,касса,Bitte zahlen Sie an der Kasse.,"Пожалуйста, оплатите на кассе.",die 11​die Kasse | Bitte zahlen Sie an der Kasse.,"касса | Пожалуйста, оплатите на кассе.",1,21.07.2026,0,0,Kapitel 2 – Wie geht's?
17.07.2026,Kap 2_Wie geht's?,12​die Uhrzeit,die,die Uhrzeiten,время (по часам),Bitte nennen Sie mir die genaue Uhrzeit für unser Treffen.,"Пожалуйста, назовите мне точное время для нашей встречи.",die 12​die Uhrzeit | Bitte nennen Sie mir die genaue Uhrzeit für unser Treffen.,"время (по часам) | Пожалуйста, назовите мне точное время для нашей встречи.",1,21.07.2026,0,0,Kapitel 2 – Wie geht's?
17.07.2026,Kap 2_Wie geht's?,"​(sich) wiedersehen, er sieht wieder, wiedergesehen",-,-,"увидеться вновь, снова встретиться","Ich hoffe, dass wir uns bald wiedersehen.","Надеюсь, что мы скоро снова увидимся.","​(sich) wiedersehen, er sieht wieder, wiedergesehen | Ich hoffe, dass wir uns bald wiedersehen.","увидеться вновь, снова встретиться | Надеюсь, что мы скоро снова увидимся.",1,21.07.2026,0,0,Kapitel 2 – Wie geht's?
17.07.2026,Kap 2_Wie geht's?,"​anrufen, er ruft an, angerufen",-,-,звонить по телефону,Ich rufe dich morgen an.,Я позвоню тебе завтра.,"​anrufen, er ruft an, angerufen | Ich rufe dich morgen an.",звонить по телефону | Я позвоню тебе завтра.,1,21.07.2026,0,0,Kapitel 2 – Wie geht's?
17.07.2026,Kap 2_Wie geht's?,"​aus sein, er ist aus, ist aus gewesen",-,-,"закончиться, завершиться, быть выключенным",Das Spiel ist aus.,Игра окончена.,"​aus sein, er ist aus, ist aus gewesen | Das Spiel ist aus.","закончиться, завершиться, быть выключенным | Игра окончена.",1,21.07.2026,0,0,Kapitel 2 – Wie geht's?
17.07.2026,Kap 2_Wie geht's?,"​da sein, er ist da, ist da gewesen",-,-,"присутствовать, быть здесь, быть на месте","Ich bin froh, dass du da bist.","Я рад, что ты здесь.","​da sein, er ist da, ist da gewesen | Ich bin froh, dass du da bist.","присутствовать, быть здесь, быть на месте | Я рад, что ты здесь.",1,21.07.2026,0,0,Kapitel 2 – Wie geht's?
17.07.2026,Kap 2_Wie geht's?,"​erreichen, er erreicht, erreicht (Sie erreichen mich am Telefon unter der Nummer ...)",-,-,"достигать, дозваниваться, связаться",Sie erreichen mich am Telefon unter der Nummer 123456.,Вы можете связаться со мной по телефону по номеру 123456.,"​erreichen, er erreicht, erreicht (Sie erreichen mich am Telefon unter der Nummer ...) | Sie erreichen mich am Telefon unter der Nummer 123456.","достигать, дозваниваться, связаться | Вы можете связаться со мной по телефону по номеру 123456.",1,21.07.2026,0,0,Kapitel 2 – Wie geht's?
17.07.2026,Kap 2_Wie geht's?,"​fahren, er fährt, ist gefahren",-,-,"ехать, ездить, вести машину",Er fährt jeden Tag mit dem Auto zur Arbeit.,Он каждый день ездит на работу на машине.,"​fahren, er fährt, ist gefahren | Er fährt jeden Tag mit dem Auto zur Arbeit.","ехать, ездить, вести машину | Он каждый день ездит на работу на машине.",1,21.07.2026,0,0,Kapitel 2 – Wie geht's?
17.07.2026,Kap 2_Wie geht's?,"​können, er kann, können/gekonnt",-,-,"мочь, уметь",Er kann gut schwimmen.,Он умеет хорошо плавать.,"​können, er kann, können/gekonnt | Er kann gut schwimmen.","мочь, уметь | Он умеет хорошо плавать.",1,21.07.2026,0,0,Kapitel 2 – Wie geht's?
17.07.2026,Kap 2_Wie geht's?,mobil **,-,-,мобильный,Ich bin mobil erreichbar.,Я доступен по мобильному.,mobil ** | Ich bin mobil erreichbar.,мобильный | Я доступен по мобильному.,1,21.07.2026,0,0,Kapitel 2 – Wie geht's?
17.07.2026,Kap 2_Wie geht's?,​nach (Der Zug fährt von Frankfurt nach Stuttgart.),-,-,в (при указании направления),Wir fliegen im Sommer nach Deutschland.,Мы летим летом в Германию.,​nach (Der Zug fährt von Frankfurt nach Stuttgart.) | Wir fliegen im Sommer nach Deutschland.,в (при указании направления) | Мы летим летом в Германию.,1,21.07.2026,0,0,Kapitel 2 – Wie geht's?
17.07.2026,Kap 2_Wie geht's?,nicht,-,-,не,Das ist nicht gut.,Это не хорошо.,nicht | Das ist nicht gut.,не | Это не хорошо.,1,21.07.2026,0,0,Kapitel 2 – Wie geht's?
17.07.2026,Kap 2_Wie geht's?,unter,-,-,"под, среди",Die Katze schläft unter dem Tisch.,Кошка спит под столом.,unter | Die Katze schläft unter dem Tisch.,"под, среди | Кошка спит под столом.",1,21.07.2026,0,0,Kapitel 2 – Wie geht's?
17.07.2026,Kap 2_Wie geht's?,von … bis,-,-,от ... до (направление движения),Ich fahre von Frankfurt nach Stuttgart.,Я еду из Франкфурта в Штутгарт.,von … bis | Ich fahre von Frankfurt nach Stuttgart.,от ... до (направление движения) | Я еду из Франкфурта в Штутгарт.,1,21.07.2026,0,0,Kapitel 2 – Wie geht's?
17.07.2026,Kap 2_Wie geht's?,"​wählen, er wählt, gewählt",-,-,выбирать,Ich wähle ein Buch.,Я выбираю книгу.,"​wählen, er wählt, gewählt | Ich wähle ein Buch.",выбирать | Я выбираю книгу.,1,21.07.2026,0,0,Kapitel 2 – Wie geht's?
17.07.2026,Kap 2_Wie geht's?,13​das Angebot,das,die Angebote,предложение,Das Angebot ist sehr gut.,Это предложение очень хорошее.,das 13​das Angebot | Das Angebot ist sehr gut.,предложение | Это предложение очень хорошее.,1,21.07.2026,0,0,Kapitel 2 – Wie geht's?
17.07.2026,Kap 2_Wie geht's?,"​passen (zu), er passt, gepasst",-,-,подходить (к чему-либо),Die Hose passt gut zu dem Hemd.,Брюки хорошо подходят к рубашке.,"​passen (zu), er passt, gepasst | Die Hose passt gut zu dem Hemd.",подходить (к чему-либо) | Брюки хорошо подходят к рубашке.,1,21.07.2026,0,0,Kapitel 2 – Wie geht's?
17.07.2026,Kap 2_Wie geht's?,14​die Arbeitsanweisung,die,die Arbeitsanweisungen,рабочая инструкция,Hier ist die Arbeitsanweisung für heute.,Вот рабочая инструкция на сегодня.,die 14​die Arbeitsanweisung | Hier ist die Arbeitsanweisung für heute.,рабочая инструкция | Вот рабочая инструкция на сегодня.,1,21.07.2026,0,0,Kapitel 2 – Wie geht's?
17.07.2026,Kap 2_Wie geht's?,"Foto, -s​",das,die Fotos,фотография,Das ist ein schönes Foto von meiner Familie.,Это красивая фотография моей семьи.,"das Foto, -s​ | Das ist ein schönes Foto von meiner Familie.",фотография | Это красивая фотография моей семьи.,1,21.07.2026,0,0,Kapitel 2 – Wie geht's?
17.07.2026,Kap 2_Wie geht's?,​zu (Schreiben Sie die Wörter zu den Bildern.),-,-,"к, к (чему-либо)",Schreiben Sie die Wörter zu den Bildern.,Напишите слова к картинкам.,​zu (Schreiben Sie die Wörter zu den Bildern.) | Schreiben Sie die Wörter zu den Bildern.,"к, к (чему-либо) | Напишите слова к картинкам.",1,21.07.2026,0,0,Kapitel 2 – Wie geht's?
17.07.2026,Kap 2_Wie geht's?,15​auf (Wie heißt das auf Deutsch?),-,-,на (языке),Wie heißt das auf Deutsch?,Как это будет по-немецки?,15​auf (Wie heißt das auf Deutsch?) | Wie heißt das auf Deutsch?,на (языке) | Как это будет по-немецки?,1,21.07.2026,0,0,Kapitel 2 – Wie geht's?
17.07.2026,Kap 2_Wie geht's?,"​erklären, er erklärt, erklärt",-,-,объяснять,Der Lehrer erklärt das Wort.,Учитель объясняет слово.,"​erklären, er erklärt, erklärt | Der Lehrer erklärt das Wort.",объяснять | Учитель объясняет слово.,1,21.07.2026,0,0,Kapitel 2 – Wie geht's?
17.07.2026,Kap 2_Wie geht's?,"​helfen, er hilft, geholfen",-,-,помогать,Ich helfe dir bei den Hausaufgaben.,Я помогаю тебе с домашним заданием.,"​helfen, er hilft, geholfen | Ich helfe dir bei den Hausaufgaben.",помогать | Я помогаю тебе с домашним заданием.,1,21.07.2026,0,0,Kapitel 2 – Wie geht's?
17.07.2026,Kap 2_Wie geht's?,"​langsam, langsamer, am langsamsten",-,-,"медленный, медленнее, самый медленный",Er spricht sehr langsam.,Он говорит очень медленно.,"​langsam, langsamer, am langsamsten | Er spricht sehr langsam.","медленный, медленнее, самый медленный | Он говорит очень медленно.",1,21.07.2026,0,0,Kapitel 2 – Wie geht's?
17.07.2026,Kap 2_Wie geht's?,"​wiederholen, er wiederholt, wiederholt",-,-,повторять,Bitte wiederholen Sie den Satz.,"Пожалуйста, повторите предложение.","​wiederholen, er wiederholt, wiederholt | Bitte wiederholen Sie den Satz.","повторять | Пожалуйста, повторите предложение.",1,21.07.2026,0,0,Kapitel 2 – Wie geht's?
17.07.2026,Kap 2_Wie geht's?,"​aber (○ Hast du Telefon? ● Nein, aber ein Handy.)",-,-,но,"Ich bin müde, aber ich lerne Deutsch.","Я устал, но я учу немецкий.","​aber (○ Hast du Telefon? ● Nein, aber ein Handy.) | Ich bin müde, aber ich lerne Deutsch.","но | Я устал, но я учу немецкий.",1,21.07.2026,0,0,Kapitel 2 – Wie geht's?
17.07.2026,Kap 2_Wie geht's?,"​kosten, er kostet, gekostet",-,-,стоить,Was kostet das Buch?,Сколько стоит эта книга?,"​kosten, er kostet, gekostet | Was kostet das Buch?",стоить | Сколько стоит эта книга?,1,21.07.2026,0,0,Kapitel 2 – Wie geht's?
17.07.2026,Kap 2_Wie geht's?,"​austauschen, er tauscht aus, ausgetauscht",-,-,"обмениваться, заменять",Wir tauschen unsere Telefonnummern aus.,Мы обмениваемся нашими номерами телефонов.,"​austauschen, er tauscht aus, ausgetauscht | Wir tauschen unsere Telefonnummern aus.","обмениваться, заменять | Мы обмениваемся нашими номерами телефонов.",1,21.07.2026,0,0,Kapitel 2 – Wie geht's?
17.07.2026,Kap 2_Wie geht's?,"​Tel. (= das Telefon, -e)",das,Telefone,телефон,Hier ist meine Tel.: 123-456.,Вот мой тел.: 123-456.,"das ​Tel. (= das Telefon, -e) | Hier ist meine Tel.: 123-456.",телефон | Вот мой тел.: 123-456.,1,21.07.2026,0,0,Kapitel 2 – Wie geht's?
17.07.2026,Kap 2_Wie geht's?,"​Pl. (= der Plural, -e)",der,die Plurale,множественное число,Das Wort „Äpfel“ ist ein Plural.,Слово «яблоки» — это множественное число.,"der ​Pl. (= der Plural, -e) | Das Wort „Äpfel“ ist ein Plural.",множественное число | Слово «яблоки» — это множественное число.,1,21.07.2026,0,0,Kapitel 2 – Wie geht's?
17.07.2026,Kap 2_Wie geht's?,"​funktionieren, er funktioniert, funktioniert",-,-,"функционировать, работать",Mein neues Handy funktioniert einwandfrei.,Мой новый телефон работает безупречно.,"​funktionieren, er funktioniert, funktioniert | Mein neues Handy funktioniert einwandfrei.","функционировать, работать | Мой новый телефон работает безупречно.",1,21.07.2026,0,0,Kapitel 2 – Wie geht's?
,Kap 3_Was kostet das?,Kapitel 3,-,Kapitel,Глава 3,Was kostet das?,"Пожалуйста, прочитайте главу 3 к следующему уроку.",Kapitel 3 | Was kostet das?,"Глава 3 | Пожалуйста, прочитайте главу 3 к следующему уроку.",1,21.07.2026,0,0,Kapitel 3 – Was kostet das?
,Kap 3_Was kostet das?,"​beschreiben, er beschreibt, beschrieben",-,-,"описывать, описать",Können Sie bitte den Weg zum Bahnhof beschreiben?,"Можете ли вы, пожалуйста, описать дорогу к вокзалу?","​beschreiben, er beschreibt, beschrieben | Können Sie bitte den Weg zum Bahnhof beschreiben?","описывать, описать | Можете ли вы, пожалуйста, описать дорогу к вокзалу?",1,21.07.2026,0,0,Kapitel 3 – Was kostet das?
,Kap 3_Was kostet das?,Verkaufsgespräch,das,die Verkaufsgespräche,"беседа о продаже, переговоры о продажах",Ein erfolgreiches Verkaufsgespräch führt oft zu einem Vertragsabschluss.,Успешные переговоры о продажах часто приводят к заключению контракта.,das Verkaufsgespräch | Ein erfolgreiches Verkaufsgespräch führt oft zu einem Vertragsabschluss.,"беседа о продаже, переговоры о продажах | Успешные переговоры о продажах часто приводят к заключению контракта.",1,21.07.2026,0,0,Kapitel 3 – Was kostet das?
,Kap 3_Was kostet das?,Gegenstand,der,die Gegenstände,"предмет, вещь",Auf dem Tisch liegen verschiedene Gegenstände.,На столе лежат различные предметы.,der Gegenstand | Auf dem Tisch liegen verschiedene Gegenstände.,"предмет, вещь | На столе лежат различные предметы.",1,21.07.2026,0,0,Kapitel 3 – Was kostet das?
,Kap 3_Was kostet das?,Kleinanzeige,die,die Kleinanzeigen,частное объявление,Ich lese die Kleinanzeigen in der Zeitung.,Я читаю частные объявления в газете.,die Kleinanzeige | Ich lese die Kleinanzeigen in der Zeitung.,частное объявление | Я читаю частные объявления в газете.,1,21.07.2026,0,0,Kapitel 3 – Was kostet das?
,Kap 3_Was kostet das?,"​führen, er führt, geführt (ein Gespräch führen)",-,-,"вести, проводить (разговор)",Wir müssen ein wichtiges Gespräch führen.,Мы должны провести важный разговор.,"​führen, er führt, geführt (ein Gespräch führen) | Wir müssen ein wichtiges Gespräch führen.","вести, проводить (разговор) | Мы должны провести важный разговор.",1,21.07.2026,0,0,Kapitel 3 – Was kostet das?
,Kap 3_Was kostet das?,1​das Bügeleisen,das,die Bügeleisen,утюг,Das Bügeleisen ist noch sehr heiß.,Утюг ещё очень горячий.,das 1​das Bügeleisen | Das Bügeleisen ist noch sehr heiß.,утюг | Утюг ещё очень горячий.,1,21.07.2026,0,0,Kapitel 3 – Was kostet das?
,Kap 3_Was kostet das?,Heft,das,die Hefte,тетрадь,Schreib bitte die Hausaufgabe in dein Heft.,"Запиши, пожалуйста, домашнее задание в свою тетрадь.",das Heft | Schreib bitte die Hausaufgabe in dein Heft.,"тетрадь | Запиши, пожалуйста, домашнее задание в свою тетрадь.",1,21.07.2026,0,0,Kapitel 3 – Was kostet das?
,Kap 3_Was kostet das?,Bleistift,der,die Bleistifte,карандаш,Der Bleistift liegt auf dem Tisch.,Карандаш лежит на столе.,der Bleistift | Der Bleistift liegt auf dem Tisch.,карандаш | Карандаш лежит на столе.,1,21.07.2026,0,0,Kapitel 3 – Was kostet das?
,Kap 3_Was kostet das?,Drucker,der,die Drucker,принтер,Ich muss den Drucker an den Computer anschließen.,Мне нужно подключить принтер к компьютеру.,der Drucker | Ich muss den Drucker an den Computer anschließen.,принтер | Мне нужно подключить принтер к компьютеру.,1,21.07.2026,0,0,Kapitel 3 – Was kostet das?
,Kap 3_Was kostet das?,MP3-Player,der,die MP3-Player,MP3-плеер,Ich höre Musik auf meinem neuen MP3-Player.,Я слушаю музыку на своём новом MP3-плеере.,der MP3-Player | Ich höre Musik auf meinem neuen MP3-Player.,MP3-плеер | Я слушаю музыку на своём новом MP3-плеере.,1,21.07.2026,0,0,Kapitel 3 – Was kostet das?
,Kap 3_Was kostet das?,Wasserkocher,der,die Wasserkocher,электрический чайник,"Ich schalte den Wasserkocher ein, um Tee zu kochen.","Я включаю чайник, чтобы заварить чай.","der Wasserkocher | Ich schalte den Wasserkocher ein, um Tee zu kochen.","электрический чайник | Я включаю чайник, чтобы заварить чай.",1,21.07.2026,0,0,Kapitel 3 – Was kostet das?
,Kap 3_Was kostet das?,DVD,die,die DVDs,DVD-диск,Hast du diese DVD schon gesehen?,Ты уже видел этот DVD-диск?,die DVD | Hast du diese DVD schon gesehen?,DVD-диск | Ты уже видел этот DVD-диск?,1,21.07.2026,0,0,Kapitel 3 – Was kostet das?
,Kap 3_Was kostet das?,Kaffeemaschine,die,die Kaffeemaschinen,кофемашина,Unsere neue Kaffeemaschine macht sehr guten Espresso.,Наша новая кофемашина делает очень хороший эспрессо.,die Kaffeemaschine | Unsere neue Kaffeemaschine macht sehr guten Espresso.,кофемашина | Наша новая кофемашина делает очень хороший эспрессо.,1,21.07.2026,0,0,Kapitel 3 – Was kostet das?
,Kap 3_Was kostet das?,Lampe,die,die Lampen,лампа,Die Lampe auf dem Tisch ist sehr hell.,Лампа на столе очень яркая.,die Lampe | Die Lampe auf dem Tisch ist sehr hell.,лампа | Лампа на столе очень яркая.,1,21.07.2026,0,0,Kapitel 3 – Was kostet das?
,Kap 3_Was kostet das?,Schere,die,die Scheren,ножницы,Ich schneide das Papier mit einer Schere.,Я режу бумагу ножницами.,die Schere | Ich schneide das Papier mit einer Schere.,ножницы | Я режу бумагу ножницами.,1,21.07.2026,0,0,Kapitel 3 – Was kostet das?
,Kap 3_Was kostet das?,Wortliste,die,die Wortlisten,список слов,Ich lerne jeden Tag neue Wörter aus dieser Wortliste.,Каждый день я учу новые слова из этого списка слов.,die Wortliste | Ich lerne jeden Tag neue Wörter aus dieser Wortliste.,список слов | Каждый день я учу новые слова из этого списка слов.,1,21.07.2026,0,0,Kapitel 3 – Was kostet das?
,Kap 3_Was kostet das?,2​bestimmt (Der Drucker ist bestimmt kaputt.),-,-,"определенно, точно, наверняка",Der Drucker ist bestimmt kaputt.,Принтер точно сломан.,2​bestimmt (Der Drucker ist bestimmt kaputt.) | Der Drucker ist bestimmt kaputt.,"определенно, точно, наверняка | Принтер точно сломан.",1,21.07.2026,0,0,Kapitel 3 – Was kostet das?
,Kap 3_Was kostet das?,"​billig, billiger, am billigsten",-,-,"дешевый, дешевле, самый дешевый",Dieses Buch ist sehr billig.,Эта книга очень дешёвая.,"​billig, billiger, am billigsten | Dieses Buch ist sehr billig.","дешевый, дешевле, самый дешевый | Эта книга очень дешёвая.",1,21.07.2026,0,0,Kapitel 3 – Was kostet das?
,Kap 3_Was kostet das?,​fast,-,-,почти,Ich bin fast fertig.,Я почти готов.,​fast | Ich bin fast fertig.,почти | Я почти готов.,1,21.07.2026,0,0,Kapitel 3 – Was kostet das?
,Kap 3_Was kostet das?,"kaputt *,*",-,-,"испорченный, сломанный",Das Radio ist kaputt.,Радио сломано.,"kaputt *,* | Das Radio ist kaputt.","испорченный, сломанный | Радио сломано.",1,21.07.2026,0,0,Kapitel 3 – Was kostet das?
,Kap 3_Was kostet das?,"​klein, kleiner, am kleinsten",-,-,маленький,"Mein Haus ist klein, aber sehr gemütlich.","Мой дом маленький, но очень уютный.","​klein, kleiner, am kleinsten | Mein Haus ist klein, aber sehr gemütlich.","маленький | Мой дом маленький, но очень уютный.",1,21.07.2026,0,0,Kapitel 3 – Was kostet das?
,Kap 3_Was kostet das?,"​neu, neuer, am neuesten",-,-,"новый, новее, самый новый",Ich muss mir ein neues Auto kaufen.,Мне нужно купить новую машину.,"​neu, neuer, am neuesten | Ich muss mir ein neues Auto kaufen.","новый, новее, самый новый | Мне нужно купить новую машину.",1,21.07.2026,0,0,Kapitel 3 – Was kostet das?
,Kap 3_Was kostet das?,​O. k. (= okay),-,-,"окей, хорошо, ладно",Ist das für dich o. k.?,Для тебя это нормально?,​O. k. (= okay) | Ist das für dich o. k.?,"окей, хорошо, ладно | Для тебя это нормально?",1,21.07.2026,0,0,Kapitel 3 – Was kostet das?
,Kap 3_Was kostet das?,"​schauen, er schaut, geschaut (Schau mal!)",-,-,"смотреть, глядеть",Schau mal! Da ist ein Regenbogen.,Посмотри! Там радуга.,"​schauen, er schaut, geschaut (Schau mal!) | Schau mal! Da ist ein Regenbogen.","смотреть, глядеть | Посмотри! Там радуга.",1,21.07.2026,0,0,Kapitel 3 – Was kostet das?
,Kap 3_Was kostet das?,​sehr (sehr gut),-,-,очень,Heute ist das Wetter sehr gut.,Сегодня погода очень хорошая.,​sehr (sehr gut) | Heute ist das Wetter sehr gut.,очень | Сегодня погода очень хорошая.,1,21.07.2026,0,0,Kapitel 3 – Was kostet das?
,Kap 3_Was kostet das?,"​teuer, teurer, am teuersten",-,-,дорогой,Dieses Auto ist mir zu teuer.,Эта машина для меня слишком дорогая.,"​teuer, teurer, am teuersten | Dieses Auto ist mir zu teuer.",дорогой | Эта машина для меня слишком дорогая.,1,21.07.2026,0,0,Kapitel 3 – Was kostet das?
,Kap 3_Was kostet das?,"​wenig, weniger, am wenigsten",-,-,"мало, меньше, меньше всего","Er hat wenig Freizeit, weil er viel arbeitet.","У него мало свободного времени, потому что он много работает.","​wenig, weniger, am wenigsten | Er hat wenig Freizeit, weil er viel arbeitet.","мало, меньше, меньше всего | У него мало свободного времени, потому что он много работает.",1,21.07.2026,0,0,Kapitel 3 – Was kostet das?
,Kap 3_Was kostet das?,Käufer,der,die Käufer,покупатель,Der Käufer bezahlt die Ware an der Kasse.,Покупатель оплачивает товар на кассе.,der Käufer | Der Käufer bezahlt die Ware an der Kasse.,покупатель | Покупатель оплачивает товар на кассе.,1,21.07.2026,0,0,Kapitel 3 – Was kostet das?
,Kap 3_Was kostet das?,Käuferin,die,die Käuferinnen,покупательница,Die Käuferin bezahlt die Ware an der Kasse.,Покупательница оплачивает товар на кассе.,die Käuferin | Die Käuferin bezahlt die Ware an der Kasse.,покупательница | Покупательница оплачивает товар на кассе.,1,21.07.2026,0,0,Kapitel 3 – Was kostet das?
,Kap 3_Was kostet das?,Verkäuferin,die,die Verkäuferinnen,продавщица,Die Verkäuferin hilft dem Kunden.,Продавщица помогает клиенту.,die Verkäuferin | Die Verkäuferin hilft dem Kunden.,продавщица | Продавщица помогает клиенту.,1,21.07.2026,0,0,Kapitel 3 – Was kostet das?
,Kap 3_Was kostet das?,"​nennen, er nennt, genannt",-,-,"называть, звать",Wie nennt man dieses Werkzeug auf Deutsch?,Как называется этот инструмент по-немецки?,"​nennen, er nennt, genannt | Wie nennt man dieses Werkzeug auf Deutsch?","называть, звать | Как называется этот инструмент по-немецки?",1,21.07.2026,0,0,Kapitel 3 – Was kostet das?
,Kap 3_Was kostet das?,3​das Nomen,das,die Nomen (Nomina),имя существительное,Im Deutschen werden alle Nomen großgeschrieben.,В немецком языке все существительные пишутся с заглавной буквы.,das 3​das Nomen | Im Deutschen werden alle Nomen großgeschrieben.,имя существительное | В немецком языке все существительные пишутся с заглавной буквы.,1,21.07.2026,0,0,Kapitel 3 – Was kostet das?
,Kap 3_Was kostet das?,4​die Ziffer,die,die Ziffern,цифра,Die Zahl 10 besteht aus zwei Ziffern.,Число 10 состоит из двух цифр.,die 4​die Ziffer | Die Zahl 10 besteht aus zwei Ziffern.,цифра | Число 10 состоит из двух цифр.,1,21.07.2026,0,0,Kapitel 3 – Was kostet das?
,Kap 3_Was kostet das?,Kinderwagen,der,die Kinderwagen,детская коляска,Ich schiebe den Kinderwagen im Park.,Я везу детскую коляску в парке.,der Kinderwagen | Ich schiebe den Kinderwagen im Park.,детская коляска | Я везу детскую коляску в парке.,1,21.07.2026,0,0,Kapitel 3 – Was kostet das?
,Kap 3_Was kostet das?,Staubsauger,der,Staubsauger,пылесос,Der neue Staubsauger funktioniert sehr gut.,Новый пылесос работает очень хорошо.,der Staubsauger | Der neue Staubsauger funktioniert sehr gut.,пылесос | Новый пылесос работает очень хорошо.,1,21.07.2026,0,0,Kapitel 3 – Was kostet das?
,Kap 3_Was kostet das?,​welch- (Welche Wörter kennen Sie?),-,-,"какой, какая, какое, какие",Welche Wörter kennen Sie?,Какие слова вы знаете?,​welch- (Welche Wörter kennen Sie?) | Welche Wörter kennen Sie?,"какой, какая, какое, какие | Какие слова вы знаете?",1,21.07.2026,0,0,Kapitel 3 – Was kostet das?
,Kap 3_Was kostet das?,5​kein- (keine Ahnung),-,-,"никакой, ни один (отрицательное местоимение); (keine Ahnung — без понятия, не знаю)","Ich habe keine Ahnung, wie das funktioniert.","Я понятия не имею, как это работает.","5​kein- (keine Ahnung) | Ich habe keine Ahnung, wie das funktioniert.","никакой, ни один (отрицательное местоимение); (keine Ahnung — без понятия, не знаю) | Я понятия не имею, как это работает.",1,21.07.2026,0,0,Kapitel 3 – Was kostet das?
,Kap 3_Was kostet das?,Monitor,der,die Monitore,монитор,Mein neuer Monitor hat eine sehr gute Bildqualität.,У моего нового монитора очень хорошее качество изображения.,der Monitor | Mein neuer Monitor hat eine sehr gute Bildqualität.,монитор | У моего нового монитора очень хорошее качество изображения.,1,21.07.2026,0,0,Kapitel 3 – Was kostet das?
,Kap 3_Was kostet das?,Digitalkamera,die,die Digitalkameras,цифровой фотоаппарат,Ich habe mir eine neue Digitalkamera gekauft.,Я купил себе новый цифровой фотоаппарат.,die Digitalkamera | Ich habe mir eine neue Digitalkamera gekauft.,цифровой фотоаппарат | Я купил себе новый цифровой фотоаппарат.,1,21.07.2026,0,0,Kapitel 3 – Was kostet das?
,Kap 3_Was kostet das?,​für (+ A.),-,-,"для, за",Dieses Geschenk ist für dich.,Этот подарок для тебя.,​für (+ A.) | Dieses Geschenk ist für dich.,"для, за | Этот подарок для тебя.",1,21.07.2026,0,0,Kapitel 3 – Was kostet das?
,Kap 3_Was kostet das?,"6​zeigen, er zeigt, gezeigt",-,-,"показывать, показать",Er zeigt mir den Weg.,Он показывает мне дорогу.,"6​zeigen, er zeigt, gezeigt | Er zeigt mir den Weg.","показывать, показать | Он показывает мне дорогу.",1,21.07.2026,0,0,Kapitel 3 – Was kostet das?
,Kap 3_Was kostet das?,"​alt, älter, am ältesten",-,-,"старый, старше, самый старый",Mein Bruder ist zwei Jahre älter als ich.,Мой брат на два года старше меня.,"​alt, älter, am ältesten | Mein Bruder ist zwei Jahre älter als ich.","старый, старше, самый старый | Мой брат на два года старше меня.",1,21.07.2026,0,0,Kapitel 3 – Was kostet das?
,Kap 3_Was kostet das?,"​modern, moderner, am modernsten",-,-,современный,Dieses Haus ist sehr modern.,Этот дом очень современный.,"​modern, moderner, am modernsten | Dieses Haus ist sehr modern.",современный | Этот дом очень современный.,1,21.07.2026,0,0,Kapitel 3 – Was kostet das?
,Kap 3_Was kostet das?,"​praktisch, praktischer, am praktischsten",-,-,"практичный, удобный",Dieses Werkzeug ist sehr praktisch für die Gartenarbeit.,Этот инструмент очень практичен для работы в саду.,"​praktisch, praktischer, am praktischsten | Dieses Werkzeug ist sehr praktisch für die Gartenarbeit.","практичный, удобный | Этот инструмент очень практичен для работы в саду.",1,21.07.2026,0,0,Kapitel 3 – Was kostet das?
,Kap 3_Was kostet das?,"​schön, schöner, am schönsten",-,-,"красивый, красивее, самый красивый","Das ist das schönste Geschenk, das ich je bekommen habe.","Это самый красивый подарок, который я когда-либо получал.","​schön, schöner, am schönsten | Das ist das schönste Geschenk, das ich je bekommen habe.","красивый, красивее, самый красивый | Это самый красивый подарок, который я когда-либо получал.",1,21.07.2026,0,0,Kapitel 3 – Was kostet das?
,Kap 3_Was kostet das?,7​der Flohmarkt,der,die Flohmärkte,блошиный рынок,"Am Wochenende gehe ich gerne auf den Flohmarkt, um alte Bücher zu suchen.","По выходным я люблю ходить на блошиный рынок, чтобы искать старые книги.","der 7​der Flohmarkt | Am Wochenende gehe ich gerne auf den Flohmarkt, um alte Bücher zu suchen.","блошиный рынок | По выходным я люблю ходить на блошиный рынок, чтобы искать старые книги.",1,21.07.2026,0,0,Kapitel 3 – Was kostet das?
,Kap 3_Was kostet das?,Kursraum,der,die Kursräume,учебный класс (аудитория),Der Kursraum ist groß und hell.,Учебный класс большой и светлый.,der Kursraum | Der Kursraum ist groß und hell.,учебный класс (аудитория) | Учебный класс большой и светлый.,1,21.07.2026,0,0,Kapitel 3 – Was kostet das?
,Kap 3_Was kostet das?,"​suchen, er sucht, gesucht",-,-,искать,Ich suche meine Brille.,Я ищу свои очки.,"​suchen, er sucht, gesucht | Ich suche meine Brille.",искать | Я ищу свои очки.,1,21.07.2026,0,0,Kapitel 3 – Was kostet das?
,Kap 3_Was kostet das?,Schnäppchen,das,die Schnäppchen,выгодная покупка,"Ich habe dieses Kleid im Ausverkauf gekauft, es war ein echtes Schnäppchen.","Я купила это платье на распродаже, это была настоящая выгодная покупка.","das Schnäppchen | Ich habe dieses Kleid im Ausverkauf gekauft, es war ein echtes Schnäppchen.","выгодная покупка | Я купила это платье на распродаже, это была настоящая выгодная покупка.",1,21.07.2026,0,0,Kapitel 3 – Was kostet das?
,Kap 3_Was kostet das?,Kaffeekanne,die,die Kaffeekannen,кофейник,Die Kaffeekanne steht auf dem Tisch.,Кофейник стоит на столе.,die Kaffeekanne | Die Kaffeekanne steht auf dem Tisch.,кофейник | Кофейник стоит на столе.,1,21.07.2026,0,0,Kapitel 3 – Was kostet das?
,Kap 3_Was kostet das?,Teekanne,die,die Teekannen,чайник (для заваривания чая),Die Teekanne steht auf dem Tisch.,Чайник стоит на столе.,die Teekanne | Die Teekanne steht auf dem Tisch.,чайник (для заваривания чая) | Чайник стоит на столе.,1,21.07.2026,0,0,Kapitel 3 – Was kostet das?
,Kap 3_Was kostet das?,Thermoskanne,die,die Thermoskannen,термос,Ich habe eine Thermoskanne mit heißem Tee.,У меня есть термос с горячим чаем.,die Thermoskanne | Ich habe eine Thermoskanne mit heißem Tee.,термос | У меня есть термос с горячим чаем.,1,21.07.2026,0,0,Kapitel 3 – Was kostet das?
,Kap 3_Was kostet das?,8​die Seite,die,die Seiten,"страница, сторона",Ich lese die Seite fünf.,Я читаю пятую страницу.,die 8​die Seite | Ich lese die Seite fünf.,"страница, сторона | Я читаю пятую страницу.",1,21.07.2026,0,0,Kapitel 3 – Was kostet das?
,Kap 3_Was kostet das?,Kugelschreiber,der,die Kugelschreiber,шариковая ручка,Ich schreibe mit dem Kugelschreiber.,Я пишу шариковой ручкой.,der Kugelschreiber | Ich schreibe mit dem Kugelschreiber.,шариковая ручка | Я пишу шариковой ручкой.,1,21.07.2026,0,0,Kapitel 3 – Was kostet das?
,Kap 3_Was kostet das?,"​kaufen, er kauft, gekauft",-,-,покупать,Ich kaufe einen Apfel.,Я покупаю яблоко.,"​kaufen, er kauft, gekauft | Ich kaufe einen Apfel.",покупать | Я покупаю яблоко.,1,21.07.2026,0,0,Kapitel 3 – Was kostet das?
,Kap 3_Was kostet das?,"​mögen, er mag, mögen/gemocht",-,-,"любить, нравиться",Ich mag Pizza.,Я люблю пиццу.,"​mögen, er mag, mögen/gemocht | Ich mag Pizza.","любить, нравиться | Я люблю пиццу.",1,21.07.2026,0,0,Kapitel 3 – Was kostet das?
,Kap 3_Was kostet das?,Projekt,das,die Projekte,проект,Das ist ein neues Projekt.,Это новый проект.,das Projekt | Das ist ein neues Projekt.,проект | Это новый проект.,1,21.07.2026,0,0,Kapitel 3 – Was kostet das?
,Kap 3_Was kostet das?,Suchwort,das,die Suchwörter,поисковое слово,Geben Sie bitte ein Suchwort ein.,"Введите, пожалуйста, поисковое слово.",das Suchwort | Geben Sie bitte ein Suchwort ein.,"поисковое слово | Введите, пожалуйста, поисковое слово.",1,21.07.2026,0,0,Kapitel 3 – Was kostet das?
,Kap 3_Was kostet das?,Region,die,die Regionen,"регион, область",Ich wohne in einer schönen Region.,Я живу в красивом регионе.,die Region | Ich wohne in einer schönen Region.,"регион, область | Я живу в красивом регионе.",2,29.07.2026,1,1,Kapitel 3 – Was kostet das?
,Kap 3_Was kostet das?,​wann,-,-,когда,Wann kommst du nach Hause?,Когда ты придешь домой?,​wann | Wann kommst du nach Hause?,когда | Когда ты придешь домой?,1,21.07.2026,0,0,Kapitel 3 – Was kostet das?
,Kap 3_Was kostet das?,9​das Rollenspiel,das,die Rollenspiele,ролевая игра,Das Rollenspiel macht Spaß.,Ролевая игра — это весело.,das 9​das Rollenspiel | Das Rollenspiel macht Spaß.,ролевая игра | Ролевая игра — это весело.,1,21.07.2026,0,0,Kapitel 3 – Was kostet das?
,Kap 3_Was kostet das?,"​verkaufen, er verkauft, verkauft",-,-,продавать,Er verkauft sein altes Auto.,Он продает свою старую машину.,"​verkaufen, er verkauft, verkauft | Er verkauft sein altes Auto.",продавать | Он продает свою старую машину.,1,21.07.2026,0,0,Kapitel 3 – Was kostet das?
,Kap 3_Was kostet das?,​all- (Alles zusammen kostet 10 €.),-,-,всё,Alles zusammen kostet 10 €.,Всё вместе стоит 10 евро.,​all- (Alles zusammen kostet 10 €.) | Alles zusammen kostet 10 €.,всё | Всё вместе стоит 10 евро.,1,21.07.2026,0,0,Kapitel 3 – Was kostet das?
,Kap 3_Was kostet das?,Qualität,die,die Qualitäten,качество,Wir müssen die Qualität unserer Produkte verbessern.,Мы должны улучшить качество нашей продукции.,die Qualität | Wir müssen die Qualität unserer Produkte verbessern.,качество | Мы должны улучшить качество нашей продукции.,1,21.07.2026,0,0,Kapitel 3 – Was kostet das?
,Kap 3_Was kostet das?,​gebraucht (Die Lampe ist gebraucht.),-,-,"подержанный, бывший в употреблении","Das Fahrrad ist zwar gebraucht, aber in einem sehr guten Zustand.","Велосипед хотя и подержанный, но в очень хорошем состоянии.","​gebraucht (Die Lampe ist gebraucht.) | Das Fahrrad ist zwar gebraucht, aber in einem sehr guten Zustand.","подержанный, бывший в употреблении | Велосипед хотя и подержанный, но в очень хорошем состоянии.",1,21.07.2026,0,0,Kapitel 3 – Was kostet das?
,Kap 3_Was kostet das?,​prima,-,-,"отлично, замечательно",Das Wetter ist heute prima.,Погода сегодня отличная.,​prima | Das Wetter ist heute prima.,"отлично, замечательно | Погода сегодня отличная.",1,21.07.2026,0,0,Kapitel 3 – Was kostet das?
,Kap 3_Was kostet das?,​so (So viel?),-,-,"так, столько",Ist das Wasser so kalt?,Вода такая холодная?,​so (So viel?) | Ist das Wasser so kalt?,"так, столько | Вода такая холодная?",1,21.07.2026,0,0,Kapitel 3 – Was kostet das?
,Kap 3_Was kostet das?,"​zahlen, er zahlt, gezahlt",-,-,"платить, оплачивать",Ich möchte bitte zahlen.,"Я хотел бы заплатить, пожалуйста.","​zahlen, er zahlt, gezahlt | Ich möchte bitte zahlen.","платить, оплачивать | Я хотел бы заплатить, пожалуйста.",1,21.07.2026,0,0,Kapitel 3 – Was kostet das?
,Kap 3_Was kostet das?,​zusammen,-,-,вместе,Wir lernen zusammen Deutsch.,Мы учим немецкий вместе.,​zusammen | Wir lernen zusammen Deutsch.,вместе | Мы учим немецкий вместе.,1,21.07.2026,0,0,Kapitel 3 – Was kostet das?
,Kap 3_Was kostet das?,10​der Vokal,der,die Vokale,гласный звук,Das deutsche Alphabet hat fünf Vokale.,В немецком алфавите пять гласных.,der 10​der Vokal | Das deutsche Alphabet hat fünf Vokale.,гласный звук | В немецком алфавите пять гласных.,1,21.07.2026,0,0,Kapitel 3 – Was kostet das?
,Kap 3_Was kostet das?,"​lang(e), länger, am längsten",-,-,"длинный, долгий",Der Weg zum Bahnhof ist sehr lang.,Дорога до вокзала очень длинная.,"​lang(e), länger, am längsten | Der Weg zum Bahnhof ist sehr lang.","длинный, долгий | Дорога до вокзала очень длинная.",1,21.07.2026,0,0,Kapitel 3 – Was kostet das?
,Kap 3_Was kostet das?,"​kurz, kürzer, am kürzesten",-,-,"короткий, короче, самый короткий",Im Winter sind die Tage am kürzesten.,Зимой дни самые короткие.,"​kurz, kürzer, am kürzesten | Im Winter sind die Tage am kürzesten.","короткий, короче, самый короткий | Зимой дни самые короткие.",1,21.07.2026,0,0,Kapitel 3 – Was kostet das?
,Kap 3_Was kostet das?,Papierkorb,der,die Papierkörbe,корзина для бумаг,Ich werfe das alte Dokument in den Papierkorb.,Я выбрасываю старый документ в корзину для бумаг.,der Papierkorb | Ich werfe das alte Dokument in den Papierkorb.,корзина для бумаг | Я выбрасываю старый документ в корзину для бумаг.,1,21.07.2026,0,0,Kapitel 3 – Was kostet das?
,Kap 3_Was kostet das?,11​ab (+ D.),-,-,"от, из",Ich komme ab heute in den Kurs.,Я прихожу на курс с сегодняшнего дня.,11​ab (+ D.) | Ich komme ab heute in den Kurs.,"от, из | Я прихожу на курс с сегодняшнего дня.",1,21.07.2026,0,0,Kapitel 3 – Was kostet das?
,Kap 3_Was kostet das?,​bei (+ D.),-,-,"у, при, около",Ich wohne bei meinen Eltern.,Я живу у своих родителей.,​bei (+ D.) | Ich wohne bei meinen Eltern.,"у, при, около | Я живу у своих родителей.",1,21.07.2026,0,0,Kapitel 3 – Was kostet das?
,Kap 3_Was kostet das?,"​brauchen, er braucht, gebraucht",-,-,"нуждаться, требоваться",Ich brauche deine Hilfe.,Мне нужна твоя помощь.,"​brauchen, er braucht, gebraucht | Ich brauche deine Hilfe.","нуждаться, требоваться | Мне нужна твоя помощь.",1,21.07.2026,0,0,Kapitel 3 – Was kostet das?
,Kap 3_Was kostet das?,Haushaltsgerät,das,die Haushaltsgeräte,бытовой прибор,Die Waschmaschine ist ein sehr nützliches Haushaltsgerät.,Стиральная машина — это очень полезный бытовой прибор.,das Haushaltsgerät | Die Waschmaschine ist ein sehr nützliches Haushaltsgerät.,бытовой прибор | Стиральная машина — это очень полезный бытовой прибор.,1,21.07.2026,0,0,Kapitel 3 – Was kostet das?
,Kap 3_Was kostet das?,Jahr,das,die Jahre,год,Ein Jahr hat zwölf Monate.,В году двенадцать месяцев.,das Jahr | Ein Jahr hat zwölf Monate.,год | В году двенадцать месяцев.,1,21.07.2026,0,0,Kapitel 3 – Was kostet das?
,Kap 3_Was kostet das?,Kinderfahrrad,das,die Kinderfahrräder,детский велосипед,Mein Sohn wünscht sich ein neues Kinderfahrrad zum Geburtstag.,Мой сын хочет новый детский велосипед на день рождения.,das Kinderfahrrad | Mein Sohn wünscht sich ein neues Kinderfahrrad zum Geburtstag.,детский велосипед | Мой сын хочет новый детский велосипед на день рождения.,1,21.07.2026,0,0,Kapitel 3 – Was kostet das?
,Kap 3_Was kostet das?,DVD-Recorder,der,die DVD-Recorder,DVD-рекордер,Mein Vater hat noch einen alten DVD-Recorder im Wohnzimmer stehen.,У моего отца в гостиной до сих пор стоит старый DVD-рекордер.,der DVD-Recorder | Mein Vater hat noch einen alten DVD-Recorder im Wohnzimmer stehen.,DVD-рекордер | У моего отца в гостиной до сих пор стоит старый DVD-рекордер.,1,21.07.2026,0,0,Kapitel 3 – Was kostet das?
,Kap 3_Was kostet das?,Fernsehapparat,der,die Fernsehapparate,телевизор,Er kauft einen neuen Fernsehapparat für das Wohnzimmer.,Он покупает новый телевизор для гостиной.,der Fernsehapparat | Er kauft einen neuen Fernsehapparat für das Wohnzimmer.,телевизор | Он покупает новый телевизор для гостиной.,1,21.07.2026,0,0,Kapitel 3 – Was kostet das?
,Kap 3_Was kostet das?,Kinderstuhl,der,die Kinderstühle,детский стул,Das Baby sitzt in seinem Kinderstuhl und isst.,Ребенок сидит на своем детском стульчике и ест.,der Kinderstuhl | Das Baby sitzt in seinem Kinderstuhl und isst.,детский стул | Ребенок сидит на своем детском стульчике и ест.,1,21.07.2026,0,0,Kapitel 3 – Was kostet das?
,Kap 3_Was kostet das?,Kundin,die,die Kundinnen,клиентка,Die Kundin bezahlt die Ware an der Kasse.,Клиентка оплачивает товар на кассе.,die Kundin | Die Kundin bezahlt die Ware an der Kasse.,клиентка | Клиентка оплачивает товар на кассе.,1,21.07.2026,0,0,Kapitel 3 – Was kostet das?
,Kap 3_Was kostet das?,Mixer,der,die Mixer,миксер,"Ich benutze den Mixer, um den Teig für den Kuchen zu machen.","Я использую миксер, чтобы сделать тесто для пирога.","der Mixer | Ich benutze den Mixer, um den Teig für den Kuchen zu machen.","миксер | Я использую миксер, чтобы сделать тесто для пирога.",1,21.07.2026,0,0,Kapitel 3 – Was kostet das?
,Kap 3_Was kostet das?,Grundschule,die,die Grundschulen,начальная школа,Meine Tochter geht jetzt in die Grundschule.,Моя дочь сейчас ходит в начальную школу.,die Grundschule | Meine Tochter geht jetzt in die Grundschule.,начальная школа | Моя дочь сейчас ходит в начальную школу.,1,21.07.2026,0,0,Kapitel 3 – Was kostet das?
,Kap 3_Was kostet das?,Kindersachen,die,Pl.,детские вещи,Wir müssen die Kindersachen im Schrank sortieren.,Нам нужно рассортировать детские вещи в шкафу.,die Kindersachen | Wir müssen die Kindersachen im Schrank sortieren.,детские вещи | Нам нужно рассортировать детские вещи в шкафу.,1,21.07.2026,0,0,Kapitel 3 – Was kostet das?
,Kap 3_Was kostet das?,Nähmaschine,die,die Nähmaschinen,швейная машина,Meine Oma näht Kleider mit einer alten Nähmaschine.,Моя бабушка шьет платья на старой швейной машинке.,die Nähmaschine | Meine Oma näht Kleider mit einer alten Nähmaschine.,швейная машина | Моя бабушка шьет платья на старой швейной машинке.,1,21.07.2026,0,0,Kapitel 3 – Was kostet das?
,Kap 3_Was kostet das?,Selbstabholung,die,Sg.,самовывоз,Bei Selbstabholung entfallen die Versandkosten.,При самовывозе стоимость доставки не взимается.,die Selbstabholung | Bei Selbstabholung entfallen die Versandkosten.,самовывоз | При самовывозе стоимость доставки не взимается.,1,21.07.2026,0,0,Kapitel 3 – Was kostet das?
,Kap 3_Was kostet das?,Stereoanlage,die,die Stereoanlagen,стереосистема,Ich höre Musik mit meiner Stereoanlage.,Я слушаю музыку на своей стереосистеме.,die Stereoanlage | Ich höre Musik mit meiner Stereoanlage.,стереосистема | Я слушаю музыку на своей стереосистеме.,1,21.07.2026,0,0,Kapitel 3 – Was kostet das?
,Kap 3_Was kostet das?,"​einkaufen, er kauft ein, eingekauft",-,-,"делать покупки, покупать",Wir kaufen jeden Samstag im Supermarkt ein.,Мы делаем покупки в супермаркете каждую субботу.,"​einkaufen, er kauft ein, eingekauft | Wir kaufen jeden Samstag im Supermarkt ein.","делать покупки, покупать | Мы делаем покупки в супермаркете каждую субботу.",1,21.07.2026,0,0,Kapitel 3 – Was kostet das?
,Kap 3_Was kostet das?,"​fernsehen, er sieht fern, ferngesehen",-,-,смотреть телевизор,Abends sieht er gerne fern.,По вечерам он любит смотреть телевизор.,"​fernsehen, er sieht fern, ferngesehen | Abends sieht er gerne fern.",смотреть телевизор | По вечерам он любит смотреть телевизор.,1,21.07.2026,0,0,Kapitel 3 – Was kostet das?
,Kap 3_Was kostet das?,​je,-,-,"когда-либо, по, каждый",Hast du je einen so schönen Sonnenuntergang gesehen?,Ты когда-либо видел такой красивый закат?,​je | Hast du je einen so schönen Sonnenuntergang gesehen?,"когда-либо, по, каждый | Ты когда-либо видел такой красивый закат?",1,21.07.2026,0,0,Kapitel 3 – Was kostet das?
,Kap 3_Was kostet das?,"​melden, er meldet, gemeldet",-,-,"сообщать, докладывать, регистрироваться",Bitte melden Sie sich am Empfang.,"Пожалуйста, зарегистрируйтесь у стойки регистрации.","​melden, er meldet, gemeldet | Bitte melden Sie sich am Empfang.","сообщать, докладывать, регистрироваться | Пожалуйста, зарегистрируйтесь у стойки регистрации.",1,21.07.2026,0,0,Kapitel 3 – Was kostet das?
,Kap 3_Was kostet das?,"​preiswert, preiswerter, am preiswertesten",-,-,"недорогой, выгодный (по цене)",In diesem Restaurant kann man sehr preiswert essen.,В этом ресторане можно очень недорого поесть.,"​preiswert, preiswerter, am preiswertesten | In diesem Restaurant kann man sehr preiswert essen.","недорогой, выгодный (по цене) | В этом ресторане можно очень недорого поесть.",1,21.07.2026,0,0,Kapitel 3 – Was kostet das?
,Kap 3_Was kostet das?,​von ... an,-,-,"начиная с, с (какого-то времени)",Von nächster Woche an arbeite ich im neuen Büro.,Начиная со следующей недели я работаю в новом офисе.,​von ... an | Von nächster Woche an arbeite ich im neuen Büro.,"начиная с, с (какого-то времени) | Начиная со следующей недели я работаю в новом офисе.",1,21.07.2026,0,0,Kapitel 3 – Was kostet das?
,Kap 3_Was kostet das?,​von ... zu (von Kunde zu Kunde),-,-,от ... к ... (например: от клиента к клиенту),Diese Online-Plattform ermöglicht den direkten Handel von Kunde zu Kunde.,Эта онлайн-платформа делает возможной прямую торговлю от клиента к клиенту.,​von ... zu (von Kunde zu Kunde) | Diese Online-Plattform ermöglicht den direkten Handel von Kunde zu Kunde.,от ... к ... (например: от клиента к клиенту) | Эта онлайн-платформа делает возможной прямую торговлю от клиента к клиенту.,1,21.07.2026,0,0,Kapitel 3 – Was kostet das?
,Kap 3_Was kostet das?,​zus. (= zusammen),-,-,"вместе, совместно, в итоге",Wir haben das Projekt zus. abgeschlossen.,Мы вместе завершили этот проект.,​zus. (= zusammen) | Wir haben das Projekt zus. abgeschlossen.,"вместе, совместно, в итоге | Мы вместе завершили этот проект.",1,21.07.2026,0,0,Kapitel 3 – Was kostet das?
,Kap 3_Was kostet das?,"​abgeben, er gibt ab, abgegeben",-,-,"сдавать, отдавать, вручать",Ich muss meine Hausaufgaben bis morgen abgeben.,Мне нужно сдать домашнее задание до завтра.,"​abgeben, er gibt ab, abgegeben | Ich muss meine Hausaufgaben bis morgen abgeben.","сдавать, отдавать, вручать | Мне нужно сдать домашнее задание до завтра.",1,21.07.2026,0,0,Kapitel 3 – Was kostet das?
,Kap 3_Was kostet das?,Kinderbett,das,die Kinderbetten,детская кроватка,Das Baby schläft friedlich in seinem Kinderbett.,Ребенок мирно спит в своей детской кроватке.,das Kinderbett | Das Baby schläft friedlich in seinem Kinderbett.,детская кроватка | Ребенок мирно спит в своей детской кроватке.,1,21.07.2026,0,0,Kapitel 3 – Was kostet das?
,Kap 3_Was kostet das?,Heimweg,der,die Heimwege,дорога домой,Auf dem Heimweg traf ich einen alten Freund.,По дороге домой я встретил старого друга.,der Heimweg | Auf dem Heimweg traf ich einen alten Freund.,дорога домой | По дороге домой я встретил старого друга.,1,21.07.2026,0,0,Kapitel 3 – Was kostet das?
,Kap 3_Was kostet das?,Lieferwagen,der,die Lieferwagen,фургон для доставки товаров,Der rote Lieferwagen parkt direkt vor dem Geschäft.,Красный фургон припаркован прямо перед магазином.,der Lieferwagen | Der rote Lieferwagen parkt direkt vor dem Geschäft.,фургон для доставки товаров | Красный фургон припаркован прямо перед магазином.,1,21.07.2026,0,0,Kapitel 3 – Was kostet das?
,Kap 3_Was kostet das?,Scanner,der,die Scanner,сканер,Der neue Scanner arbeitet sehr schnell.,Новый сканер работает очень быстро.,der Scanner | Der neue Scanner arbeitet sehr schnell.,сканер | Новый сканер работает очень быстро.,1,21.07.2026,0,0,Kapitel 3 – Was kostet das?
,Kap 3_Was kostet das?,Topzustand,der,Sg.,"отличное состояние, идеальное состояние",Das gebrauchte Auto ist optisch und technisch in einem Topzustand.,Подержанный автомобиль визуально и технически находится в отличном состоянии.,der Topzustand | Das gebrauchte Auto ist optisch und technisch in einem Topzustand.,"отличное состояние, идеальное состояние | Подержанный автомобиль визуально и технически находится в отличном состоянии.",1,21.07.2026,0,0,Kapitel 3 – Was kostet das?
,Kap 3_Was kostet das?,Satellitenantenne,die,die Satellitenantennen,спутниковая антенна,"Wir haben eine neue Satellitenantenne auf dem Dach installiert, um mehr Fernsehsender zu empfangen.","Мы установили новую спутниковую антенну на крыше, чтобы принимать больше телеканалов.","die Satellitenantenne | Wir haben eine neue Satellitenantenne auf dem Dach installiert, um mehr Fernsehsender zu empfangen.","спутниковая антенна | Мы установили новую спутниковую антенну на крыше, чтобы принимать больше телеканалов.",1,21.07.2026,0,0,Kapitel 3 – Was kostet das?
,Kap 3_Was kostet das?,​Elektro-Secondhand (Sg. ohne Artikel),das,-,магазин подержанной электроники,In diesem Elektro-Secondhand kann man gut erhaltene Waschmaschinen zu einem günstigen Preis finden.,В этом магазине подержанной электроники можно найти стиральные машины в хорошем состоянии по выгодной цене.,das ​Elektro-Secondhand (Sg. ohne Artikel) | In diesem Elektro-Secondhand kann man gut erhaltene Waschmaschinen zu einem günstigen Preis finden.,магазин подержанной электроники | В этом магазине подержанной электроники можно найти стиральные машины в хорошем состоянии по выгодной цене.,1,21.07.2026,0,0,Kapitel 3 – Was kostet das?
,Kap 3_Was kostet das?,​GB (= Gigabyte),das,GB,гигабайт (ГБ),Mein neues Smartphone hat 128 GB Speicherplatz.,У моего нового смартфона 128 ГБ встроенной памяти.,das ​GB (= Gigabyte) | Mein neues Smartphone hat 128 GB Speicherplatz.,гигабайт (ГБ) | У моего нового смартфона 128 ГБ встроенной памяти.,1,21.07.2026,0,0,Kapitel 3 – Was kostet das?
,Kap 3_Was kostet das?,​gegen (+ A.) (gegen Angebot),-,-,"против, вопреки, около; (gegen Angebot) по запросу / по предложению",Der Preis für dieses exklusive Produkt ist nur gegen Angebot erhältlich.,Цена на этот эксклюзивный продукт предоставляется только по запросу.,​gegen (+ A.) (gegen Angebot) | Der Preis für dieses exklusive Produkt ist nur gegen Angebot erhältlich.,"против, вопреки, около; (gegen Angebot) по запросу / по предложению | Цена на этот эксклюзивный продукт предоставляется только по запросу.",1,21.07.2026,0,0,Kapitel 3 – Was kostet das?
,Kap 3_Was kostet das?,"​km (= der Kilometer, -)",der,-,километр,Wir sind heute zehn km gelaufen.,Мы сегодня прошли десять километров.,"der ​km (= der Kilometer, -) | Wir sind heute zehn km gelaufen.",километр | Мы сегодня прошли десять километров.,1,21.07.2026,0,0,Kapitel 3 – Was kostet das?
,Kap 3_Was kostet das?,12​das Gespräch,das,die Gespräche,"разговор, беседа",Wir hatten ein interessantes Gespräch über Kunst.,У нас был интересный разговор об искусстве.,das 12​das Gespräch | Wir hatten ein interessantes Gespräch über Kunst.,"разговор, беседа | У нас был интересный разговор об искусстве.",1,21.07.2026,0,0,Kapitel 3 – Was kostet das?
,Kap 3_Was kostet das?,13​der Schrank,der,die Schränke,шкаф,Der neue Schrank steht im Schlafzimmer.,Новый шкаф стоит в спальне.,der 13​der Schrank | Der neue Schrank steht im Schlafzimmer.,шкаф | Новый шкаф стоит в спальне.,1,21.07.2026,0,0,Kapitel 3 – Was kostet das?
,Kap 3_Was kostet das?,"​finden, er findet, gefunden (Wie viele Gegenstände finden Sie im Bild?)",-,-,находить,Wie viele Gegenstände finden Sie auf dem Bild?,Сколько предметов вы найдете на картинке?,"​finden, er findet, gefunden (Wie viele Gegenstände finden Sie im Bild?) | Wie viele Gegenstände finden Sie auf dem Bild?",находить | Сколько предметов вы найдете на картинке?,1,21.07.2026,0,0,Kapitel 3 – Was kostet das?
,Kap 3_Was kostet das?,"​kühl, kühler, am kühlsten",-,-,"прохладный, более прохладный, самый прохладный",Im Schatten ist es heute angenehm kühl.,В тени сегодня приятно прохладно.,"​kühl, kühler, am kühlsten | Im Schatten ist es heute angenehm kühl.","прохладный, более прохладный, самый прохладный | В тени сегодня приятно прохладно.",1,21.07.2026,0,0,Kapitel 3 – Was kostet das?
,Kap 3_Was kostet das?,​mehr,-,-,больше,Wir brauchen mehr Zeit für dieses Projekt.,Нам нужно больше времени на этот проект.,​mehr | Wir brauchen mehr Zeit für dieses Projekt.,больше | Нам нужно больше времени на этот проект.,1,21.07.2026,0,0,Kapitel 3 – Was kostet das?
18.07.2026,Kap 3_Was kostet das?,CD,die,die CDs,компакт-диск,Ich höre eine CD.,Я слушаю компакт-диск.,die CD | Ich höre eine CD.,компакт-диск | Я слушаю компакт-диск.,1,21.07.2026,0,0,Kapitel 3 – Was kostet das?
18.07.2026,Kap 3_Was kostet das?,Uhr,die,die Uhren,часы,Meine Uhr ist kaputt.,Мои часы сломаны.,die Uhr | Meine Uhr ist kaputt.,часы | Мои часы сломаны.,1,21.07.2026,0,0,Kapitel 3 – Was kostet das?
18.07.2026,Kap 3_Was kostet das?,"​drucken, er druckt, gedruckt",-,-,печатать,Ich muss das Dokument drucken.,Мне нужно распечатать документ.,"​drucken, er druckt, gedruckt | Ich muss das Dokument drucken.",печатать | Мне нужно распечатать документ.,1,21.07.2026,0,0,Kapitel 3 – Was kostet das?
18.07.2026,Kap 3_Was kostet das?,Geldschein,der,die Geldscheine,"банкнота, купюра",Der Geldschein liegt auf dem Tisch.,Банкнота лежит на столе.,der Geldschein | Der Geldschein liegt auf dem Tisch.,"банкнота, купюра | Банкнота лежит на столе.",1,21.07.2026,0,0,Kapitel 3 – Was kostet das?
18.07.2026,Kap 3_Was kostet das?,Euromünze,die,die Euromünzen,монета евро,Die Euromünze liegt auf dem Tisch.,Монета евро лежит на столе.,die Euromünze | Die Euromünze liegt auf dem Tisch.,монета евро | Монета евро лежит на столе.,1,21.07.2026,0,0,Kapitel 3 – Was kostet das?
18.07.2026,Kap 3_Was kostet das?,Eurozone,die,die Eurozonen,еврозона,Deutschland ist in der Eurozone.,Германия находится в еврозоне.,die Eurozone | Deutschland ist in der Eurozone.,еврозона | Германия находится в еврозоне.,1,21.07.2026,0,0,Kapitel 3 – Was kostet das?
18.07.2026,Kap 3_Was kostet das?,​geben (Es gibt ...),-,-,"давать (есть, имеется)",Es gibt hier einen Supermarkt.,Здесь есть супермаркет.,​geben (Es gibt ...) | Es gibt hier einen Supermarkt.,"давать (есть, имеется) | Здесь есть супермаркет.",1,21.07.2026,0,0,Kapitel 3 – Was kostet das?
18.07.2026,Kap 3_Was kostet das?,​seit,-,-,"с (какого-то времени), уже",Ich lerne seit einem Monat Deutsch.,Я учу немецкий уже месяц.,​seit | Ich lerne seit einem Monat Deutsch.,"с (какого-то времени), уже | Я учу немецкий уже месяц.",1,21.07.2026,0,0,Kapitel 3 – Was kostet das?
18.07.2026,Kap 3_Was kostet das?,​bestimmt- (der bestimmte Artikel),-,-,определенный,Wir lernen heute den bestimmten Artikel.,Сегодня мы учим определенный артикль.,​bestimmt- (der bestimmte Artikel) | Wir lernen heute den bestimmten Artikel.,определенный | Сегодня мы учим определенный артикль.,1,21.07.2026,0,0,Kapitel 3 – Was kostet das?
18.07.2026,Kap 3_Was kostet das?,Konsonant,der,die Konsonanten,согласный (звук),Der Buchstabe 'B' ist ein Konsonant.,Буква «B» — это согласный.,der Konsonant | Der Buchstabe 'B' ist ein Konsonant.,согласный (звук) | Буква «B» — это согласный.,1,21.07.2026,0,0,Kapitel 3 – Was kostet das?
18.07.2026,Kap 3_Was kostet das?,Tabelle,die,die Tabellen,таблица,Schreiben Sie die Wörter in die Tabelle.,Запишите слова в таблицу.,die Tabelle | Schreiben Sie die Wörter in die Tabelle.,таблица | Запишите слова в таблицу.,1,21.07.2026,0,0,Kapitel 3 – Was kostet das?
18.07.2026,Kap 3_Was kostet das?,​unbestimmt (der unbestimmte Artikel),-,-,неопределенный,„Ein“ ist ein unbestimmter Artikel.,«Ein» — это неопределенный артикль.,​unbestimmt (der unbestimmte Artikel) | „Ein“ ist ein unbestimmter Artikel.,неопределенный | «Ein» — это неопределенный артикль.,1,21.07.2026,0,0,Kapitel 3 – Was kostet das?
18.07.2026,Kap 3_Was kostet das?,Kamera,die,die Kameras,"камера, фотоаппарат",Wo ist meine Kamera?,Где мой фотоаппарат?,die Kamera | Wo ist meine Kamera?,"камера, фотоаппарат | Где мой фотоаппарат?",1,21.07.2026,0,0,Kapitel 3 – Was kostet das?
17.07.2026,Kap 4_Wie spät ist es?,Kapitel 4,-,die Kapitel,глава 4,Wir lesen heute Kapitel 4.,Сегодня мы читаем главу 4.,Kapitel 4 | Wir lesen heute Kapitel 4.,глава 4 | Сегодня мы читаем главу 4.,1,21.07.2026,0,0,Kapitel 4 – Wie spät ist es?
17.07.2026,Kap 4_Wie spät ist es?,"​spät, später, am spätesten (Wie spät ist es?)",-,-,"поздний, позже, самый поздний (Который час?)",Wie spät ist es? Es ist schon spät.,Который час? Уже поздно.,"​spät, später, am spätesten (Wie spät ist es?) | Wie spät ist es? Es ist schon spät.","поздний, позже, самый поздний (Который час?) | Который час? Уже поздно.",1,21.07.2026,0,0,Kapitel 4 – Wie spät ist es?
17.07.2026,Kap 4_Wie spät ist es?,"1​(sich) verabreden, er verabredet sich, hat sich verabredet",-,-,договариваться о встрече,Wir verabreden uns für heute Abend.,Мы договариваемся о встрече на сегодняшний вечер.,"1​(sich) verabreden, er verabredet sich, hat sich verabredet | Wir verabreden uns für heute Abend.",договариваться о встрече | Мы договариваемся о встрече на сегодняшний вечер.,1,21.07.2026,0,0,Kapitel 4 – Wie spät ist es?
17.07.2026,Kap 4_Wie spät ist es?,​abends,-,-,"по вечерам, вечером",Ich lese abends ein Buch.,По вечерам я читаю книгу.,​abends | Ich lese abends ein Buch.,"по вечерам, вечером | По вечерам я читаю книгу.",1,21.07.2026,0,0,Kapitel 4 – Wie spät ist es?
17.07.2026,Kap 4_Wie spät ist es?,"​angeben, er gibt an, angegeben",-,-,"указывать, сообщать",Bitte geben Sie Ihre Adresse an.,"Пожалуйста, укажите ваш адрес.","​angeben, er gibt an, angegeben | Bitte geben Sie Ihre Adresse an.","указывать, сообщать | Пожалуйста, укажите ваш адрес.",1,21.07.2026,0,0,Kapitel 4 – Wie spät ist es?
17.07.2026,Kap 4_Wie spät ist es?,"​aufstehen, er steht auf, ist aufgestanden",-,-,"вставать, подниматься",Ich stehe jeden Morgen um sieben Uhr auf.,Я встаю каждое утро в семь часов.,"​aufstehen, er steht auf, ist aufgestanden | Ich stehe jeden Morgen um sieben Uhr auf.","вставать, подниматься | Я встаю каждое утро в семь часов.",1,21.07.2026,0,0,Kapitel 4 – Wie spät ist es?
17.07.2026,Kap 4_Wie spät ist es?,​bisschen (ein bisschen),das,-,"немного, чуть-чуть",Ich spreche ein bisschen Deutsch.,Я немного говорю по-немецки.,das ​bisschen (ein bisschen) | Ich spreche ein bisschen Deutsch.,"немного, чуть-чуть | Я немного говорю по-немецки.",1,21.07.2026,0,0,Kapitel 4 – Wie spät ist es?
17.07.2026,Kap 4_Wie spät ist es?,"​bringen, er bringt, gebracht",-,-,"приносить, приводить",Ich bringe dir einen Kaffee.,Я принесу тебе кофе.,"​bringen, er bringt, gebracht | Ich bringe dir einen Kaffee.","приносить, приводить | Я принесу тебе кофе.",1,21.07.2026,0,0,Kapitel 4 – Wie spät ist es?
17.07.2026,Kap 4_Wie spät ist es?,"Praktikum, Praktika",das,die Praktika,"практика, стажировка",Ich mache ein Praktikum bei BMW.,Я прохожу практику в BMW.,"das Praktikum, Praktika | Ich mache ein Praktikum bei BMW.","практика, стажировка | Я прохожу практику в BMW.",1,21.07.2026,0,0,Kapitel 4 – Wie spät ist es?
17.07.2026,Kap 4_Wie spät ist es?,"Viertel, - (Viertel nach/vor 12)",das,die Viertel,четверть (при указании времени),Es ist Viertel nach acht.,Сейчас четверть девятого (восемь часов пятнадцать минут).,"das Viertel, - (Viertel nach/vor 12) | Es ist Viertel nach acht.",четверть (при указании времени) | Сейчас четверть девятого (восемь часов пятнадцать минут).,1,21.07.2026,0,0,Kapitel 4 – Wie spät ist es?
17.07.2026,Kap 4_Wie spät ist es?,Pizza-Service,der,die Pizza-Services,служба доставки пиццы,Der Pizza-Service ist sehr schnell.,Служба доставки пиццы работает очень быстро.,der Pizza-Service | Der Pizza-Service ist sehr schnell.,служба доставки пиццы | Служба доставки пиццы работает очень быстро.,1,21.07.2026,0,0,Kapitel 4 – Wie spät ist es?
17.07.2026,Kap 4_Wie spät ist es?,Tagesablauf,der,die Tagesabläufe,распорядок дня,Mein Tagesablauf ist sehr einfach.,Мой распорядок дня очень простой.,der Tagesablauf | Mein Tagesablauf ist sehr einfach.,распорядок дня | Мой распорядок дня очень простой.,1,21.07.2026,0,0,Kapitel 4 – Wie spät ist es?
17.07.2026,Kap 4_Wie spät ist es?,Kinderkrippe,die,die Kinderkrippen,детские ясли,Mein Kind geht in die Kinderkrippe.,Мой ребенок ходит в ясли.,die Kinderkrippe | Mein Kind geht in die Kinderkrippe.,детские ясли | Мой ребенок ходит в ясли.,1,21.07.2026,0,0,Kapitel 4 – Wie spät ist es?
17.07.2026,Kap 4_Wie spät ist es?,Minute,die,die Minuten,минута,Warten Sie bitte eine Minute.,"Подождите, пожалуйста, одну минуту.",die Minute | Warten Sie bitte eine Minute.,"минута | Подождите, пожалуйста, одну минуту.",1,21.07.2026,0,0,Kapitel 4 – Wie spät ist es?
17.07.2026,Kap 4_Wie spät ist es?,Tageszeit,die,die Tageszeiten,время суток,Der Morgen ist meine liebste Tageszeit.,Утро — моё любимое время суток.,die Tageszeit | Der Morgen ist meine liebste Tageszeit.,время суток | Утро — моё любимое время суток.,1,21.07.2026,0,0,Kapitel 4 – Wie spät ist es?
17.07.2026,Kap 4_Wie spät ist es?,Zeitung,die,die Zeitungen,газета,Ich lese morgens die Zeitung.,Я читаю газету по утрам.,die Zeitung | Ich lese morgens die Zeitung.,газета | Я читаю газету по утрам.,1,21.07.2026,0,0,Kapitel 4 – Wie spät ist es?
17.07.2026,Kap 4_Wie spät ist es?,"​frühstücken, er frühstückt, gefrühstückt",-,-,завтракать,Ich frühstücke um 8 Uhr.,Я завтракаю в 8 часов.,"​frühstücken, er frühstückt, gefrühstückt | Ich frühstücke um 8 Uhr.",завтракать | Я завтракаю в 8 часов.,1,21.07.2026,0,0,Kapitel 4 – Wie spät ist es?
17.07.2026,Kap 4_Wie spät ist es?,"​gehen, er geht, ist gegangen (Er geht ins Büro.)",-,-,"идти, ходить",Er geht ins Büro.,Он идет в офис.,"​gehen, er geht, ist gegangen (Er geht ins Büro.) | Er geht ins Büro.","идти, ходить | Он идет в офис.",1,21.07.2026,0,0,Kapitel 4 – Wie spät ist es?
17.07.2026,Kap 4_Wie spät ist es?,​gerade (Er macht gerade ein Praktikum.),-,-,"сейчас, в данный момент",Ich lerne gerade Deutsch.,Я сейчас учу немецкий.,​gerade (Er macht gerade ein Praktikum.) | Ich lerne gerade Deutsch.,"сейчас, в данный момент | Я сейчас учу немецкий.",1,21.07.2026,0,0,Kapitel 4 – Wie spät ist es?
17.07.2026,Kap 4_Wie spät ist es?,​halb (um halb acht),-,-,половина (в половине восьмого / в полвосьмого),Ich stehe um halb acht auf.,Я встаю в полвосьмого.,​halb (um halb acht) | Ich stehe um halb acht auf.,половина (в половине восьмого / в полвосьмого) | Я встаю в полвосьмого.,1,21.07.2026,0,0,Kapitel 4 – Wie spät ist es?
17.07.2026,Kap 4_Wie spät ist es?,"​reden, er redet, geredet",-,-,"разговаривать, говорить",Wir reden über das Wetter.,Мы разговариваем о погоде.,"​reden, er redet, geredet | Wir reden über das Wetter.","разговаривать, говорить | Мы разговариваем о погоде.",1,21.07.2026,0,0,Kapitel 4 – Wie spät ist es?
17.07.2026,Kap 4_Wie spät ist es?,"​sitzen, er sitzt, gesessen",-,-,сидеть,Ich sitze auf dem Stuhl.,Я сижу на стуле.,"​sitzen, er sitzt, gesessen | Ich sitze auf dem Stuhl.",сидеть | Я сижу на стуле.,1,21.07.2026,0,0,Kapitel 4 – Wie spät ist es?
17.07.2026,Kap 4_Wie spät ist es?,​vor (+ A./D.) (Viertel vor 12),-,-,"без (о времени), перед",Es ist Viertel vor zwölf.,Без четверти двенадцать.,​vor (+ A./D.) (Viertel vor 12) | Es ist Viertel vor zwölf.,"без (о времени), перед | Без четверти двенадцать.",1,21.07.2026,0,0,Kapitel 4 – Wie spät ist es?
17.07.2026,Kap 4_Wie spät ist es?,"​weggehen, er geht weg, ist weggegangen",-,-,уходить,Er geht jetzt weg.,Он сейчас уходит.,"​weggehen, er geht weg, ist weggegangen | Er geht jetzt weg.",уходить | Он сейчас уходит.,1,21.07.2026,0,0,Kapitel 4 – Wie spät ist es?
17.07.2026,Kap 4_Wie spät ist es?,​zur (= zu der) (zur Kinderkrippe),die,zu den Kinderkrippen,"к, на (в значении направления к чему-либо женского рода)",Ich gehe zur Schule.,Я иду в школу.,die ​zur (= zu der) (zur Kinderkrippe) | Ich gehe zur Schule.,"к, на (в значении направления к чему-либо женского рода) | Я иду в школу.",1,21.07.2026,0,0,Kapitel 4 – Wie spät ist es?
17.07.2026,Kap 4_Wie spät ist es?,"3​anfangen, er fängt an, angefangen",-,-,начинать,Der Unterricht fängt um acht Uhr an.,Урок начинается в восемь часов.,"3​anfangen, er fängt an, angefangen | Der Unterricht fängt um acht Uhr an.",начинать | Урок начинается в восемь часов.,1,21.07.2026,0,0,Kapitel 4 – Wie spät ist es?
17.07.2026,Kap 4_Wie spät ist es?,Mittagspause,die,die Mittagspausen,обеденный перерыв,Ich mache eine Mittagspause.,Я делаю обеденный перерыв.,die Mittagspause | Ich mache eine Mittagspause.,обеденный перерыв | Я делаю обеденный перерыв.,1,21.07.2026,0,0,Kapitel 4 – Wie spät ist es?
17.07.2026,Kap 4_Wie spät ist es?,"​duschen, er duscht, geduscht",-,-,принимать душ,Ich dusche jeden Morgen.,Я принимаю душ каждое утро.,"​duschen, er duscht, geduscht | Ich dusche jeden Morgen.",принимать душ | Я принимаю душ каждое утро.,1,21.07.2026,0,0,Kapitel 4 – Wie spät ist es?
17.07.2026,Kap 4_Wie spät ist es?,"​essen, er isst, gegessen",-,-,"есть, кушать",Ich esse jeden Tag einen Apfel.,Я ем каждый день яблоко.,"​essen, er isst, gegessen | Ich esse jeden Tag einen Apfel.","есть, кушать | Я ем каждый день яблоко.",1,21.07.2026,0,0,Kapitel 4 – Wie spät ist es?
17.07.2026,Kap 4_Wie spät ist es?,​jed- (Ich stehe jeden Morgen um fünf auf.),-,-,каждый,Ich stehe jeden Morgen um fünf auf.,Я встаю каждое утро в пять часов.,​jed- (Ich stehe jeden Morgen um fünf auf.) | Ich stehe jeden Morgen um fünf auf.,каждый | Я встаю каждое утро в пять часов.,1,21.07.2026,0,0,Kapitel 4 – Wie spät ist es?
17.07.2026,Kap 4_Wie spät ist es?,"4​aufschreiben, er schreibt auf, aufgeschrieben",-,-,записывать,Ich schreibe die Adresse auf.,Я записываю адрес.,"4​aufschreiben, er schreibt auf, aufgeschrieben | Ich schreibe die Adresse auf.",записывать | Я записываю адрес.,1,21.07.2026,0,0,Kapitel 4 – Wie spät ist es?
17.07.2026,Kap 4_Wie spät ist es?,Unterricht,der,die Unterrichte,"урок, занятие, обучение",Der Unterricht beginnt um acht Uhr.,Урок начинается в восемь часов.,der Unterricht | Der Unterricht beginnt um acht Uhr.,"урок, занятие, обучение | Урок начинается в восемь часов.",1,21.07.2026,0,0,Kapitel 4 – Wie spät ist es?
17.07.2026,Kap 4_Wie spät ist es?,​trennbar (ein trennbares Verb),-,trennbare Verben,отделяемый,Ich mache das Fenster auf.,Я открываю окно.,​trennbar (ein trennbares Verb) | Ich mache das Fenster auf.,отделяемый | Я открываю окно.,1,21.07.2026,0,0,Kapitel 4 – Wie spät ist es?
17.07.2026,Kap 4_Wie spät ist es?,"​aufmachen, er macht auf, aufgemacht",-,-,открывать,Mach bitte das Fenster auf.,"Открой, пожалуйста, окно.","​aufmachen, er macht auf, aufgemacht | Mach bitte das Fenster auf.","открывать | Открой, пожалуйста, окно.",1,21.07.2026,0,0,Kapitel 4 – Wie spät ist es?
17.07.2026,Kap 4_Wie spät ist es?,5​der Wortakzent,der,die Wortakzente,словесное ударение,Wo ist der Wortakzent in diesem Wort?,Где находится словесное ударение в этом слове?,der 5​der Wortakzent | Wo ist der Wortakzent in diesem Wort?,словесное ударение | Где находится словесное ударение в этом слове?,1,21.07.2026,0,0,Kapitel 4 – Wie spät ist es?
17.07.2026,Kap 4_Wie spät ist es?,"​aufwachen, er wacht auf, ist aufgewacht",-,-,просыпаться,Ich wache jeden Tag um sieben Uhr auf.,Я просыпаюсь каждый день в семь часов.,"​aufwachen, er wacht auf, ist aufgewacht | Ich wache jeden Tag um sieben Uhr auf.",просыпаться | Я просыпаюсь каждый день в семь часов.,1,21.07.2026,0,0,Kapitel 4 – Wie spät ist es?
17.07.2026,Kap 4_Wie spät ist es?,"​zuhören, er hört zu, zugehört",-,-,слушать,Bitte hör mir zu!,"Пожалуйста, послушай меня!","​zuhören, er hört zu, zugehört | Bitte hör mir zu!","слушать | Пожалуйста, послушай меня!",1,21.07.2026,0,0,Kapitel 4 – Wie spät ist es?
17.07.2026,Kap 4_Wie spät ist es?,"6​abwaschen, er wäscht ab, abgewaschen",-,-,мыть посуду,Ich wasche nach dem Essen ab.,Я мою посуду после еды.,"6​abwaschen, er wäscht ab, abgewaschen | Ich wasche nach dem Essen ab.",мыть посуду | Я мою посуду после еды.,1,21.07.2026,0,0,Kapitel 4 – Wie spät ist es?
17.07.2026,Kap 4_Wie spät ist es?,Kino,das,die Kinos,кинотеатр,Ich gehe heute ins Kino.,Я иду сегодня в кино.,das Kino | Ich gehe heute ins Kino.,кинотеатр | Я иду сегодня в кино.,1,21.07.2026,0,0,Kapitel 4 – Wie spät ist es?
17.07.2026,Kap 4_Wie spät ist es?,Hausaufgabe,die,die Hausaufgaben,домашнее задание,Ich mache meine Hausaufgaben.,Я делаю свои домашние задания.,die Hausaufgabe | Ich mache meine Hausaufgaben.,домашнее задание | Я делаю свои домашние задания.,1,21.07.2026,0,0,Kapitel 4 – Wie spät ist es?
17.07.2026,Kap 4_Wie spät ist es?,"​Fußball spielen, er spielt Fußball, Fußball gespielt",-,Fußballspiele,играть в футбол,Ich spiele am Wochenende Fußball.,Я играю в футбол на выходных.,"​Fußball spielen, er spielt Fußball, Fußball gespielt | Ich spiele am Wochenende Fußball.",играть в футбол | Я играю в футбол на выходных.,1,21.07.2026,0,0,Kapitel 4 – Wie spät ist es?
17.07.2026,Kap 4_Wie spät ist es?,"​kochen, er kocht, gekocht",-,-,готовить,Ich koche heute Abend eine Suppe.,Я готовлю сегодня вечером суп.,"​kochen, er kocht, gekocht | Ich koche heute Abend eine Suppe.",готовить | Я готовлю сегодня вечером суп.,1,21.07.2026,0,0,Kapitel 4 – Wie spät ist es?
17.07.2026,Kap 4_Wie spät ist es?,​mittags,-,-,"в полдень, днём",Ich esse mittags in der Kantine.,Я обедаю в столовой.,​mittags | Ich esse mittags in der Kantine.,"в полдень, днём | Я обедаю в столовой.",1,21.07.2026,0,0,Kapitel 4 – Wie spät ist es?
17.07.2026,Kap 4_Wie spät ist es?,​morgens,-,-,"по утрам, утром",Ich trinke morgens Kaffee.,По утрам я пью кофе.,​morgens | Ich trinke morgens Kaffee.,"по утрам, утром | По утрам я пью кофе.",1,21.07.2026,0,0,Kapitel 4 – Wie spät ist es?
17.07.2026,Kap 4_Wie spät ist es?,​nachmittags,-,-,"после обеда, во второй половине дня",Ich arbeite nachmittags.,Я работаю после обеда.,​nachmittags | Ich arbeite nachmittags.,"после обеда, во второй половине дня | Я работаю после обеда.",1,21.07.2026,0,0,Kapitel 4 – Wie spät ist es?
17.07.2026,Kap 4_Wie spät ist es?,​nachts,-,-,ночью,Mein Hund bellt nachts manchmal.,Ночью,​nachts | Mein Hund bellt nachts manchmal.,ночью | Ночью,1,21.07.2026,0,0,Kapitel 4 – Wie spät ist es?
17.07.2026,Kap 4_Wie spät ist es?,"​putzen, er putzt, geputzt",-,-,"чистить, он чистит, почистил",Er putzt am Wochenende immer gründlich die Fenster.,"чистить, он чистит, почищенный","​putzen, er putzt, geputzt | Er putzt am Wochenende immer gründlich die Fenster.","чистить, он чистит, почистил | чистить, он чистит, почищенный",1,21.07.2026,0,0,Kapitel 4 – Wie spät ist es?
17.07.2026,Kap 4_Wie spät ist es?,​vormittags,-,-,до полудня,Vormittags trinke ich meistens einen Kaffee.,В первой половине дня,​vormittags | Vormittags trinke ich meistens einen Kaffee.,до полудня | В первой половине дня,1,21.07.2026,0,0,Kapitel 4 – Wie spät ist es?
17.07.2026,Kap 4_Wie spät ist es?,Alltagssprache,die,Sg.,повседневный язык,Die Alltagssprache unterscheidet sich oft stark von der formellen Schriftsprache.,разговорная речь,die Alltagssprache | Die Alltagssprache unterscheidet sich oft stark von der formellen Schriftsprache.,повседневный язык | разговорная речь,1,21.07.2026,0,0,Kapitel 4 – Wie spät ist es?
17.07.2026,Kap 4_Wie spät ist es?,"7​auf sein, er ist auf, ist auf gewesen",-,-,"7 быть на ногах (не спать), он на ногах, был на ногах","Er ist heute schon um fünf Uhr morgens auf gewesen, um Sport zu machen.","быть открытым / быть на ногах (бодрствовать), он открыт / он на ногах, был открыт / был на ногах","7​auf sein, er ist auf, ist auf gewesen | Er ist heute schon um fünf Uhr morgens auf gewesen, um Sport zu machen.","7 быть на ногах (не спать), он на ногах, был на ногах | быть открытым / быть на ногах (бодрствовать), он открыт / он на ногах, был открыт / был на ногах",1,21.07.2026,0,0,Kapitel 4 – Wie spät ist es?
17.07.2026,Kap 4_Wie spät ist es?,"​beginnen, er beginnt, begonnen",-,-,"начинать, он начинает, начатый",Der Unterricht beginnt um acht Uhr.,"начинать, он начинает, начал","​beginnen, er beginnt, begonnen | Der Unterricht beginnt um acht Uhr.","начинать, он начинает, начатый | начинать, он начинает, начал",1,21.07.2026,0,0,Kapitel 4 – Wie spät ist es?
17.07.2026,Kap 4_Wie spät ist es?,Fernsehprogramm,das,die Fernsehprogramme,телепрограмма,Wo ist das Fernsehprogramm für heute Abend?,Телепрограмма,das Fernsehprogramm | Wo ist das Fernsehprogramm für heute Abend?,телепрограмма | Телепрограмма,1,21.07.2026,0,0,Kapitel 4 – Wie spät ist es?
17.07.2026,Kap 4_Wie spät ist es?,"Museum, Museen",das,Museen,"музей, музеи",Am Wochenende besuchen wir ein interessantes Museum in Berlin.,"музей, музеи","das Museum, Museen | Am Wochenende besuchen wir ein interessantes Museum in Berlin.","музей, музеи | музей, музеи",1,21.07.2026,0,0,Kapitel 4 – Wie spät ist es?
17.07.2026,Kap 4_Wie spät ist es?,Schwimmbad,das,die Schwimmbäder,бассейн,Ich gehe am Samstag ins Schwimmbad.,Я иду в субботу в бассейн.,das Schwimmbad | Ich gehe am Samstag ins Schwimmbad.,бассейн | Я иду в субботу в бассейн.,1,21.07.2026,0,0,Kapitel 4 – Wie spät ist es?
17.07.2026,Kap 4_Wie spät ist es?,Theater,das,die Theater,театр,Das Theater ist heute Abend komplett ausverkauft.,театр,das Theater | Das Theater ist heute Abend komplett ausverkauft.,театр | театр,1,21.07.2026,0,0,Kapitel 4 – Wie spät ist es?
17.07.2026,Kap 4_Wie spät ist es?,Film,der,die Filme,фильм,Der Film ist sehr interessant.,Фильм,der Film | Der Film ist sehr interessant.,фильм | Фильм,1,21.07.2026,0,0,Kapitel 4 – Wie spät ist es?
17.07.2026,Kap 4_Wie spät ist es?,Bibliothek,die,die Bibliotheken,библиотека,Ich lerne in der Bibliothek.,Я учусь в библиотеке.,die Bibliothek | Ich lerne in der Bibliothek.,библиотека | Я учусь в библиотеке.,1,21.07.2026,0,0,Kapitel 4 – Wie spät ist es?
17.07.2026,Kap 4_Wie spät ist es?,Metzgerei,die,die Metzgereien,мясная лавка,"Ich gehe in die Metzgerei, um frisches Fleisch für das Abendessen zu kaufen.",Мясной магазин,"die Metzgerei | Ich gehe in die Metzgerei, um frisches Fleisch für das Abendessen zu kaufen.",мясная лавка | Мясной магазин,1,21.07.2026,0,0,Kapitel 4 – Wie spät ist es?
17.07.2026,Kap 4_Wie spät ist es?,​geöffnet (Die Bäckerei ist von 9-18 Uhr geöffnet.),-,-,открыто (Пекарня открыта с 9 до 18 часов.),Das Museum ist täglich von 10 bis 18 Uhr geöffnet.,Пекарня открыта с 9 до 18 часов.,​geöffnet (Die Bäckerei ist von 9-18 Uhr geöffnet.) | Das Museum ist täglich von 10 bis 18 Uhr geöffnet.,открыто (Пекарня открыта с 9 до 18 часов.) | Пекарня открыта с 9 до 18 часов.,1,21.07.2026,0,0,Kapitel 4 – Wie spät ist es?
17.07.2026,Kap 4_Wie spät ist es?,"​intensiv, intensiver, am intensivsten",-,-,"интенсивный, интенсивнее, самый интенсивный","Das gestrige Training war intensiv, das heutige war intensiver, aber das morgige wird am intensivsten sein.","интенсивный, интенсивнее, самый интенсивный","​intensiv, intensiver, am intensivsten | Das gestrige Training war intensiv, das heutige war intensiver, aber das morgige wird am intensivsten sein.","интенсивный, интенсивнее, самый интенсивный | интенсивный, интенсивнее, самый интенсивный",1,21.07.2026,0,0,Kapitel 4 – Wie spät ist es?
17.07.2026,Kap 4_Wie spät ist es?,​zu Ende sein (Wann ist der Film zu Ende?),-,-,закончиться (Когда закончится фильм?),Der Unterricht ist um 13 Uhr zu Ende.,закончиться (Когда закончится фильм?),​zu Ende sein (Wann ist der Film zu Ende?) | Der Unterricht ist um 13 Uhr zu Ende.,закончиться (Когда закончится фильм?) | закончиться (Когда закончится фильм?),1,21.07.2026,0,0,Kapitel 4 – Wie spät ist es?
17.07.2026,Kap 4_Wie spät ist es?,"​zumachen, er macht zu, zugemacht (Die Bäckerei macht um 7 Uhr zu.)",-,-,"закрывать, он закрывает, закрыл (Пекарня закрывается в 7 часов.)","Bitte mach das Fenster zu, weil es draußen kalt ist.",Пекарня закрывается в 7 часов.,"​zumachen, er macht zu, zugemacht (Die Bäckerei macht um 7 Uhr zu.) | Bitte mach das Fenster zu, weil es draußen kalt ist.","закрывать, он закрывает, закрыл (Пекарня закрывается в 7 часов.) | Пекарня закрывается в 7 часов.",1,21.07.2026,0,0,Kapitel 4 – Wie spät ist es?
17.07.2026,Kap 4_Wie spät ist es?,8​das Interview,das,Interviews,интервью,Der Journalist führt ein interessantes Interview mit dem berühmten Schauspieler.,интервью,das 8​das Interview | Der Journalist führt ein interessantes Interview mit dem berühmten Schauspieler.,интервью | интервью,1,21.07.2026,0,0,Kapitel 4 – Wie spät ist es?
17.07.2026,Kap 4_Wie spät ist es?,​zum (= zu dem),-,zu den,к,Ich gehe zum Bahnhof.,к,​zum (= zu dem) | Ich gehe zum Bahnhof.,к | к,1,21.07.2026,0,0,Kapitel 4 – Wie spät ist es?
17.07.2026,Kap 4_Wie spät ist es?,"​berichten, er berichtet, berichtet",-,-,"сообщать, он сообщает, сообщил",Der Journalist berichtet über die neuesten Entwicklungen in der Region.,"сообщать, он сообщает, сообщил","​berichten, er berichtet, berichtet | Der Journalist berichtet über die neuesten Entwicklungen in der Region.","сообщать, он сообщает, сообщил | сообщать, он сообщает, сообщил",1,21.07.2026,0,0,Kapitel 4 – Wie spät ist es?
17.07.2026,Kap 4_Wie spät ist es?,"9​mitkommen, er kommt mit, ist mitgekommen",-,-,"идти вместе, он идёт вместе, пошёл вместе",Mein Freund ist gestern mit uns ins Kino mitgekommen.,"идти вместе, он идет вместе, пошел вместе","9​mitkommen, er kommt mit, ist mitgekommen | Mein Freund ist gestern mit uns ins Kino mitgekommen.","идти вместе, он идёт вместе, пошёл вместе | идти вместе, он идет вместе, пошел вместе",1,21.07.2026,0,0,Kapitel 4 – Wie spät ist es?
17.07.2026,Kap 4_Wie spät ist es?,​ca. (= circa),-,-,около,Die Fahrt zum Flughafen dauert ca. 30 Minuten.,ок. (= около),​ca. (= circa) | Die Fahrt zum Flughafen dauert ca. 30 Minuten.,около | ок. (= около),1,21.07.2026,0,0,Kapitel 4 – Wie spät ist es?
17.07.2026,Kap 4_Wie spät ist es?,Bowling,das,Sg.,боулинг,Das Bowling ist ein beliebtes Spiel für die ganze Familie.,Боулинг,das Bowling | Das Bowling ist ein beliebtes Spiel für die ganze Familie.,боулинг | Боулинг,1,21.07.2026,0,0,Kapitel 4 – Wie spät ist es?
17.07.2026,Kap 4_Wie spät ist es?,Ende,das,Sg.,конец,Das Ende des Films war sehr traurig.,конец,das Ende | Das Ende des Films war sehr traurig.,конец | конец,1,21.07.2026,0,0,Kapitel 4 – Wie spät ist es?
17.07.2026,Kap 4_Wie spät ist es?,Eröffnungsfest,das,die Eröffnungsfeste,праздник открытия,Das Eröffnungsfest der neuen Schule findet am kommenden Samstag statt.,Праздник по случаю открытия,das Eröffnungsfest | Das Eröffnungsfest der neuen Schule findet am kommenden Samstag statt.,праздник открытия | Праздник по случаю открытия,1,21.07.2026,0,0,Kapitel 4 – Wie spät ist es?
17.07.2026,Kap 4_Wie spät ist es?,Quartett,das,Quartette,квартет,Das Quartett spielte gestern Abend ein wunderschönes Konzert.,Квартет,das Quartett | Das Quartett spielte gestern Abend ein wunderschönes Konzert.,квартет | Квартет,1,21.07.2026,0,0,Kapitel 4 – Wie spät ist es?
17.07.2026,Kap 4_Wie spät ist es?,Turnier,das,die Turniere,турнир,Das Turnier beginnt am kommenden Samstag.,Турнир,das Turnier | Das Turnier beginnt am kommenden Samstag.,турнир | Турнир,1,21.07.2026,0,0,Kapitel 4 – Wie spät ist es?
17.07.2026,Kap 4_Wie spät ist es?,Anfänger,der,die Anfänger,новичок,Der Anfänger macht im Deutschkurs schnell Fortschritte.,Новичок,der Anfänger | Der Anfänger macht im Deutschkurs schnell Fortschritte.,новичок | Новичок,1,21.07.2026,0,0,Kapitel 4 – Wie spät ist es?
17.07.2026,Kap 4_Wie spät ist es?,Beginn,der,Sg.,начало,Der Beginn des Films war sehr spannend.,Начало,der Beginn | Der Beginn des Films war sehr spannend.,начало | Начало,1,21.07.2026,0,0,Kapitel 4 – Wie spät ist es?
17.07.2026,Kap 4_Wie spät ist es?,"DJ, -s (= der Discjockey, -s)",der,DJs,диджей (= диск-жокей,Der DJ legt heute Abend im Club gute Musik auf.,"диджей, -и (= диск-жокей, -и)","der DJ, -s (= der Discjockey, -s) | Der DJ legt heute Abend im Club gute Musik auf.","диджей (= диск-жокей | диджей, -и (= диск-жокей, -и)",1,21.07.2026,0,0,Kapitel 4 – Wie spät ist es?
17.07.2026,Kap 4_Wie spät ist es?,Eintritt,der,Sg.,Вход,Der Eintritt in das Museum ist für alle Besucher kostenlos.,Вход,der Eintritt | Der Eintritt in das Museum ist für alle Besucher kostenlos.,Вход | Вход,1,21.07.2026,0,0,Kapitel 4 – Wie spät ist es?
17.07.2026,Kap 4_Wie spät ist es?,Gottesdienst,der,die Gottesdienste,богослужение,Am Sonntag gehen viele Menschen in den Gottesdienst.,В воскресенье многие люди ходят на богослужение.,der Gottesdienst | Am Sonntag gehen viele Menschen in den Gottesdienst.,богослужение | В воскресенье многие люди ходят на богослужение.,1,21.07.2026,0,0,Kapitel 4 – Wie spät ist es?
17.07.2026,Kap 4_Wie spät ist es?,Hip-Hop,der,Sg.,хип-хоп,Hip-Hop ist eine sehr beliebte Musikrichtung.,Хип-хоп — очень популярное музыкальное направление.,der Hip-Hop | Hip-Hop ist eine sehr beliebte Musikrichtung.,хип-хоп | Хип-хоп — очень популярное музыкальное направление.,1,21.07.2026,0,0,Kapitel 4 – Wie spät ist es?
17.07.2026,Kap 4_Wie spät ist es?,Jazz,der,Sg.,джаз,Er hört abends gerne Jazz.,Он любит слушать джаз по вечерам.,der Jazz | Er hört abends gerne Jazz.,джаз | Он любит слушать джаз по вечерам.,1,21.07.2026,0,0,Kapitel 4 – Wie spät ist es?
17.07.2026,Kap 4_Wie spät ist es?,Kindertag,der,die Kindertage,День защиты детей,Am Kindertag gibt es viele tolle Veranstaltungen für Kinder.,В День защиты детей проходит много замечательных мероприятий для детей.,der Kindertag | Am Kindertag gibt es viele tolle Veranstaltungen für Kinder.,День защиты детей | В День защиты детей проходит много замечательных мероприятий для детей.,1,21.07.2026,0,0,Kapitel 4 – Wie spät ist es?
17.07.2026,Kap 4_Wie spät ist es?,Krimi,der,die Krimis,детектив (книга или фильм),Gestern habe ich einen spannenden Krimi im Fernsehen gesehen.,Вчера я посмотрел захватывающий детектив по телевизору.,der Krimi | Gestern habe ich einen spannenden Krimi im Fernsehen gesehen.,детектив (книга или фильм) | Вчера я посмотрел захватывающий детектив по телевизору.,1,21.07.2026,0,0,Kapitel 4 – Wie spät ist es?
17.07.2026,Kap 4_Wie spät ist es?,Kultfilm,der,die Kultfilme,культовый фильм,Dieser Science-Fiction-Streifen wurde schnell zu einem Kultfilm.,Эта научно-фантастическая лента быстро стала культовым фильмом.,der Kultfilm | Dieser Science-Fiction-Streifen wurde schnell zu einem Kultfilm.,культовый фильм | Эта научно-фантастическая лента быстро стала культовым фильмом.,1,21.07.2026,0,0,Kapitel 4 – Wie spät ist es?
17.07.2026,Kap 4_Wie spät ist es?,Mörder,der,die Mörder,убийца,Der Mörder wurde schließlich von der Polizei gefasst.,Убийца в конце концов был пойман полицией.,der Mörder | Der Mörder wurde schließlich von der Polizei gefasst.,убийца | Убийца в конце концов был пойман полицией.,1,21.07.2026,0,0,Kapitel 4 – Wie spät ist es?
17.07.2026,Kap 4_Wie spät ist es?,Mörderin,die,die Mörderinnen,убийца (женщина),Die Mörderin wurde schließlich von der Polizei gefasst.,В конце концов убийца была поймана полицией.,die Mörderin | Die Mörderin wurde schließlich von der Polizei gefasst.,убийца (женщина) | В конце концов убийца была поймана полицией.,1,21.07.2026,0,0,Kapitel 4 – Wie spät ist es?
17.07.2026,Kap 4_Wie spät ist es?,Reggae,der,Sg.,регги,"Ich höre am liebsten Reggae, wenn ich mich entspannen möchte.","Я больше всего люблю слушать регги, когда хочу расслабиться.","der Reggae | Ich höre am liebsten Reggae, wenn ich mich entspannen möchte.","регги | Я больше всего люблю слушать регги, когда хочу расслабиться.",1,21.07.2026,0,0,Kapitel 4 – Wie spät ist es?
17.07.2026,Kap 4_Wie spät ist es?,Rock (hier: Rockmusik),der,Sg.,рок-музыка,Er hört am liebsten klassischen Rock aus den 70er Jahren.,Больше всего он любит слушать классический рок 70-х годов.,der Rock (hier: Rockmusik) | Er hört am liebsten klassischen Rock aus den 70er Jahren.,рок-музыка | Больше всего он любит слушать классический рок 70-х годов.,1,21.07.2026,0,0,Kapitel 4 – Wie spät ist es?
17.07.2026,Kap 4_Wie spät ist es?,Schwimmkurs,der,die Schwimmkurse,курс по плаванию,Mein Sohn besucht jeden Samstag einen Schwimmkurs.,Мой сын каждую субботу ходит на курс по плаванию.,der Schwimmkurs | Mein Sohn besucht jeden Samstag einen Schwimmkurs.,курс по плаванию | Мой сын каждую субботу ходит на курс по плаванию.,1,21.07.2026,0,0,Kapitel 4 – Wie spät ist es?
17.07.2026,Kap 4_Wie spät ist es?,Sport,der,Sg.,спорт,"Er treibt jeden Tag Sport, um fit zu bleiben.","Он каждый день занимается спортом, чтобы оставаться в форме.","der Sport | Er treibt jeden Tag Sport, um fit zu bleiben.","спорт | Он каждый день занимается спортом, чтобы оставаться в форме.",1,21.07.2026,0,0,Kapitel 4 – Wie spät ist es?
17.07.2026,Kap 4_Wie spät ist es?,Sportclub,der,die Sportclubs,спортивный клуб,Er trainiert dreimal pro Woche im Sportclub.,Он тренируется три раза в неделю в спортивном клубе.,der Sportclub | Er trainiert dreimal pro Woche im Sportclub.,спортивный клуб | Он тренируется три раза в неделю в спортивном клубе.,1,21.07.2026,0,0,Kapitel 4 – Wie spät ist es?
17.07.2026,Kap 4_Wie spät ist es?,Treffpunkt,der,die Treffpunkte,место встречи,Unser Treffpunkt ist vor dem Kino.,Наше место встречи — перед кинотеатром.,der Treffpunkt | Unser Treffpunkt ist vor dem Kino.,место встречи | Наше место встречи — перед кинотеатром.,1,21.07.2026,0,0,Kapitel 4 – Wie spät ist es?
17.07.2026,Kap 4_Wie spät ist es?,Aktivität,die,die Aktivitäten,"активность, деятельность",Regelmäßige körperliche Aktivität ist gut für die Gesundheit.,Регулярная физическая активность полезна для здоровья.,die Aktivität | Regelmäßige körperliche Aktivität ist gut für die Gesundheit.,"активность, деятельность | Регулярная физическая активность полезна для здоровья.",1,21.07.2026,0,0,Kapitel 4 – Wie spät ist es?
17.07.2026,Kap 4_Wie spät ist es?,Dauer,die,Sg.,"продолжительность, длительность",Die Dauer des Fluges beträgt drei Stunden.,Продолжительность полета составляет три часа.,die Dauer | Die Dauer des Fluges beträgt drei Stunden.,"продолжительность, длительность | Продолжительность полета составляет три часа.",1,21.07.2026,0,0,Kapitel 4 – Wie spät ist es?
17.07.2026,Kap 4_Wie spät ist es?,Fitness,die,Sg.,"фитнес, физическая форма",Regelmäßiges Training verbessert die Fitness.,Регулярные тренировки улучшают физическую форму.,die Fitness | Regelmäßiges Training verbessert die Fitness.,"фитнес, физическая форма | Регулярные тренировки улучшают физическую форму.",1,21.07.2026,0,0,Kapitel 4 – Wie spät ist es?
17.07.2026,Kap 4_Wie spät ist es?,Frauen-Weltmeisterschaft,die,die Frauen-Weltmeisterschaften,женский чемпионат мира,Die deutsche Nationalmannschaft bereitet sich auf die Frauen-Weltmeisterschaft vor.,Немецкая сборная готовится к женскому чемпионату мира.,die Frauen-Weltmeisterschaft | Die deutsche Nationalmannschaft bereitet sich auf die Frauen-Weltmeisterschaft vor.,женский чемпионат мира | Немецкая сборная готовится к женскому чемпионату мира.,1,21.07.2026,0,0,Kapitel 4 – Wie spät ist es?
17.07.2026,Kap 4_Wie spät ist es?,Fußballlady,die,die Fußballladys,"футболистка, футбольная леди",Die Fußballlady schoss das entscheidende Tor im Finale.,Футболистка забила решающий гол в финале.,die Fußballlady | Die Fußballlady schoss das entscheidende Tor im Finale.,"футболистка, футбольная леди | Футболистка забила решающий гол в финале.",1,21.07.2026,0,0,Kapitel 4 – Wie spät ist es?
17.07.2026,Kap 4_Wie spät ist es?,Fußgängerzone,die,die Fußgängerzonen,пешеходная зона,In der Fußgängerzone gibt es viele Geschäfte und Cafés.,В пешеходной зоне много магазинов и кафе.,die Fußgängerzone | In der Fußgängerzone gibt es viele Geschäfte und Cafés.,пешеходная зона | В пешеходной зоне много магазинов и кафе.,1,21.07.2026,0,0,Kapitel 4 – Wie spät ist es?
17.07.2026,Kap 4_Wie spät ist es?,Messe,die,die Messen,"выставка, ярмарка, месса",Wir besuchen dieses Jahr die Buchmesse in Frankfurt.,В этом году мы посетим книжную ярмарку во Франкфурте.,die Messe | Wir besuchen dieses Jahr die Buchmesse in Frankfurt.,"выставка, ярмарка, месса | В этом году мы посетим книжную ярмарку во Франкфурте.",1,21.07.2026,0,0,Kapitel 4 – Wie spät ist es?
17.07.2026,Kap 4_Wie spät ist es?,Reservierung,die,die Reservierungen,бронирование,Ich habe eine Reservierung für heute Abend.,У меня есть бронь на сегодняшний вечер.,die Reservierung | Ich habe eine Reservierung für heute Abend.,бронирование | У меня есть бронь на сегодняшний вечер.,1,21.07.2026,0,0,Kapitel 4 – Wie spät ist es?
17.07.2026,Kap 4_Wie spät ist es?,Sporthalle,die,die Sporthallen,спортивный зал,Wir haben heute Sportunterricht in der Sporthalle.,Сегодня у нас урок физкультуры в спортивном зале.,die Sporthalle | Wir haben heute Sportunterricht in der Sporthalle.,спортивный зал | Сегодня у нас урок физкультуры в спортивном зале.,1,21.07.2026,0,0,Kapitel 4 – Wie spät ist es?
17.07.2026,Kap 4_Wie spät ist es?,Stadtrundfahrt,die,die Stadtrundfahrten,обзорная экскурсия по городу,Wir haben gestern eine interessante Stadtrundfahrt durch Berlin gemacht.,Вчера мы совершили интересную обзорную экскурсию по Берлину.,die Stadtrundfahrt | Wir haben gestern eine interessante Stadtrundfahrt durch Berlin gemacht.,обзорная экскурсия по городу | Вчера мы совершили интересную обзорную экскурсию по Берлину.,1,21.07.2026,0,0,Kapitel 4 – Wie spät ist es?
17.07.2026,Kap 4_Wie spät ist es?,"​kath. (= katholisch ,)",-,-,католический (сокр.),In unserer Stadt gibt es eine kath. Kirche.,В нашем городе есть католическая церковь.,"​kath. (= katholisch ,) | In unserer Stadt gibt es eine kath. Kirche.",католический (сокр.) | В нашем городе есть католическая церковь.,1,21.07.2026,0,0,Kapitel 4 – Wie spät ist es?
17.07.2026,Kap 4_Wie spät ist es?,"​spannend, spannender, am spannensten",-,-,"захватывающий, увлекательный, интересный","Der Film, den wir gestern im Kino gesehen haben, war unglaublich spannend.","Фильм, который мы вчера смотрели в кинотеатре, был невероятно захватывающим.","​spannend, spannender, am spannensten | Der Film, den wir gestern im Kino gesehen haben, war unglaublich spannend.","захватывающий, увлекательный, интересный | Фильм, который мы вчера смотрели в кинотеатре, был невероятно захватывающим.",1,21.07.2026,0,0,Kapitel 4 – Wie spät ist es?
17.07.2026,Kap 4_Wie spät ist es?,Konzert,das,die Konzerte,концерт,Das Konzert beginnt um acht Uhr.,Концерт начинается в восемь часов.,das Konzert | Das Konzert beginnt um acht Uhr.,концерт | Концерт начинается в восемь часов.,1,21.07.2026,0,0,Kapitel 4 – Wie spät ist es?
17.07.2026,Kap 4_Wie spät ist es?,Dialognummer,die,die Dialognummern,номер диалога,"Bitte geben Sie Ihre Dialognummer ein, um das Gespräch fortzusetzen.","Пожалуйста, введите номер диалога, чтобы продолжить разговор.","die Dialognummer | Bitte geben Sie Ihre Dialognummer ein, um das Gespräch fortzusetzen.","номер диалога | Пожалуйста, введите номер диалога, чтобы продолжить разговор.",1,21.07.2026,0,0,Kapitel 4 – Wie spät ist es?
17.07.2026,Kap 4_Wie spät ist es?,​danach,-,-,"после этого, затем, потом","Erst essen wir, danach gehen wir spazieren.","Сначала мы поедим, а потом пойдём гулять.","​danach | Erst essen wir, danach gehen wir spazieren.","после этого, затем, потом | Сначала мы поедим, а потом пойдём гулять.",1,21.07.2026,0,0,Kapitel 4 – Wie spät ist es?
17.07.2026,Kap 4_Wie spät ist es?,Karte,die,die Karten,"карта, билет",Ich bezahle mit der Karte.,Я плачу картой.,die Karte | Ich bezahle mit der Karte.,"карта, билет | Я плачу картой.",1,21.07.2026,0,0,Kapitel 4 – Wie spät ist es?
17.07.2026,Kap 4_Wie spät ist es?,Zeit,die,die Zeiten,время,Ich habe heute leider keine Zeit.,"К сожалению, у меня сегодня нет времени.",die Zeit | Ich habe heute leider keine Zeit.,"время | К сожалению, у меня сегодня нет времени.",1,21.07.2026,0,0,Kapitel 4 – Wie spät ist es?
17.07.2026,Kap 4_Wie spät ist es?,Stadtfest,das,die Stadtfeste,городской праздник,Am Wochenende besuchen viele Menschen das Stadtfest.,В выходные многие люди посещают городской праздник.,das Stadtfest | Am Wochenende besuchen viele Menschen das Stadtfest.,городской праздник | В выходные многие люди посещают городской праздник.,1,21.07.2026,0,0,Kapitel 4 – Wie spät ist es?
17.07.2026,Kap 4_Wie spät ist es?,Biergarten,der,die Biergärten,пивной сад,Im Sommer trinken wir gerne ein kühles Bier im Biergarten.,Летом мы с удовольствием пьем холодное пиво в пивном саду.,der Biergarten | Im Sommer trinken wir gerne ein kühles Bier im Biergarten.,пивной сад | Летом мы с удовольствием пьем холодное пиво в пивном саду.,1,21.07.2026,0,0,Kapitel 4 – Wie spät ist es?
17.07.2026,Kap 4_Wie spät ist es?,Zirkus,der,die Zirkusse,цирк,Heute Abend gehen wir in den Zirkus.,Сегодня вечером мы идём в цирк.,der Zirkus | Heute Abend gehen wir in den Zirkus.,цирк | Сегодня вечером мы идём в цирк.,1,21.07.2026,0,0,Kapitel 4 – Wie spät ist es?
17.07.2026,Kap 4_Wie spät ist es?,Verabredung,die,die Verabredungen,"встреча, свидание (по договоренности)",Ich habe heute Abend eine Verabredung mit einem Freund.,У меня сегодня вечером встреча с другом.,die Verabredung | Ich habe heute Abend eine Verabredung mit einem Freund.,"встреча, свидание (по договоренности) | У меня сегодня вечером встреча с другом.",1,21.07.2026,0,0,Kapitel 4 – Wie spät ist es?
17.07.2026,Kap 4_Wie spät ist es?,​ins (= in das) (ins Kino),-,-,в (сокращение от in das),Wir gehen heute Abend ins Kino.,Мы идём сегодня вечером в кино.,​ins (= in das) (ins Kino) | Wir gehen heute Abend ins Kino.,в (сокращение от in das) | Мы идём сегодня вечером в кино.,1,21.07.2026,0,0,Kapitel 4 – Wie spät ist es?
17.07.2026,Kap 4_Wie spät ist es?,​leider,-,-,к сожалению,Ich kann leider nicht zur Party kommen.,"Я, к сожалению, не могу прийти на вечеринку.",​leider | Ich kann leider nicht zur Party kommen.,"к сожалению | Я, к сожалению, не могу прийти на вечеринку.",1,21.07.2026,0,0,Kapitel 4 – Wie spät ist es?
17.07.2026,Kap 4_Wie spät ist es?,​vielleicht,-,-,"может быть, возможно",Vielleicht können wir uns morgen treffen.,"Может быть, мы сможем встретиться завтра.",​vielleicht | Vielleicht können wir uns morgen treffen.,"может быть, возможно | Может быть, мы сможем встретиться завтра.",1,21.07.2026,0,0,Kapitel 4 – Wie spät ist es?
17.07.2026,Kap 4_Wie spät ist es?,​durch (+ A.) (durch die Stadt fahren),-,-,"через, сквозь, по",Wir fahren mit dem Auto durch die Stadt.,Мы едем на машине через город.,​durch (+ A.) (durch die Stadt fahren) | Wir fahren mit dem Auto durch die Stadt.,"через, сквозь, по | Мы едем на машине через город.",1,21.07.2026,0,0,Kapitel 4 – Wie spät ist es?
17.07.2026,Kap 4_Wie spät ist es?,"​einladen, er lädt ein, eingeladen",-,-,приглашать,Er lädt seine Freunde zum Abendessen ein.,Он приглашает своих друзей на ужин.,"​einladen, er lädt ein, eingeladen | Er lädt seine Freunde zum Abendessen ein.",приглашать | Он приглашает своих друзей на ужин.,1,21.07.2026,0,0,Kapitel 4 – Wie spät ist es?
17.07.2026,Kap 4_Wie spät ist es?,10​allein,-,-,"один, наедине, одинокий",Ich möchte heute Abend lieber allein sein.,Я бы предпочел побыть один сегодня вечером.,10​allein | Ich möchte heute Abend lieber allein sein.,"один, наедине, одинокий | Я бы предпочел побыть один сегодня вечером.",1,21.07.2026,0,0,Kapitel 4 – Wie spät ist es?
17.07.2026,Kap 4_Wie spät ist es?,​anders,-,-,"иначе, по-другому",Heute ist alles anders.,Сегодня всё иначе.,​anders | Heute ist alles anders.,"иначе, по-другому | Сегодня всё иначе.",1,21.07.2026,0,0,Kapitel 4 – Wie spät ist es?
17.07.2026,Kap 4_Wie spät ist es?,"​anmachen, er macht an, angemacht",-,-,"включать (свет, прибор), заправлять (салат), разжигать",Kannst du bitte das Licht anmachen?,"Можешь, пожалуйста, включить свет?","​anmachen, er macht an, angemacht | Kannst du bitte das Licht anmachen?","включать (свет, прибор), заправлять (салат), разжигать | Можешь, пожалуйста, включить свет?",1,21.07.2026,0,0,Kapitel 4 – Wie spät ist es?
17.07.2026,Kap 4_Wie spät ist es?,"​ausmachen, er macht aus, ausgemacht",-,-,"выключать, иметь значение, договариваться",Kannst du bitte das Licht ausmachen?,"Ты можешь, пожалуйста, выключить свет?","​ausmachen, er macht aus, ausgemacht | Kannst du bitte das Licht ausmachen?","выключать, иметь значение, договариваться | Ты можешь, пожалуйста, выключить свет?",1,21.07.2026,0,0,Kapitel 4 – Wie spät ist es?
17.07.2026,Kap 4_Wie spät ist es?,​da (Da hat er angerufen.),-,-,"тогда, в этот момент, тут",Da hat er angerufen.,В этот момент он и позвонил.,​da (Da hat er angerufen.) | Da hat er angerufen.,"тогда, в этот момент, тут | В этот момент он и позвонил.",1,21.07.2026,0,0,Kapitel 4 – Wie spät ist es?
17.07.2026,Kap 4_Wie spät ist es?,Bad,das,die Bäder,"ванная комната, ванна",Morgens verbringe ich viel Zeit im Bad.,Утром я провожу много времени в ванной.,das Bad | Morgens verbringe ich viel Zeit im Bad.,"ванная комната, ванна | Утром я провожу много времени в ванной.",1,21.07.2026,0,0,Kapitel 4 – Wie spät ist es?
17.07.2026,Kap 4_Wie spät ist es?,Radio,das,die Radios,радио,Ich höre morgens beim Frühstück Radio.,Я слушаю радио утром за завтраком.,das Radio | Ich höre morgens beim Frühstück Radio.,радио | Я слушаю радио утром за завтраком.,1,21.07.2026,0,0,Kapitel 4 – Wie spät ist es?
17.07.2026,Kap 4_Wie spät ist es?,Anruf,der,die Anrufe,телефонный звонок,Ich warte auf einen wichtigen Anruf.,Я жду важного телефонного звонка.,der Anruf | Ich warte auf einen wichtigen Anruf.,телефонный звонок | Я жду важного телефонного звонка.,1,21.07.2026,0,0,Kapitel 4 – Wie spät ist es?
17.07.2026,Kap 4_Wie spät ist es?,Arbeitstag,der,die Arbeitstage,рабочий день,Mein Arbeitstag beginnt normalerweise um acht Uhr.,Мой рабочий день обычно начинается в восемь часов.,der Arbeitstag | Mein Arbeitstag beginnt normalerweise um acht Uhr.,рабочий день | Мой рабочий день обычно начинается в восемь часов.,1,21.07.2026,0,0,Kapitel 4 – Wie spät ist es?
17.07.2026,Kap 4_Wie spät ist es?,Chef,der,die Chefs,"начальник, шеф",Mein Chef ist heute nicht im Büro.,Моего начальника сегодня нет в офисе.,der Chef | Mein Chef ist heute nicht im Büro.,"начальник, шеф | Моего начальника сегодня нет в офисе.",1,21.07.2026,0,0,Kapitel 4 – Wie spät ist es?
17.07.2026,Kap 4_Wie spät ist es?,Chefin,die,die Chefinnen,начальница,Unsere neue Chefin ist sehr freundlich und professionell.,Наша новая начальница очень дружелюбная и профессиональная.,die Chefin | Unsere neue Chefin ist sehr freundlich und professionell.,начальница | Наша новая начальница очень дружелюбная и профессиональная.,1,21.07.2026,0,0,Kapitel 4 – Wie spät ist es?
17.07.2026,Kap 4_Wie spät ist es?,Informatiker,der,die Informatiker,IT-специалист,Mein Bruder arbeitet als Informatiker bei einer großen Firma.,Мой брат работает IT-специалистом в крупной компании.,der Informatiker | Mein Bruder arbeitet als Informatiker bei einer großen Firma.,IT-специалист | Мой брат работает IT-специалистом в крупной компании.,1,21.07.2026,0,0,Kapitel 4 – Wie spät ist es?
17.07.2026,Kap 4_Wie spät ist es?,Informatikerin,die,die Informatikerinnen,"IT-специалистка, женщина-программист",Meine Schwester arbeitet als Informatikerin bei einem großen Softwareunternehmen.,Моя сестра работает IT-специалисткой в крупной компании по разработке программного обеспечения.,die Informatikerin | Meine Schwester arbeitet als Informatikerin bei einem großen Softwareunternehmen.,"IT-специалистка, женщина-программист | Моя сестра работает IT-специалисткой в крупной компании по разработке программного обеспечения.",2,29.07.2026,1,1,Kapitel 4 – Wie spät ist es?
17.07.2026,Kap 4_Wie spät ist es?,Text,der,die Texte,текст,Ich lese einen interessanten Text.,Я читаю интересный текст.,der Text | Ich lese einen interessanten Text.,текст | Я читаю интересный текст.,1,21.07.2026,0,0,Kapitel 4 – Wie spät ist es?
17.07.2026,Kap 4_Wie spät ist es?,Zettel,der,die Zettel,"записка, листок бумаги",Er schrieb die Telefonnummer auf einen Zettel.,Он записал номер телефона на листок бумаги.,der Zettel | Er schrieb die Telefonnummer auf einen Zettel.,"записка, листок бумаги | Он записал номер телефона на листок бумаги.",1,21.07.2026,0,0,Kapitel 4 – Wie spät ist es?
17.07.2026,Kap 4_Wie spät ist es?,Arbeitswoche,die,die Arbeitswochen,рабочая неделя,Eine normale Arbeitswoche hat in Deutschland meistens 40 Stunden.,Обычная рабочая неделя в Германии обычно составляет 40 часов.,die Arbeitswoche | Eine normale Arbeitswoche hat in Deutschland meistens 40 Stunden.,рабочая неделя | Обычная рабочая неделя в Германии обычно составляет 40 часов.,1,21.07.2026,0,0,Kapitel 4 – Wie spät ist es?
17.07.2026,Kap 4_Wie spät ist es?,Ecke,die,die Ecken,угол,Der Supermarkt ist an der Ecke.,Супермаркет находится на углу.,die Ecke | Der Supermarkt ist an der Ecke.,угол | Супермаркет находится на углу.,1,21.07.2026,0,0,Kapitel 4 – Wie spät ist es?
17.07.2026,Kap 4_Wie spät ist es?,"Firma, Firmen",die,Firmen,"фирма, компания",Er arbeitet bei einer großen Firma.,Он работает в крупной фирме.,"die Firma, Firmen | Er arbeitet bei einer großen Firma.","фирма, компания | Он работает в крупной фирме.",1,21.07.2026,0,0,Kapitel 4 – Wie spät ist es?
17.07.2026,Kap 4_Wie spät ist es?,Freundin,die,die Freundinnen,подруга,Meine beste Freundin wohnt in Berlin.,Моя лучшая подруга живет в Берлине.,die Freundin | Meine beste Freundin wohnt in Berlin.,подруга | Моя лучшая подруга живет в Берлине.,1,21.07.2026,0,0,Kapitel 4 – Wie spät ist es?
17.07.2026,Kap 4_Wie spät ist es?,Kantine,die,die Kantinen,столовая,Ich esse mittags in der Kantine.,Я обедаю в столовой.,die Kantine | Ich esse mittags in der Kantine.,столовая | Я обедаю в столовой.,1,21.07.2026,0,0,Kapitel 4 – Wie spät ist es?
17.07.2026,Kap 4_Wie spät ist es?,Lust (keine Lust),die,Sg.,"желание, охота",Ich habe keine Lust auf Hausaufgaben.,У меня нет желания делать домашнее задание.,die Lust (keine Lust) | Ich habe keine Lust auf Hausaufgaben.,"желание, охота | У меня нет желания делать домашнее задание.",1,21.07.2026,0,0,Kapitel 4 – Wie spät ist es?
17.07.2026,Kap 4_Wie spät ist es?,"​einschlafen, er schläft ein, ist eingeschlafen",-,-,засыпать,Ich schlafe jeden Abend um zehn Uhr ein.,Я засыпаю каждый вечер в десять часов.,"​einschlafen, er schläft ein, ist eingeschlafen | Ich schlafe jeden Abend um zehn Uhr ein.",засыпать | Я засыпаю каждый вечер в десять часов.,1,21.07.2026,0,0,Kapitel 4 – Wie spät ist es?
17.07.2026,Kap 4_Wie spät ist es?,"​erzählen, er erzählt, erzählt",-,-,рассказывать,Er erzählt eine Geschichte.,Он рассказывает историю.,"​erzählen, er erzählt, erzählt | Er erzählt eine Geschichte.",рассказывать | Он рассказывает историю.,1,21.07.2026,0,0,Kapitel 4 – Wie spät ist es?
17.07.2026,Kap 4_Wie spät ist es?,​geschlossen,-,-,закрытый,Die Tür ist geschlossen.,Дверь закрыта.,​geschlossen | Die Tür ist geschlossen.,закрытый | Дверь закрыта.,1,21.07.2026,0,0,Kapitel 4 – Wie spät ist es?
17.07.2026,Kap 4_Wie spät ist es?,"​kalt, kälter, am kältesten",-,-,"холодный, холоднее, самый холодный",Im Winter ist es in Sibirien sehr kalt.,Зимой в Сибири очень холодно.,"​kalt, kälter, am kältesten | Im Winter ist es in Sibirien sehr kalt.","холодный, холоднее, самый холодный | Зимой в Сибири очень холодно.",1,21.07.2026,0,0,Kapitel 4 – Wie spät ist es?
17.07.2026,Kap 4_Wie spät ist es?,"​klingeln, er klingelt, geklingelt",-,-,звонить,Es klingelt an der Tür.,В дверь звонят.,"​klingeln, er klingelt, geklingelt | Es klingelt an der Tür.",звонить | В дверь звонят.,1,21.07.2026,0,0,Kapitel 4 – Wie spät ist es?
17.07.2026,Kap 4_Wie spät ist es?,​nach Hause (Er kommt nach Hause.),-,-,домой,Er kommt nach Hause.,Он идет домой.,​nach Hause (Er kommt nach Hause.) | Er kommt nach Hause.,домой | Он идет домой.,1,21.07.2026,0,0,Kapitel 4 – Wie spät ist es?
17.07.2026,Kap 4_Wie spät ist es?,"​Nr. (= die Nummer, -n)",die,die Nummern,номер,Wie ist deine Telefonnummer?,Какой у тебя номер телефона?,"die ​Nr. (= die Nummer, -n) | Wie ist deine Telefonnummer?",номер | Какой у тебя номер телефона?,1,21.07.2026,0,0,Kapitel 4 – Wie spät ist es?
17.07.2026,Kap 4_Wie spät ist es?,"​sehen, er sieht, gesehen (Nachrichten sehen)",-,-,смотреть (новости),Er sieht jeden Abend die Nachrichten im Fernsehen.,Каждый вечер он смотрит новости по телевизору.,"​sehen, er sieht, gesehen (Nachrichten sehen) | Er sieht jeden Abend die Nachrichten im Fernsehen.",смотреть (новости) | Каждый вечер он смотрит новости по телевизору.,1,21.07.2026,0,0,Kapitel 4 – Wie spät ist es?
17.07.2026,Kap 4_Wie spät ist es?,"​telefonieren, er telefoniert, telefoniert",-,-,"разговаривать по телефону, звонить",Er telefoniert gerade mit einem Kunden.,Он сейчас разговаривает по телефону с клиентом.,"​telefonieren, er telefoniert, telefoniert | Er telefoniert gerade mit einem Kunden.","разговаривать по телефону, звонить | Он сейчас разговаривает по телефону с клиентом.",1,21.07.2026,0,0,Kapitel 4 – Wie spät ist es?
17.07.2026,Kap 4_Wie spät ist es?,"​träumen, er träumt, geträumt",-,-,"мечтать, видеть сны",Ich träume von einer Reise nach Paris.,Я мечтаю о поездке в Париж.,"​träumen, er träumt, geträumt | Ich träume von einer Reise nach Paris.","мечтать, видеть сны | Я мечтаю о поездке в Париж.",1,21.07.2026,0,0,Kapitel 4 – Wie spät ist es?
17.07.2026,Kap 4_Wie spät ist es?,"​warten, er wartet, gewartet",-,-,ждать,Er wartet am Bahnhof auf den Zug.,Он ждет поезд на вокзале.,"​warten, er wartet, gewartet | Er wartet am Bahnhof auf den Zug.",ждать | Он ждет поезд на вокзале.,1,21.07.2026,0,0,Kapitel 4 – Wie spät ist es?
17.07.2026,Kap 4_Wie spät ist es?,​weg (sein),-,-,"отсутствовать, пропасть, уйти",Mein Schlüssel ist weg.,Мой ключ пропал.,​weg (sein) | Mein Schlüssel ist weg.,"отсутствовать, пропасть, уйти | Мой ключ пропал.",1,21.07.2026,0,0,Kapitel 4 – Wie spät ist es?
17.07.2026,Kap 4_Wie spät ist es?,​wegen (+ G.),-,-,"из-за, по причине",Wegen des Regens bleiben wir zu Hause.,Из-за дождя мы остаемся дома.,​wegen (+ G.) | Wegen des Regens bleiben wir zu Hause.,"из-за, по причине | Из-за дождя мы остаемся дома.",1,21.07.2026,0,0,Kapitel 4 – Wie spät ist es?
17.07.2026,Kap 4_Wie spät ist es?,"​stehen, er steht, hat/ist gestanden (Wo steht das?)",-,-,"стоять, находиться",Das Buch steht im Regal.,Книга стоит на полке.,"​stehen, er steht, hat/ist gestanden (Wo steht das?) | Das Buch steht im Regal.","стоять, находиться | Книга стоит на полке.",1,21.07.2026,0,0,Kapitel 4 – Wie spät ist es?
17.07.2026,Kap 4_Wie spät ist es?,"​zu sein, er ist zu, ist zu gewesen (Die Bäckerei ist noch zu.)",-,-,быть закрытым,Die Bäckerei ist noch zu.,Пекарня ещё закрыта.,"​zu sein, er ist zu, ist zu gewesen (Die Bäckerei ist noch zu.) | Die Bäckerei ist noch zu.",быть закрытым | Пекарня ещё закрыта.,1,21.07.2026,0,0,Kapitel 4 – Wie spät ist es?
17.07.2026,Kap 4_Wie spät ist es?,​los (Was ist los?),-,-,"происходящий, стрясшийся (о событиях, делах)",Was ist los mit dir?,Что с тобой случилось?,​los (Was ist los?) | Was ist los mit dir?,"происходящий, стрясшийся (о событиях, делах) | Что с тобой случилось?",1,21.07.2026,0,0,Kapitel 4 – Wie spät ist es?
17.07.2026,Kap 4_Wie spät ist es?,11​die Vergangenheitsform,die,die Vergangenheitsformen,форма прошедшего времени,Das Verb 'gehen' hat die Vergangenheitsform 'ging'.,Глагол 'gehen' имеет форму прошедшего времени 'ging'.,die 11​die Vergangenheitsform | Das Verb 'gehen' hat die Vergangenheitsform 'ging'.,форма прошедшего времени | Глагол 'gehen' имеет форму прошедшего времени 'ging'.,1,21.07.2026,0,0,Kapitel 4 – Wie spät ist es?
17.07.2026,Kap 4_Wie spät ist es?,Vergangenheit,die,Sg.,прошлое,Er denkt oft an die Vergangenheit.,Он часто думает о прошлом.,die Vergangenheit | Er denkt oft an die Vergangenheit.,прошлое | Он часто думает о прошлом.,1,21.07.2026,0,0,Kapitel 4 – Wie spät ist es?
17.07.2026,Kap 4_Wie spät ist es?,Woche,die,die Wochen,неделя,Eine Woche hat sieben Tage.,В неделе семь дней.,die Woche | Eine Woche hat sieben Tage.,неделя | В неделе семь дней.,1,21.07.2026,0,0,Kapitel 4 – Wie spät ist es?
17.07.2026,Kap 4_Wie spät ist es?,"​erkennen, er erkennt, erkannt",-,-,"узнавать, распознавать, осознавать",Ich konnte ihn sofort an seiner Stimme erkennen.,Я сразу смог узнать его по голосу.,"​erkennen, er erkennt, erkannt | Ich konnte ihn sofort an seiner Stimme erkennen.","узнавать, распознавать, осознавать | Я сразу смог узнать его по голосу.",1,21.07.2026,0,0,Kapitel 4 – Wie spät ist es?
17.07.2026,Kap 4_Wie spät ist es?,​letzt- (letzte Woche),-,-,"прошлый, последний",Letzte Woche habe ich meine Großeltern besucht.,На прошлой неделе я навестил своих бабушку и дедушку.,​letzt- (letzte Woche) | Letzte Woche habe ich meine Großeltern besucht.,"прошлый, последний | На прошлой неделе я навестил своих бабушку и дедушку.",1,21.07.2026,0,0,Kapitel 4 – Wie spät ist es?
17.07.2026,Kap 4_Wie spät ist es?,Freitagabend,-,-,вечер пятницы,Der Freitagabend ist für Freunde da.,Вечер пятницы предназначен для друзей.,Freitagabend | Der Freitagabend ist für Freunde da.,вечер пятницы | Вечер пятницы предназначен для друзей.,1,21.07.2026,0,0,Kapitel 4 – Wie spät ist es?
17.07.2026,Kap 4_Wie spät ist es?,​warum,-,-,почему,Warum lernst du Deutsch?,Почему ты учишь немецкий?,​warum | Warum lernst du Deutsch?,почему | Почему ты учишь немецкий?,1,21.07.2026,0,0,Kapitel 4 – Wie spät ist es?
17.07.2026,Kap 4_Wie spät ist es?,Wochentag,der,die Wochentage,день недели,Welcher Wochentag ist heute?,Какой сегодня день недели?,der Wochentag | Welcher Wochentag ist heute?,день недели | Какой сегодня день недели?,1,21.07.2026,0,0,Kapitel 4 – Wie spät ist es?
17.07.2026,Kap 4_Wie spät ist es?,"​schwimmen, er schwimmt, hat/ist geschwommen",-,-,плавать,Ich schwimme gerne im See.,Я люблю плавать в озере.,"​schwimmen, er schwimmt, hat/ist geschwommen | Ich schwimme gerne im See.",плавать | Я люблю плавать в озере.,1,21.07.2026,0,0,Kapitel 4 – Wie spät ist es?
17.07.2026,Kap 4_Wie spät ist es?,Wortteil,der,die Wortteile,часть слова,Was bedeutet dieser Wortteil?,Что означает эта часть слова?,der Wortteil | Was bedeutet dieser Wortteil?,часть слова | Что означает эта часть слова?,1,21.07.2026,0,0,Kapitel 4 – Wie spät ist es?
17.07.2026,Kap 4_Wie spät ist es?,Satzklammer,die,die Satzklammern,рамочная конструкция,Im deutschen Satz gibt es oft eine Satzklammer.,В немецком предложении часто есть рамочная конструкция.,die Satzklammer | Im deutschen Satz gibt es oft eine Satzklammer.,рамочная конструкция | В немецком предложении часто есть рамочная конструкция.,1,21.07.2026,0,0,Kapitel 4 – Wie spät ist es?
17.07.2026,Kap 4_Wie spät ist es?,Zeitangabe,die,die Zeitangaben,указание времени,Wo ist die Zeitangabe in diesem Satz?,Где указание времени в этом предложении?,die Zeitangabe | Wo ist die Zeitangabe in diesem Satz?,указание времени | Где указание времени в этом предложении?,1,21.07.2026,0,0,Kapitel 4 – Wie spät ist es?
17.07.2026,Kap 4_Wie spät ist es?,"entschuldigen, er entschuldigt, entschuldigt",-,-,"извинять, прощать; извиняться","Entschuldigen Sie bitte, wo ist der Bahnhof?","Извините, пожалуйста, где находится вокзал?","entschuldigen, er entschuldigt, entschuldigt | Entschuldigen Sie bitte, wo ist der Bahnhof?","извинять, прощать; извиняться | Извините, пожалуйста, где находится вокзал?",1,21.07.2026,0,0,Kapitel 4 – Wie spät ist es?
17.07.2026,Kap 4_Wie spät ist es?,Betonung,die,die Betonungen,"ударение, акцент",Wo liegt die Betonung in diesem Wort?,Где падает ударение в этом слове?,die Betonung | Wo liegt die Betonung in diesem Wort?,"ударение, акцент | Где падает ударение в этом слове?",1,21.07.2026,0,0,Kapitel 4 – Wie spät ist es?
17.07.2026,Kap 4_Wie spät ist es?,"einfach, einfacher, am einfachsten",-,-,"простой, проще, самый простой","Deutsch ist nicht einfach, aber Englisch ist einfacher.","Немецкий не простой, но английский проще.","einfach, einfacher, am einfachsten | Deutsch ist nicht einfach, aber Englisch ist einfacher.","простой, проще, самый простой | Немецкий не простой, но английский проще.",1,21.07.2026,0,0,Kapitel 4 – Wie spät ist es?
17.07.2026,Kap 5_Was darf's sein?,Kapitel 5,-,die Kapitel,глава 5,Wir lesen jetzt Kapitel 5.,Мы сейчас читаем главу 5.,Kapitel 5 | Wir lesen jetzt Kapitel 5.,глава 5 | Мы сейчас читаем главу 5.,1,21.07.2026,0,0,Kapitel 5 – Was darf's sein?_Что вам предложить?
17.07.2026,Kap 5_Was darf's sein?,Markt,der,die Märkte,рынок,Ich kaufe Gemüse auf dem Markt.,Я покупаю овощи на рынке.,der Markt | Ich kaufe Gemüse auf dem Markt.,рынок | Я покупаю овощи на рынке.,1,21.07.2026,0,0,Kapitel 5 – Was darf's sein?_Что вам предложить?
17.07.2026,Kap 5_Was darf's sein?,Bier,das,die Biere,пиво,Das Bier ist kalt.,Пиво холодное.,das Bier | Das Bier ist kalt.,пиво | Пиво холодное.,1,21.07.2026,0,0,Kapitel 5 – Was darf's sein?_Что вам предложить?
17.07.2026,Kap 5_Was darf's sein?,Lebensmittel,das,die Lebensmittel,продукты питания,Ich kaufe Lebensmittel im Supermarkt.,Я покупаю продукты в супермаркете.,das Lebensmittel | Ich kaufe Lebensmittel im Supermarkt.,продукты питания | Я покупаю продукты в супермаркете.,1,21.07.2026,0,0,Kapitel 5 – Was darf's sein?_Что вам предложить?
17.07.2026,Kap 5_Was darf's sein?,Schinken,der,die Schinken,ветчина,Ich esse morgens Brot mit Schinken.,Я ем хлеб с ветчиной по утрам.,der Schinken | Ich esse morgens Brot mit Schinken.,ветчина | Я ем хлеб с ветчиной по утрам.,1,21.07.2026,0,0,Kapitel 5 – Was darf's sein?_Что вам предложить?
17.07.2026,Kap 5_Was darf's sein?,Butter,die,Sg.,сливочное масло,Die Butter steht im Kühlschrank.,Сливочное масло стоит в холодильнике.,die Butter | Die Butter steht im Kühlschrank.,сливочное масло | Сливочное масло стоит в холодильнике.,1,21.07.2026,0,0,Kapitel 5 – Was darf's sein?_Что вам предложить?
17.07.2026,Kap 5_Was darf's sein?,Kartoffel,die,die Kartoffeln,картофель,Die Kartoffel ist gesund.,Картофель полезен.,die Kartoffel | Die Kartoffel ist gesund.,картофель | Картофель полезен.,1,21.07.2026,0,0,Kapitel 5 – Was darf's sein?_Что вам предложить?
17.07.2026,Kap 5_Was darf's sein?,Kochrezept,das,die Kochrezepte,кулинарный рецепт,Das Kochrezept ist sehr einfach.,Этот кулинарный рецепт очень простой.,das Kochrezept | Das Kochrezept ist sehr einfach.,кулинарный рецепт | Этот кулинарный рецепт очень простой.,1,21.07.2026,0,0,Kapitel 5 – Was darf's sein?_Что вам предложить?
17.07.2026,Kap 5_Was darf's sein?,Einkaufsdialog,der,die Einkaufsdialoge,диалог о покупках,Wir üben heute einen Einkaufsdialog im Deutschkurs.,Сегодня на курсе немецкого мы тренируем диалог о покупках.,der Einkaufsdialog | Wir üben heute einen Einkaufsdialog im Deutschkurs.,диалог о покупках | Сегодня на курсе немецкого мы тренируем диалог о покупках.,1,21.07.2026,0,0,Kapitel 5 – Was darf's sein?_Что вам предложить?
17.07.2026,Kap 5_Was darf's sein?,Einkaufszettel,der,die Einkaufszettel,список покупок,Ich schreibe einen Einkaufszettel.,Я пишу список покупок.,der Einkaufszettel | Ich schreibe einen Einkaufszettel.,список покупок | Я пишу список покупок.,1,21.07.2026,0,0,Kapitel 5 – Was darf's sein?_Что вам предложить?
17.07.2026,Kap 5_Was darf's sein?,2​das Ei,das,die Eier,яйцо,Ich esse ein Ei zum Frühstück.,Я ем яйцо на завтрак.,das 2​das Ei | Ich esse ein Ei zum Frühstück.,яйцо | Я ем яйцо на завтрак.,1,21.07.2026,0,0,Kapitel 5 – Was darf's sein?_Что вам предложить?
17.07.2026,Kap 5_Was darf's sein?,Gramm,das,die Gramm,грамм,Ich brauche 200 Gramm Butter für den Kuchen.,Мне нужно 200 грамм масла для пирога.,das Gramm | Ich brauche 200 Gramm Butter für den Kuchen.,грамм | Мне нужно 200 грамм масла для пирога.,1,21.07.2026,0,0,Kapitel 5 – Was darf's sein?_Что вам предложить?
17.07.2026,Kap 5_Was darf's sein?,"Kilo, -s (= das Kilogramm, -)",das,die Kilos,килограмм,Ich kaufe ein Kilo Äpfel.,Я покупаю килограмм яблок.,"das Kilo, -s (= das Kilogramm, -) | Ich kaufe ein Kilo Äpfel.",килограмм | Я покупаю килограмм яблок.,1,21.07.2026,0,0,Kapitel 5 – Was darf's sein?_Что вам предложить?
17.07.2026,Kap 5_Was darf's sein?,Paket,das,die Pakete,посылка,Ich bringe das Paket zur Post.,Я несу посылку на почту.,das Paket | Ich bringe das Paket zur Post.,посылка | Я несу посылку на почту.,1,21.07.2026,0,0,Kapitel 5 – Was darf's sein?_Что вам предложить?
17.07.2026,Kap 5_Was darf's sein?,Pfund,das,die Pfunde,фунт,Ich kaufe ein Pfund Äpfel.,Я покупаю фунт яблок.,das Pfund | Ich kaufe ein Pfund Äpfel.,фунт | Я покупаю фунт яблок.,1,21.07.2026,0,0,Kapitel 5 – Was darf's sein?_Что вам предложить?
17.07.2026,Kap 5_Was darf's sein?,Kasten,der,die Kästen,"ящик, коробка",Der Kasten steht in der Küche.,Ящик стоит на кухне.,der Kasten | Der Kasten steht in der Küche.,"ящик, коробка | Ящик стоит на кухне.",1,21.07.2026,0,0,Kapitel 5 – Was darf's sein?_Что вам предложить?
17.07.2026,Kap 5_Was darf's sein?,Wein,der,die Weine,вино,Ich trinke ein Glas Wein.,Я пью бокал вина.,der Wein | Ich trinke ein Glas Wein.,вино | Я пью бокал вина.,1,21.07.2026,0,0,Kapitel 5 – Was darf's sein?_Что вам предложить?
17.07.2026,Kap 5_Was darf's sein?,Packung,die,die Packungen,"упаковка, пачка",Ich kaufe eine Packung Tee.,Я покупаю пачку чая.,die Packung | Ich kaufe eine Packung Tee.,"упаковка, пачка | Я покупаю пачку чая.",1,21.07.2026,0,0,Kapitel 5 – Was darf's sein?_Что вам предложить?
17.07.2026,Kap 5_Was darf's sein?,Pizza,die,die Pizzen,пицца,Ich esse eine Pizza.,Я ем пиццу.,die Pizza | Ich esse eine Pizza.,пицца | Я ем пиццу.,1,21.07.2026,0,0,Kapitel 5 – Was darf's sein?_Что вам предложить?
17.07.2026,Kap 5_Was darf's sein?,"Paprika, -s (= Gemüse)",die,die Paprikas,болгарский перец,Die rote Paprika schmeckt sehr gut.,Красный болгарский перец очень вкусный.,"die Paprika, -s (= Gemüse) | Die rote Paprika schmeckt sehr gut.",болгарский перец | Красный болгарский перец очень вкусный.,1,21.07.2026,0,0,Kapitel 5 – Was darf's sein?_Что вам предложить?
17.07.2026,Kap 5_Was darf's sein?,Ehepaar,das,die Ehepaare,супружеская пара,Das Ehepaar wohnt in Berlin.,Супружеская пара живет в Берлине.,das Ehepaar | Das Ehepaar wohnt in Berlin.,супружеская пара | Супружеская пара живет в Берлине.,1,21.07.2026,0,0,Kapitel 5 – Was darf's sein?_Что вам предложить?
17.07.2026,Kap 5_Was darf's sein?,Senioren-Ehepaar,das,die Senioren-Ehepaare,пожилая супружеская пара,Das Senioren-Ehepaar geht im Park spazieren.,Пожилая супружеская пара гуляет в парке.,das Senioren-Ehepaar | Das Senioren-Ehepaar geht im Park spazieren.,пожилая супружеская пара | Пожилая супружеская пара гуляет в парке.,1,21.07.2026,0,0,Kapitel 5 – Was darf's sein?_Что вам предложить?
17.07.2026,Kap 5_Was darf's sein?,Apfelsaft,der,die Apfelsäfte,яблочный сок,Der Apfelsaft schmeckt sehr gut.,Яблочный сок очень вкусный.,der Apfelsaft | Der Apfelsaft schmeckt sehr gut.,яблочный сок | Яблочный сок очень вкусный.,1,21.07.2026,0,0,Kapitel 5 – Was darf's sein?_Что вам предложить?
17.07.2026,Kap 5_Was darf's sein?,Dose,die,die Dosen,жестяная банка,Ich kaufe eine Dose Cola.,Я покупаю банку колы.,die Dose | Ich kaufe eine Dose Cola.,жестяная банка | Я покупаю банку колы.,1,21.07.2026,0,0,Kapitel 5 – Was darf's sein?_Что вам предложить?
17.07.2026,Kap 5_Was darf's sein?,"​vergleichen, er vergleicht, verglichen",-,-,сравнивать,Wir vergleichen die Preise.,Мы сравниваем цены.,"​vergleichen, er vergleicht, verglichen | Wir vergleichen die Preise.",сравнивать | Мы сравниваем цены.,1,21.07.2026,0,0,Kapitel 5 – Was darf's sein?_Что вам предложить?
17.07.2026,Kap 5_Was darf's sein?,3​das Öl,-,die Öle,масло,Ich brauche Öl für den Salat.,Мне нужно масло для салата.,3​das Öl | Ich brauche Öl für den Salat.,масло | Мне нужно масло для салата.,1,21.07.2026,0,0,Kapitel 5 – Was darf's sein?_Что вам предложить?
17.07.2026,Kap 5_Was darf's sein?,Rindfleisch,das,Sg.,говядина,Ich esse gerne Rindfleisch.,Я люблю есть говядину.,das Rindfleisch | Ich esse gerne Rindfleisch.,говядина | Я люблю есть говядину.,1,21.07.2026,0,0,Kapitel 5 – Was darf's sein?_Что вам предложить?
17.07.2026,Kap 5_Was darf's sein?,Salz,das,Sg.,соль,Gib mir bitte das Salz.,"Передай мне, пожалуйста, соль.",das Salz | Gib mir bitte das Salz.,"соль | Передай мне, пожалуйста, соль.",1,21.07.2026,0,0,Kapitel 5 – Was darf's sein?_Что вам предложить?
17.07.2026,Kap 5_Was darf's sein?,Schnitzel,-,die Schnitzel,шницель,Ich esse ein Schnitzel mit Pommes.,Я ем шницель с картошкой фри.,Schnitzel | Ich esse ein Schnitzel mit Pommes.,шницель | Я ем шницель с картошкой фри.,1,21.07.2026,0,0,Kapitel 5 – Was darf's sein?_Что вам предложить?
17.07.2026,Kap 5_Was darf's sein?,Steak,-,die Steaks,стейк,Ich esse gerne ein Steak mit Salat.,Я люблю есть стейк с салатом.,Steak | Ich esse gerne ein Steak mit Salat.,стейк | Я люблю есть стейк с салатом.,1,21.07.2026,0,0,Kapitel 5 – Was darf's sein?_Что вам предложить?
17.07.2026,Kap 5_Was darf's sein?,Essig,-,die Essige,уксус,Ich brauche Essig für den Salat.,Мне нужен уксус для салата.,Essig | Ich brauche Essig für den Salat.,уксус | Мне нужен уксус для салата.,1,21.07.2026,0,0,Kapitel 5 – Was darf's sein?_Что вам предложить?
17.07.2026,Kap 5_Was darf's sein?,Birne,-,die Birnen,груша,Ich esse eine Birne.,Я ем грушу.,Birne | Ich esse eine Birne.,груша | Я ем грушу.,1,21.07.2026,0,0,Kapitel 5 – Was darf's sein?_Что вам предложить?
17.07.2026,Kap 5_Was darf's sein?,Zitrone,-,die Zitronen,лимон,Ich trinke Tee mit Zitrone.,Я пью чай с лимоном.,Zitrone | Ich trinke Tee mit Zitrone.,лимон | Я пью чай с лимоном.,1,21.07.2026,0,0,Kapitel 5 – Was darf's sein?_Что вам предложить?
17.07.2026,Kap 5_Was darf's sein?,4​weltweit,-,-,"по всему миру, всемирный",Das Internet ist weltweit.,Интернет доступен по всему миру.,4​weltweit | Das Internet ist weltweit.,"по всему миру, всемирный | Интернет доступен по всему миру.",1,21.07.2026,0,0,Kapitel 5 – Was darf's sein?_Что вам предложить?
17.07.2026,Kap 5_Was darf's sein?,​denn (Was ist denn das?),-,-,"же, ведь (модальная частица)",Was ist denn das?,Что же это такое?,​denn (Was ist denn das?) | Was ist denn das?,"же, ведь (модальная частица) | Что же это такое?",1,21.07.2026,0,0,Kapitel 5 – Was darf's sein?_Что вам предложить?
17.07.2026,Kap 5_Was darf's sein?,Bulgur,-,Sg.,булгур,Ich esse gerne Bulgur mit Gemüse.,Я люблю есть булгур с овощами.,Bulgur | Ich esse gerne Bulgur mit Gemüse.,булгур | Я люблю есть булгур с овощами.,1,21.07.2026,0,0,Kapitel 5 – Was darf's sein?_Что вам предложить?
17.07.2026,Kap 5_Was darf's sein?,Aubergine,-,die Auberginen,баклажан,Ich kaufe eine Aubergine.,Я покупаю баклажан.,Aubergine | Ich kaufe eine Aubergine.,баклажан | Я покупаю баклажан.,1,21.07.2026,0,0,Kapitel 5 – Was darf's sein?_Что вам предложить?
17.07.2026,Kap 5_Was darf's sein?,Bohne,-,die Bohnen,фасоль,Ich esse gerne Suppe mit Bohnen.,Я люблю есть суп с фасолью.,Bohne | Ich esse gerne Suppe mit Bohnen.,фасоль | Я люблю есть суп с фасолью.,1,21.07.2026,0,0,Kapitel 5 – Was darf's sein?_Что вам предложить?
17.07.2026,Kap 5_Was darf's sein?,Linse,-,die Linsen,чечевица; линза,Ich koche eine Suppe mit Linsen.,Я готовлю суп с чечевицей.,Linse | Ich koche eine Suppe mit Linsen.,чечевица; линза | Я готовлю суп с чечевицей.,1,21.07.2026,0,0,Kapitel 5 – Was darf's sein?_Что вам предложить?
17.07.2026,Kap 5_Was darf's sein?,Mango,-,die Mangos,манго,Ich esse gerne eine Mango.,Я люблю есть манго.,Mango | Ich esse gerne eine Mango.,манго | Я люблю есть манго.,1,21.07.2026,0,0,Kapitel 5 – Was darf's sein?_Что вам предложить?
17.07.2026,Kap 5_Was darf's sein?,"​glauben, er glaubt, geglaubt",-,-,"верить, думать","Ich glaube, das ist richtig.","Я думаю, это правильно.","​glauben, er glaubt, geglaubt | Ich glaube, das ist richtig.","верить, думать | Я думаю, это правильно.",1,21.07.2026,0,0,Kapitel 5 – Was darf's sein?_Что вам предложить?
17.07.2026,Kap 5_Was darf's sein?,"​wichtig, wichtiger, am wichtigsten",-,-,важный,Das ist sehr wichtig.,Это очень важно.,"​wichtig, wichtiger, am wichtigsten | Das ist sehr wichtig.",важный | Это очень важно.,1,21.07.2026,0,0,Kapitel 5 – Was darf's sein?_Что вам предложить?
17.07.2026,Kap 5_Was darf's sein?,"Frühstück, -e (meist Sg.)",-,die Frühstücke,завтрак,Ich esse das Frühstück um acht Uhr.,Я завтракаю в восемь часов.,"Frühstück, -e (meist Sg.) | Ich esse das Frühstück um acht Uhr.",завтрак | Я завтракаю в восемь часов.,1,21.07.2026,0,0,Kapitel 5 – Was darf's sein?_Что вам предложить?
17.07.2026,Kap 5_Was darf's sein?,Sprechblase,die,die Sprechblasen,облачко с текстом (в комиксах),Was steht in der Sprechblase?,Что написано в текстовом облачке?,die Sprechblase | Was steht in der Sprechblase?,облачко с текстом (в комиксах) | Что написано в текстовом облачке?,1,21.07.2026,0,0,Kapitel 5 – Was darf's sein?_Что вам предложить?
17.07.2026,Kap 5_Was darf's sein?,6​die Pluralform,die,die Pluralformen,форма множественного числа,Wie heißt die Pluralform von 'Buch'?,Как звучит форма множественного числа от слова «Buch»?,die 6​die Pluralform | Wie heißt die Pluralform von 'Buch'?,форма множественного числа | Как звучит форма множественного числа от слова «Buch»?,1,21.07.2026,0,0,Kapitel 5 – Was darf's sein?_Что вам предложить?
17.07.2026,Kap 5_Was darf's sein?,Lernkarte,die,die Lernkarten,карточка для обучения (флеш-карточка),Ich lerne neue Wörter mit einer Lernkarte.,Я учу новые слова с помощью обучающей карточки.,die Lernkarte | Ich lerne neue Wörter mit einer Lernkarte.,карточка для обучения (флеш-карточка) | Я учу новые слова с помощью обучающей карточки.,1,21.07.2026,0,0,Kapitel 5 – Was darf's sein?_Что вам предложить?
17.07.2026,Kap 5_Was darf's sein?,"​tauschen, er tauscht, getauscht",-,-,"менять, обмениваться",Wir tauschen die Plätze.,Мы меняемся местами.,"​tauschen, er tauscht, getauscht | Wir tauschen die Plätze.","менять, обмениваться | Мы меняемся местами.",1,21.07.2026,0,0,Kapitel 5 – Was darf's sein?_Что вам предложить?
17.07.2026,Kap 5_Was darf's sein?,"​trainieren, er trainiert, trainiert",-,-,"тренироваться, тренировать",Ich trainiere jeden Tag im Fitnessstudio.,Я тренируюсь каждый день в тренажерном зале.,"​trainieren, er trainiert, trainiert | Ich trainiere jeden Tag im Fitnessstudio.","тренироваться, тренировать | Я тренируюсь каждый день в тренажерном зале.",1,21.07.2026,0,0,Kapitel 5 – Was darf's sein?_Что вам предложить?
17.07.2026,Kap 5_Was darf's sein?,Spiel,das,die Spiele,игра,Das Spiel ist interessant.,Игра интересная.,das Spiel | Das Spiel ist interessant.,игра | Игра интересная.,1,21.07.2026,0,0,Kapitel 5 – Was darf's sein?_Что вам предложить?
17.07.2026,Kap 5_Was darf's sein?,7​das Menü,das,die Menüs,меню,Das Menü kostet zehn Euro.,Меню стоит десять евро.,das 7​das Menü | Das Menü kostet zehn Euro.,меню | Меню стоит десять евро.,1,21.07.2026,0,0,Kapitel 5 – Was darf's sein?_Что вам предложить?
17.07.2026,Kap 5_Was darf's sein?,Öffnungszeit,-,die Öffnungszeiten,время работы,Wie sind die Öffnungszeiten von dem Supermarkt?,Какое время работы у супермаркета?,Öffnungszeit | Wie sind die Öffnungszeiten von dem Supermarkt?,время работы | Какое время работы у супермаркета?,1,21.07.2026,0,0,Kapitel 5 – Was darf's sein?_Что вам предложить?
17.07.2026,Kap 5_Was darf's sein?,Amt,das,die Ämter,"ведомство, учреждение",Ich muss heute zum Amt gehen.,Мне нужно сегодня пойти в учреждение.,das Amt | Ich muss heute zum Amt gehen.,"ведомство, учреждение | Мне нужно сегодня пойти в учреждение.",1,21.07.2026,0,0,Kapitel 5 – Was darf's sein?_Что вам предложить?
17.07.2026,Kap 5_Was darf's sein?,Informationsplakat,das,die Informationsplakate,информационный плакат,Das Informationsplakat hängt an der Wand.,Информационный плакат висит на стене.,das Informationsplakat | Das Informationsplakat hängt an der Wand.,информационный плакат | Информационный плакат висит на стене.,1,21.07.2026,0,0,Kapitel 5 – Was darf's sein?_Что вам предложить?
17.07.2026,Kap 5_Was darf's sein?,Kaufhaus,das,die Kaufhäuser,универмаг,Das Kaufhaus ist sehr groß.,Универмаг очень большой.,das Kaufhaus | Das Kaufhaus ist sehr groß.,универмаг | Универмаг очень большой.,1,21.07.2026,0,0,Kapitel 5 – Was darf's sein?_Что вам предложить?
17.07.2026,Kap 5_Was darf's sein?,Kiosk,der,die Kioske,киоск,Ich kaufe eine Zeitung am Kiosk.,Я покупаю газету в киоске.,der Kiosk | Ich kaufe eine Zeitung am Kiosk.,киоск | Я покупаю газету в киоске.,1,21.07.2026,0,0,Kapitel 5 – Was darf's sein?_Что вам предложить?
17.07.2026,Kap 5_Was darf's sein?,Wochenmarkt,der,die Wochenmärkte,еженедельный рынок,Am Samstag kaufe ich frisches Gemüse auf dem Wochenmarkt.,В субботу я покупаю свежие овощи на рынке.,der Wochenmarkt | Am Samstag kaufe ich frisches Gemüse auf dem Wochenmarkt.,еженедельный рынок | В субботу я покупаю свежие овощи на рынке.,1,21.07.2026,0,0,Kapitel 5 – Was darf's sein?_Что вам предложить?
17.07.2026,Kap 5_Was darf's sein?,Fleischerei,die,die Fleischereien,мясной магазин,Ich kaufe Fleisch in der Fleischerei.,Я покупаю мясо в мясном магазине.,die Fleischerei | Ich kaufe Fleisch in der Fleischerei.,мясной магазин | Я покупаю мясо в мясном магазине.,1,21.07.2026,0,0,Kapitel 5 – Was darf's sein?_Что вам предложить?
17.07.2026,Kap 5_Was darf's sein?,Tankstelle,die,die Tankstellen,заправка,Wo ist die nächste Tankstelle?,Где находится ближайшая заправка?,die Tankstelle | Wo ist die nächste Tankstelle?,заправка | Где находится ближайшая заправка?,1,21.07.2026,0,0,Kapitel 5 – Was darf's sein?_Что вам предложить?
17.07.2026,Kap 5_Was darf's sein?,8​der Laden,der,die Läden,магазин,Der Laden ist sehr groß.,Магазин очень большой.,der 8​der Laden | Der Laden ist sehr groß.,магазин | Магазин очень большой.,1,21.07.2026,0,0,Kapitel 5 – Was darf's sein?_Что вам предложить?
17.07.2026,Kap 5_Was darf's sein?,"​bekommen, er bekommt, bekommen (Sie bekommt keine Tomaten.)",-,-,получать,Sie bekommt keine Tomaten.,Она не получает помидоры.,"​bekommen, er bekommt, bekommen (Sie bekommt keine Tomaten.) | Sie bekommt keine Tomaten.",получать | Она не получает помидоры.,1,21.07.2026,0,0,Kapitel 5 – Was darf's sein?_Что вам предложить?
17.07.2026,Kap 5_Was darf's sein?,​Ct (= Cent),der,die Cents,цент (евроцент),Das Brötchen kostet 80 Cent.,Булочка стоит 80 центов.,der ​Ct (= Cent) | Das Brötchen kostet 80 Cent.,цент (евроцент) | Булочка стоит 80 центов.,1,21.07.2026,0,0,Kapitel 5 – Was darf's sein?_Что вам предложить?
17.07.2026,Kap 5_Was darf's sein?,Problem,das,die Probleme,проблема,Ich habe ein Problem.,У меня есть проблема.,das Problem | Ich habe ein Problem.,проблема | У меня есть проблема.,1,21.07.2026,0,0,Kapitel 5 – Was darf's sein?_Что вам предложить?
17.07.2026,Kap 5_Was darf's sein?,​zu viel (Das ist zu viel Geld.),-,-,слишком много,Das ist zu viel Geld.,Это слишком много денег.,​zu viel (Das ist zu viel Geld.) | Das ist zu viel Geld.,слишком много | Это слишком много денег.,1,21.07.2026,0,0,Kapitel 5 – Was darf's sein?_Что вам предложить?
17.07.2026,Kap 5_Was darf's sein?,​zu wenig,-,-,слишком мало,Ich trinke zu wenig Wasser.,Я пью слишком мало воды.,​zu wenig | Ich trinke zu wenig Wasser.,слишком мало | Я пью слишком мало воды.,1,21.07.2026,0,0,Kapitel 5 – Was darf's sein?_Что вам предложить?
17.07.2026,Kap 5_Was darf's sein?,9​am Stück,-,Stücke,"кусок, штука",Ich esse ein Stück Kuchen.,Я ем кусок пирога.,9​am Stück | Ich esse ein Stück Kuchen.,"кусок, штука | Я ем кусок пирога.",1,21.07.2026,0,0,Kapitel 5 – Was darf's sein?_Что вам предложить?
17.07.2026,Kap 5_Was darf's sein?,"​dahaben, er hat da, dagehabt",-,-,"иметь в наличии, иметь при себе",Hast du Milch da?,У тебя есть молоко?,"​dahaben, er hat da, dagehabt | Hast du Milch da?","иметь в наличии, иметь при себе | У тебя есть молоко?",1,21.07.2026,0,0,Kapitel 5 – Was darf's sein?_Что вам предложить?
17.07.2026,Kap 5_Was darf's sein?,"​drankommen, er kommt dran, ist drangekommen",-,-,"быть на очереди, подходить (об очереди)",Ich warte schon lange. Wann komme ich dran?,Я уже долго жду. Когда подойдет моя очередь?,"​drankommen, er kommt dran, ist drangekommen | Ich warte schon lange. Wann komme ich dran?","быть на очереди, подходить (об очереди) | Я уже долго жду. Когда подойдет моя очередь?",1,21.07.2026,0,0,Kapitel 5 – Was darf's sein?_Что вам предложить?
17.07.2026,Kap 5_Was darf's sein?,​etwas (Noch etwas?),-,-,"что-то, немного (Что-нибудь ещё?)",Möchten Sie noch etwas?,Вы желаете что-нибудь ещё?,​etwas (Noch etwas?) | Möchten Sie noch etwas?,"что-то, немного (Что-нибудь ещё?) | Вы желаете что-нибудь ещё?",1,21.07.2026,0,0,Kapitel 5 – Was darf's sein?_Что вам предложить?
17.07.2026,Kap 5_Was darf's sein?,"​geben, er gibt, gegeben",-,-,давать,Ich gebe dir das Buch.,Я даю тебе книгу.,"​geben, er gibt, gegeben | Ich gebe dir das Buch.",давать | Я даю тебе книгу.,1,21.07.2026,0,0,Kapitel 5 – Was darf's sein?_Что вам предложить?
17.07.2026,Kap 5_Was darf's sein?,​in Scheiben,-,-,"ломтиками, кружочками",Ich schneide die Tomaten in Scheiben.,Я режу помидоры кружочками.,​in Scheiben | Ich schneide die Tomaten in Scheiben.,"ломтиками, кружочками | Я режу помидоры кружочками.",1,21.07.2026,0,0,Kapitel 5 – Was darf's sein?_Что вам предложить?
17.07.2026,Kap 5_Was darf's sein?,​nichts,-,-,ничего,Ich verstehe nichts.,Я ничего не понимаю.,​nichts | Ich verstehe nichts.,ничего | Я ничего не понимаю.,1,21.07.2026,0,0,Kapitel 5 – Was darf's sein?_Что вам предложить?
17.07.2026,Kap 5_Was darf's sein?,"​wünschen, er wünscht, gewünscht",-,-,"желать, хотеть",Ich wünsche dir einen schönen Tag.,Я желаю тебе хорошего дня.,"​wünschen, er wünscht, gewünscht | Ich wünsche dir einen schönen Tag.","желать, хотеть | Я желаю тебе хорошего дня.",1,21.07.2026,0,0,Kapitel 5 – Was darf's sein?_Что вам предложить?
17.07.2026,Kap 5_Was darf's sein?,10​der Nachtisch,der,die Nachtische,десерт,Der Nachtisch schmeckt sehr lecker.,Десерт очень вкусный.,der 10​der Nachtisch | Der Nachtisch schmeckt sehr lecker.,десерт | Десерт очень вкусный.,1,21.07.2026,0,0,Kapitel 5 – Was darf's sein?_Что вам предложить?
17.07.2026,Kap 5_Was darf's sein?,Hauptspeise,die,die Hauptspeisen,основное блюдо,Als Hauptspeise nehme ich Fisch.,В качестве основного блюда я возьму рыбу.,die Hauptspeise | Als Hauptspeise nehme ich Fisch.,основное блюдо | В качестве основного блюда я возьму рыбу.,1,21.07.2026,0,0,Kapitel 5 – Was darf's sein?_Что вам предложить?
17.07.2026,Kap 5_Was darf's sein?,Vorspeise,die,die Vorspeisen,закуска,Als Vorspeise nehme ich eine Suppe.,В качестве закуски я возьму суп.,die Vorspeise | Als Vorspeise nehme ich eine Suppe.,закуска | В качестве закуски я возьму суп.,1,21.07.2026,0,0,Kapitel 5 – Was darf's sein?_Что вам предложить?
17.07.2026,Kap 5_Was darf's sein?,Zubereitung,die,die Zubereitungen,приготовление,Die Zubereitung dauert nur zehn Minuten.,Приготовление занимает всего десять минут.,die Zubereitung | Die Zubereitung dauert nur zehn Minuten.,приготовление | Приготовление занимает всего десять минут.,1,21.07.2026,0,0,Kapitel 5 – Was darf's sein?_Что вам предложить?
17.07.2026,Kap 5_Was darf's sein?,"​fehlen, er fehlt, gefehlt",-,-,"отсутствовать, не хватать",Heute fehlt Thomas in der Schule.,Сегодня Томас отсутствует в школе.,"​fehlen, er fehlt, gefehlt | Heute fehlt Thomas in der Schule.","отсутствовать, не хватать | Сегодня Томас отсутствует в школе.",1,21.07.2026,0,0,Kapitel 5 – Was darf's sein?_Что вам предложить?
17.07.2026,Kap 5_Was darf's sein?,11​der Akkusativ,der,die Akkusative,винительный падеж,Ich lerne heute den Akkusativ.,Сегодня я учу винительный падеж.,der 11​der Akkusativ | Ich lerne heute den Akkusativ.,винительный падеж | Сегодня я учу винительный падеж.,1,21.07.2026,0,0,Kapitel 5 – Was darf's sein?_Что вам предложить?
17.07.2026,Kap 5_Was darf's sein?,Mehl,das,Sg.,мука,Für den Kuchen brauche ich Mehl.,Для пирога мне нужна мука.,das Mehl | Für den Kuchen brauche ich Mehl.,мука | Для пирога мне нужна мука.,1,21.07.2026,0,0,Kapitel 5 – Was darf's sein?_Что вам предложить?
17.07.2026,Kap 5_Was darf's sein?,Olivenöl,das,Sg.,оливковое масло,Ich brauche Olivenöl für den Salat.,Мне нужно оливковое масло для салата.,das Olivenöl | Ich brauche Olivenöl für den Salat.,оливковое масло | Мне нужно оливковое масло для салата.,1,21.07.2026,0,0,Kapitel 5 – Was darf's sein?_Что вам предложить?
17.07.2026,Kap 5_Was darf's sein?,Päckchen,das,die Päckchen,"маленькая посылка, бандероль",Das Päckchen ist für dich.,Эта маленькая посылка для тебя.,das Päckchen | Das Päckchen ist für dich.,"маленькая посылка, бандероль | Эта маленькая посылка для тебя.",1,21.07.2026,0,0,Kapitel 5 – Was darf's sein?_Что вам предложить?
17.07.2026,Kap 5_Was darf's sein?,Belag,der,die Beläge,"начинка (для бутерброда, пиццы), покрытие",Der Belag auf der Pizza ist lecker.,Начинка на пицце вкусная.,der Belag | Der Belag auf der Pizza ist lecker.,"начинка (для бутерброда, пиццы), покрытие | Начинка на пицце вкусная.",1,21.07.2026,0,0,Kapitel 5 – Was darf's sein?_Что вам предложить?
17.07.2026,Kap 5_Was darf's sein?,Brokkoli,der,die Brokkolis,брокколи,Ich esse gerne Brokkoli.,Я люблю есть брокколи.,der Brokkoli | Ich esse gerne Brokkoli.,брокколи | Я люблю есть брокколи.,1,21.07.2026,0,0,Kapitel 5 – Was darf's sein?_Что вам предложить?
17.07.2026,Kap 5_Was darf's sein?,Knoblauch,der,Sg.,чеснок,Ich koche eine Suppe mit Knoblauch.,Я варю суп с чесноком.,der Knoblauch | Ich koche eine Suppe mit Knoblauch.,чеснок | Я варю суп с чесноком.,1,21.07.2026,0,0,Kapitel 5 – Was darf's sein?_Что вам предложить?
17.07.2026,Kap 5_Was darf's sein?,Zitronensaft,der,die Zitronensäfte,лимонный сок,Ich trinke Tee mit Zitronensaft.,Я пью чай с лимонным соком.,der Zitronensaft | Ich trinke Tee mit Zitronensaft.,лимонный сок | Я пью чай с лимонным соком.,1,21.07.2026,0,0,Kapitel 5 – Was darf's sein?_Что вам предложить?
17.07.2026,Kap 5_Was darf's sein?,Gemüsesuppe,die,die Gemüsesuppen,овощной суп,Ich koche heute eine Gemüsesuppe.,Сегодня я готовлю овощной суп.,die Gemüsesuppe | Ich koche heute eine Gemüsesuppe.,овощной суп | Сегодня я готовлю овощной суп.,1,21.07.2026,0,0,Kapitel 5 – Was darf's sein?_Что вам предложить?
17.07.2026,Kap 5_Was darf's sein?,Hefe,die,Sg.,дрожжи,Für das Brot brauchen wir Hefe.,Для хлеба нам нужны дрожжи.,die Hefe | Für das Brot brauchen wir Hefe.,дрожжи | Для хлеба нам нужны дрожжи.,1,21.07.2026,0,0,Kapitel 5 – Was darf's sein?_Что вам предложить?
17.07.2026,Kap 5_Was darf's sein?,Scheibe,die,die Scheiben,"ломтик, стекло",Ich esse eine Scheibe Brot.,Я ем ломтик хлеба.,die Scheibe | Ich esse eine Scheibe Brot.,"ломтик, стекло | Я ем ломтик хлеба.",1,21.07.2026,0,0,Kapitel 5 – Was darf's sein?_Что вам предложить?
17.07.2026,Kap 5_Was darf's sein?,Soße,die,die Soßen,соус,Die Soße schmeckt sehr gut.,Соус очень вкусный.,die Soße | Die Soße schmeckt sehr gut.,соус | Соус очень вкусный.,1,21.07.2026,0,0,Kapitel 5 – Was darf's sein?_Что вам предложить?
17.07.2026,Kap 5_Was darf's sein?,​doch (Geht's dir nicht gut? Doch!),-,-,"да (возражение на отрицание), напротив","Kommst du nicht? Doch, ich komme!","Ты не придёшь? Да нет же, я приду!","​doch (Geht's dir nicht gut? Doch!) | Kommst du nicht? Doch, ich komme!","да (возражение на отрицание), напротив | Ты не придёшь? Да нет же, я приду!",1,21.07.2026,0,0,Kapitel 5 – Was darf's sein?_Что вам предложить?
17.07.2026,Kap 5_Was darf's sein?,"​reichen, er reicht, gereicht",-,-,"хватать, быть достаточным",Das Geld reicht für das Ticket.,Денег хватает на билет.,"​reichen, er reicht, gereicht | Das Geld reicht für das Ticket.","хватать, быть достаточным | Денег хватает на билет.",1,21.07.2026,0,0,Kapitel 5 – Was darf's sein?_Что вам предложить?
17.07.2026,Kap 5_Was darf's sein?,"​schneiden, er schneidet, geschnitten",-,-,"резать, порезать",Ich schneide das Brot.,Я режу хлеб.,"​schneiden, er schneidet, geschnitten | Ich schneide das Brot.","резать, порезать | Я режу хлеб.",1,21.07.2026,0,0,Kapitel 5 – Was darf's sein?_Что вам предложить?
17.07.2026,Kap 5_Was darf's sein?,​sonst (Sonst nichts?),-,-,"иначе, ещё, больше (Больше ничего?)","Möchten Sie noch etwas? - Nein, danke, sonst nichts.","Вы хотите что-нибудь ещё? - Нет, спасибо, больше ничего.","​sonst (Sonst nichts?) | Möchten Sie noch etwas? - Nein, danke, sonst nichts.","иначе, ещё, больше (Больше ничего?) | Вы хотите что-нибудь ещё? - Нет, спасибо, больше ничего.",1,21.07.2026,0,0,Kapitel 5 – Was darf's sein?_Что вам предложить?
17.07.2026,Kap 5_Was darf's sein?,"Femininum, Feminina",das,die Feminina,женский род,Das Wort 'Frau' ist ein Femininum.,Слово 'Frau' — женского рода.,"das Femininum, Feminina | Das Wort 'Frau' ist ein Femininum.",женский род | Слово 'Frau' — женского рода.,1,21.07.2026,0,0,Kapitel 5 – Was darf's sein?_Что вам предложить?
17.07.2026,Kap 5_Was darf's sein?,"Maskulinum, Maskulina",das,die Maskulina,мужской род,Das Wort 'Mann' ist ein Maskulinum.,Слово 'мужчина' — мужского рода.,"das Maskulinum, Maskulina | Das Wort 'Mann' ist ein Maskulinum.",мужской род | Слово 'мужчина' — мужского рода.,1,21.07.2026,0,0,Kapitel 5 – Was darf's sein?_Что вам предложить?
17.07.2026,Kap 5_Was darf's sein?,"Neutrum, Neutra",das,die Neutra,средний род,Das Wort 'Auto' ist ein Neutrum.,Слово 'Auto' — среднего рода.,"das Neutrum, Neutra | Das Wort 'Auto' ist ein Neutrum.",средний род | Слово 'Auto' — среднего рода.,1,21.07.2026,0,0,Kapitel 5 – Was darf's sein?_Что вам предложить?
17.07.2026,Kap 5_Was darf's sein?,Nominativ,der,die Nominative,именительный падеж,Der Nominativ antwortet auf die Fragen 'wer' oder 'was'.,Именительный падеж отвечает на вопросы «кто» или «что».,der Nominativ | Der Nominativ antwortet auf die Fragen 'wer' oder 'was'.,именительный падеж | Именительный падеж отвечает на вопросы «кто» или «что».,1,21.07.2026,0,0,Kapitel 5 – Was darf's sein?_Что вам предложить?
17.07.2026,Kap 5_Was darf's sein?,"12​planen, er plant, geplant",-,-,планировать,Wir planen eine Reise.,Мы планируем поездку.,"12​planen, er plant, geplant | Wir planen eine Reise.",планировать | Мы планируем поездку.,1,21.07.2026,0,0,Kapitel 5 – Was darf's sein?_Что вам предложить?
17.07.2026,Kap 5_Was darf's sein?,"​holen, er holt, geholt",-,-,"приносить, забирать",Ich hole ein Glas Wasser.,Я принесу стакан воды.,"​holen, er holt, geholt | Ich hole ein Glas Wasser.","приносить, забирать | Я принесу стакан воды.",1,21.07.2026,0,0,Kapitel 5 – Was darf's sein?_Что вам предложить?
17.07.2026,Kap 5_Was darf's sein?,"13​anbraten, er brät an, angebraten",-,-,"обжаривать, слегка обжарить",Ich brate das Fleisch kurz an.,Я слегка обжариваю мясо.,"13​anbraten, er brät an, angebraten | Ich brate das Fleisch kurz an.","обжаривать, слегка обжарить | Я слегка обжариваю мясо.",1,21.07.2026,0,0,Kapitel 5 – Was darf's sein?_Что вам предложить?
17.07.2026,Kap 5_Was darf's sein?,Ganze,das,Sg.,"всё это, целое",Das Ganze kostet zehn Euro.,Всё это стоит десять евро.,das Ganze | Das Ganze kostet zehn Euro.,"всё это, целое | Всё это стоит десять евро.",1,21.07.2026,0,0,Kapitel 5 – Was darf's sein?_Что вам предложить?
17.07.2026,Kap 5_Was darf's sein?,Auflauf,der,die Aufläufe,запеканка,Ich mache heute einen leckeren Auflauf mit Gemüse.,Сегодня я готовлю вкусную запеканку с овощами.,der Auflauf | Ich mache heute einen leckeren Auflauf mit Gemüse.,запеканка | Сегодня я готовлю вкусную запеканку с овощами.,1,21.07.2026,0,0,Kapitel 5 – Was darf's sein?_Что вам предложить?
17.07.2026,Kap 5_Was darf's sein?,Backofen,der,die Backöfen,духовка,Der Kuchen ist im Backofen.,Пирог в духовке.,der Backofen | Der Kuchen ist im Backofen.,духовка | Пирог в духовке.,1,21.07.2026,0,0,Kapitel 5 – Was darf's sein?_Что вам предложить?
17.07.2026,Kap 5_Was darf's sein?,Deckel,der,die Deckel,крышка,Der Deckel ist auf dem Topf.,Крышка на кастрюле.,der Deckel | Der Deckel ist auf dem Topf.,крышка | Крышка на кастрюле.,1,21.07.2026,0,0,Kapitel 5 – Was darf's sein?_Что вам предложить?
17.07.2026,Kap 5_Was darf's sein?,Esslöffel,der,die Esslöffel,столовая ложка,Ich brauche einen Esslöffel für die Suppe.,Мне нужна столовая ложка для супа.,der Esslöffel | Ich brauche einen Esslöffel für die Suppe.,столовая ложка | Мне нужна столовая ложка для супа.,1,21.07.2026,0,0,Kapitel 5 – Was darf's sein?_Что вам предложить?
17.07.2026,Kap 5_Was darf's sein?,Estragon,der,Sg.,эстрагон (тархун),Ich kaufe frischen Estragon für den Salat.,Я покупаю свежий эстрагон для салата.,der Estragon | Ich kaufe frischen Estragon für den Salat.,эстрагон (тархун) | Я покупаю свежий эстрагон для салата.,1,21.07.2026,0,0,Kapitel 5 – Was darf's sein?_Что вам предложить?
17.07.2026,Kap 5_Was darf's sein?,Kartoffel-Zucchini-Auflauf,der,die Kartoffel-Zucchini-Aufläufe,картофельно-кабачковая запеканка,Der Kartoffel-Zucchini-Auflauf schmeckt sehr lecker.,Картофельно-кабачковая запеканка очень вкусная.,der Kartoffel-Zucchini-Auflauf | Der Kartoffel-Zucchini-Auflauf schmeckt sehr lecker.,картофельно-кабачковая запеканка | Картофельно-кабачковая запеканка очень вкусная.,1,21.07.2026,0,0,Kapitel 5 – Was darf's sein?_Что вам предложить?
17.07.2026,Kap 5_Was darf's sein?,Pfeffer,der,Sg.,перец,Der Pfeffer ist sehr scharf.,Перец очень острый.,der Pfeffer | Der Pfeffer ist sehr scharf.,перец | Перец очень острый.,1,21.07.2026,0,0,Kapitel 5 – Was darf's sein?_Что вам предложить?
17.07.2026,Kap 5_Was darf's sein?,"Streifen, - (in feine Streifen schneiden)",der,die Streifen,"полоса, полоска (нарезать тонкими полосками)",Ich schneide das Gemüse in feine Streifen.,Я режу овощи на тонкие полоски.,"der Streifen, - (in feine Streifen schneiden) | Ich schneide das Gemüse in feine Streifen.","полоса, полоска (нарезать тонкими полосками) | Я режу овощи на тонкие полоски.",1,21.07.2026,0,0,Kapitel 5 – Was darf's sein?_Что вам предложить?
17.07.2026,Kap 5_Was darf's sein?,Apfelscheibe,die,die Apfelscheiben,ломтик яблока,Hier ist eine Apfelscheibe für dich.,Вот тебе ломтик яблока.,die Apfelscheibe | Hier ist eine Apfelscheibe für dich.,ломтик яблока | Вот тебе ломтик яблока.,1,21.07.2026,0,0,Kapitel 5 – Was darf's sein?_Что вам предложить?
17.07.2026,Kap 5_Was darf's sein?,Auflaufform,die,die Auflaufformen,форма для запекания,Ich kaufe eine neue Auflaufform.,Я покупаю новую форму для запекания.,die Auflaufform | Ich kaufe eine neue Auflaufform.,форма для запекания | Я покупаю новую форму для запекания.,1,21.07.2026,0,0,Kapitel 5 – Was darf's sein?_Что вам предложить?
17.07.2026,Kap 5_Was darf's sein?,Eiersahne,die,Sg.,яичный крем,Die Eiersahne schmeckt sehr süß.,Яичный крем очень сладкий.,die Eiersahne | Die Eiersahne schmeckt sehr süß.,яичный крем | Яичный крем очень сладкий.,1,21.07.2026,0,0,Kapitel 5 – Was darf's sein?_Что вам предложить?
17.07.2026,Kap 5_Was darf's sein?,Muskatnuss,die,die Muskatnüsse,мускатный орех,Ich brauche eine Muskatnuss für die Suppe.,Мне нужен мускатный орех для супа.,die Muskatnuss | Ich brauche eine Muskatnuss für die Suppe.,мускатный орех | Мне нужен мускатный орех для супа.,1,21.07.2026,0,0,Kapitel 5 – Was darf's sein?_Что вам предложить?
17.07.2026,Kap 5_Was darf's sein?,Sahne,die,Sg.,сливки,Ich trinke Kaffee mit Sahne.,Я пью кофе со сливками.,die Sahne | Ich trinke Kaffee mit Sahne.,сливки | Я пью кофе со сливками.,1,21.07.2026,0,0,Kapitel 5 – Was darf's sein?_Что вам предложить?
17.07.2026,Kap 5_Was darf's sein?,Schiene,die,die Schienen,рельс,Der Zug fährt auf den Schienen.,Поезд едет по рельсам.,die Schiene | Der Zug fährt auf den Schienen.,рельс | Поезд едет по рельсам.,1,21.07.2026,0,0,Kapitel 5 – Was darf's sein?_Что вам предложить?
17.07.2026,Kap 5_Was darf's sein?,Vorbereitung,die,die Vorbereitungen,подготовка,Die Vorbereitung für die Party ist fertig.,Подготовка к вечеринке готова.,die Vorbereitung | Die Vorbereitung für die Party ist fertig.,подготовка | Подготовка к вечеринке готова.,1,21.07.2026,0,0,Kapitel 5 – Was darf's sein?_Что вам предложить?
17.07.2026,Kap 5_Was darf's sein?,Zucchini,die,die Zucchini,"цукини, кабачок",Ich kaufe eine Zucchini auf dem Markt.,Я покупаю цукини на рынке.,die Zucchini | Ich kaufe eine Zucchini auf dem Markt.,"цукини, кабачок | Я покупаю цукини на рынке.",1,21.07.2026,0,0,Kapitel 5 – Was darf's sein?_Что вам предложить?
17.07.2026,Kap 5_Was darf's sein?,Zutat,die,die Zutaten,ингредиент,Ich brauche diese Zutat für den Kuchen.,Мне нужен этот ингредиент для пирога.,die Zutat | Ich brauche diese Zutat für den Kuchen.,ингредиент | Мне нужен этот ингредиент для пирога.,1,21.07.2026,0,0,Kapitel 5 – Was darf's sein?_Что вам предложить?
17.07.2026,Kap 5_Was darf's sein?,"​dünn, dünner, am dünnsten",-,-,"тонкий, тоньше, самый тонкий (худой)",Dieses Buch ist sehr dünn.,Эта книга очень тонкая.,"​dünn, dünner, am dünnsten | Dieses Buch ist sehr dünn.","тонкий, тоньше, самый тонкий (худой) | Эта книга очень тонкая.",1,21.07.2026,0,0,Kapitel 5 – Was darf's sein?_Что вам предложить?
17.07.2026,Kap 5_Was darf's sein?,"​EL (= der Esslöffel, -)",der,die Esslöffel,столовая ложка (ст. л.),Gib einen EL Zucker in den Tee.,Добавь одну столовую ложку сахара в чай.,"der ​EL (= der Esslöffel, -) | Gib einen EL Zucker in den Tee.",столовая ложка (ст. л.) | Добавь одну столовую ложку сахара в чай.,1,21.07.2026,0,0,Kapitel 5 – Was darf's sein?_Что вам предложить?
17.07.2026,Kap 5_Was darf's sein?,"​fein, feiner, am feinsten",-,-,"тонкий, мелкий, изящный",Der Sand am Strand ist sehr fein.,Песок на пляже очень мелкий.,"​fein, feiner, am feinsten | Der Sand am Strand ist sehr fein.","тонкий, мелкий, изящный | Песок на пляже очень мелкий.",1,21.07.2026,0,0,Kapitel 5 – Was darf's sein?_Что вам предложить?
17.07.2026,Kap 5_Was darf's sein?,​fertig,-,-,готовый,Das Essen ist fertig.,Еда готова.,​fertig | Das Essen ist fertig.,готовый | Еда готова.,1,21.07.2026,0,0,Kapitel 5 – Was darf's sein?_Что вам предложить?
17.07.2026,Kap 5_Was darf's sein?,"​füllen, er füllt, gefüllt",-,-,"наполнять, заполнять",Ich fülle das Glas mit Wasser.,Я наполняю стакан водой.,"​füllen, er füllt, gefüllt | Ich fülle das Glas mit Wasser.","наполнять, заполнять | Я наполняю стакан водой.",1,21.07.2026,0,0,Kapitel 5 – Was darf's sein?_Что вам предложить?
17.07.2026,Kap 5_Was darf's sein?,"​gießen, er gießt, gegossen",-,-,"поливать, лить",Ich gieße jeden Tag die Blumen.,Я поливаю цветы каждый день.,"​gießen, er gießt, gegossen | Ich gieße jeden Tag die Blumen.","поливать, лить | Я поливаю цветы каждый день.",1,21.07.2026,0,0,Kapitel 5 – Was darf's sein?_Что вам предложить?
17.07.2026,Kap 5_Was darf's sein?,"​gleichmäßig, gleichmäßiger, am gleichmäßigsten",-,-,"равномерный, равномерно",Er läuft sehr gleichmäßig.,Он бежит очень равномерно.,"​gleichmäßig, gleichmäßiger, am gleichmäßigsten | Er läuft sehr gleichmäßig.","равномерный, равномерно | Он бежит очень равномерно.",1,21.07.2026,0,0,Kapitel 5 – Was darf's sein?_Что вам предложить?
17.07.2026,Kap 5_Was darf's sein?,"​legen, er legt, gelegt",-,-,"класть, положить",Ich lege das Buch auf den Tisch.,Я кладу книгу на стол.,"​legen, er legt, gelegt | Ich lege das Buch auf den Tisch.","класть, положить | Я кладу книгу на стол.",1,21.07.2026,0,0,Kapitel 5 – Was darf's sein?_Что вам предложить?
17.07.2026,Kap 5_Was darf's sein?,​mittler- (den Auflauf auf die mittlere Schiene stellen),-,-,средний,Bitte stellen Sie den Kuchen auf die mittlere Schiene.,"Пожалуйста, поставьте пирог на средний уровень.",​mittler- (den Auflauf auf die mittlere Schiene stellen) | Bitte stellen Sie den Kuchen auf die mittlere Schiene.,"средний | Пожалуйста, поставьте пирог на средний уровень.",1,21.07.2026,0,0,Kapitel 5 – Was darf's sein?_Что вам предложить?
17.07.2026,Kap 5_Was darf's sein?,"​schälen, er schält, geschält",-,-,"чистить (от кожуры), очищать",Er schält einen Apfel.,Он чистит яблоко.,"​schälen, er schält, geschält | Er schält einen Apfel.","чистить (от кожуры), очищать | Он чистит яблоко.",1,21.07.2026,0,0,Kapitel 5 – Was darf's sein?_Что вам предложить?
17.07.2026,Kap 5_Was darf's sein?,"​stellen, er stellt, gestellt",-,-,ставить,Er stellt die Tasse auf den Tisch.,Он ставит чашку на стол.,"​stellen, er stellt, gestellt | Er stellt die Tasse auf den Tisch.",ставить | Он ставит чашку на стол.,1,21.07.2026,0,0,Kapitel 5 – Was darf's sein?_Что вам предложить?
17.07.2026,Kap 5_Was darf's sein?,"​süß, süßer, am süßesten",-,-,сладкий,Der Kuchen ist sehr süß.,Пирог очень сладкий.,"​süß, süßer, am süßesten | Der Kuchen ist sehr süß.",сладкий | Пирог очень сладкий.,1,21.07.2026,0,0,Kapitel 5 – Was darf's sein?_Что вам предложить?
17.07.2026,Kap 5_Was darf's sein?,"​verrühren, er verrührt, verrührt",-,-,перемешивать,Sie verrührt den Teig.,Она перемешивает тесто.,"​verrühren, er verrührt, verrührt | Sie verrührt den Teig.",перемешивать | Она перемешивает тесто.,1,21.07.2026,0,0,Kapitel 5 – Was darf's sein?_Что вам предложить?
17.07.2026,Kap 5_Was darf's sein?,"​vorheizen, er heizt vor, vorgeheizt (auf 200o vorheizen)",-,-,предварительно нагревать,Bitte den Backofen vorheizen.,"Пожалуйста, предварительно нагрейте духовку.","​vorheizen, er heizt vor, vorgeheizt (auf 200o vorheizen) | Bitte den Backofen vorheizen.","предварительно нагревать | Пожалуйста, предварительно нагрейте духовку.",1,21.07.2026,0,0,Kapitel 5 – Was darf's sein?_Что вам предложить?
17.07.2026,Kap 5_Was darf's sein?,"​waschen, er wäscht, gewaschen",-,-,"мыть, стирать",Ich wasche das Gemüse.,Я мою овощи.,"​waschen, er wäscht, gewaschen | Ich wasche das Gemüse.","мыть, стирать | Я мою овощи.",1,21.07.2026,0,0,Kapitel 5 – Was darf's sein?_Что вам предложить?
17.07.2026,Kap 5_Was darf's sein?,"​wegnehmen, er nimmt weg, weggenommen",-,-,"забирать, отнимать",Er nimmt das Buch weg.,Он забирает книгу.,"​wegnehmen, er nimmt weg, weggenommen | Er nimmt das Buch weg.","забирать, отнимать | Он забирает книгу.",1,21.07.2026,0,0,Kapitel 5 – Was darf's sein?_Что вам предложить?
17.07.2026,Kap 5_Was darf's sein?,"​würzen, er würzt, gewürzt",-,-,приправлять,Ich würze die Suppe.,Я приправляю суп.,"​würzen, er würzt, gewürzt | Ich würze die Suppe.",приправлять | Я приправляю суп.,1,21.07.2026,0,0,Kapitel 5 – Was darf's sein?_Что вам предложить?
17.07.2026,Kap 5_Was darf's sein?,"​g (= das Gramm, -)",-,-,грамм,Ich brauche 100 g Mehl.,Мне нужно 100 г муки.,"​g (= das Gramm, -) | Ich brauche 100 g Mehl.",грамм | Мне нужно 100 г муки.,1,21.07.2026,0,0,Kapitel 5 – Was darf's sein?_Что вам предложить?
17.07.2026,Kap 5_Was darf's sein?,13​das Rezept,-,-,рецепт,Das ist ein gutes Rezept.,Это хороший рецепт.,13​das Rezept | Das ist ein gutes Rezept.,рецепт | Это хороший рецепт.,1,21.07.2026,0,0,Kapitel 5 – Was darf's sein?_Что вам предложить?
17.07.2026,Kap 5_Was darf's sein?,Reihenfolge,-,-,"последовательность, порядок",Die Reihenfolge ist wichtig.,Порядок важен.,Reihenfolge | Die Reihenfolge ist wichtig.,"последовательность, порядок | Порядок важен.",1,21.07.2026,0,0,Kapitel 5 – Was darf's sein?_Что вам предложить?
17.07.2026,Kap 5_Was darf's sein?,​passend,-,-,подходящий,Das ist die passende Antwort.,Это подходящий ответ.,​passend | Das ist die passende Antwort.,подходящий | Это подходящий ответ.,1,21.07.2026,0,0,Kapitel 5 – Was darf's sein?_Что вам предложить?
17.07.2026,Kap 5_Was darf's sein?,14​die Oma,-,-,бабушка,Meine Oma backt gern.,Моя бабушка любит печь.,14​die Oma | Meine Oma backt gern.,бабушка | Моя бабушка любит печь.,1,21.07.2026,0,0,Kapitel 5 – Was darf's sein?_Что вам предложить?
17.07.2026,Kap 5_Was darf's sein?,"​dazupassen, er passt dazu, dazugepasst",-,-,подходить к этому,Das Hemd passt gut dazu.,Рубашка хорошо к этому подходит.,"​dazupassen, er passt dazu, dazugepasst | Das Hemd passt gut dazu.",подходить к этому | Рубашка хорошо к этому подходит.,1,21.07.2026,0,0,Kapitel 5 – Was darf's sein?_Что вам предложить?
17.07.2026,Kap 5_Was darf's sein?,"​falsch, falscher, am falschesten",-,-,неправильный,Das ist leider falsch.,"К сожалению, это неправильно.","​falsch, falscher, am falschesten | Das ist leider falsch.","неправильный | К сожалению, это неправильно.",1,21.07.2026,0,0,Kapitel 5 – Was darf's sein?_Что вам предложить?
17.07.2026,Kap 5_Was darf's sein?,Rezeptheft,-,-,тетрадь с рецептами,Ich schreibe es in mein Rezeptheft.,Я запишу это в свою тетрадь с рецептами.,Rezeptheft | Ich schreibe es in mein Rezeptheft.,тетрадь с рецептами | Я запишу это в свою тетрадь с рецептами.,1,21.07.2026,0,0,Kapitel 5 – Was darf's sein?_Что вам предложить?
17.07.2026,Kap 5_Was darf's sein?,​gemeinsam,-,-,"вместе, совместно",Wir kochen gemeinsam.,Мы готовим вместе.,​gemeinsam | Wir kochen gemeinsam.,"вместе, совместно | Мы готовим вместе.",1,21.07.2026,0,0,Kapitel 5 – Was darf's sein?_Что вам предложить?
17.07.2026,Kap 5_Was darf's sein?,"​mitbringen, er bringt mit, mitgebracht",-,-,приносить с собой,Bitte bring etwas zu trinken mit.,"Пожалуйста, принеси с собой что-нибудь попить.","​mitbringen, er bringt mit, mitgebracht | Bitte bring etwas zu trinken mit.","приносить с собой | Пожалуйста, принеси с собой что-нибудь попить.",1,21.07.2026,0,0,Kapitel 5 – Was darf's sein?_Что вам предложить?
17.07.2026,Kap 5_Was darf's sein?,Kochstudio,-,-,кулинарная студия,Wir kochen im Kochstudio.,Мы готовим в кулинарной студии.,Kochstudio | Wir kochen im Kochstudio.,кулинарная студия | Мы готовим в кулинарной студии.,1,21.07.2026,0,0,Kapitel 5 – Was darf's sein?_Что вам предложить?
17.07.2026,Kap 5_Was darf's sein?,Chefkoch,-,-,шеф-повар,Der Chefkoch kocht sehr gut.,Шеф-повар готовит очень хорошо.,Chefkoch | Der Chefkoch kocht sehr gut.,шеф-повар | Шеф-повар готовит очень хорошо.,1,21.07.2026,0,0,Kapitel 5 – Was darf's sein?_Что вам предложить?
17.07.2026,Kap 5_Was darf's sein?,​international,-,-,международный,Das ist ein internationales Gericht.,Это международное блюдо.,​international | Das ist ein internationales Gericht.,международный | Это международное блюдо.,1,21.07.2026,0,0,Kapitel 5 – Was darf's sein?_Что вам предложить?
17.07.2026,Kap 5_Was darf's sein?,Kreditkarte,-,-,кредитная карта,Kann ich mit Kreditkarte zahlen?,Могу ли я заплатить кредитной картой?,Kreditkarte | Kann ich mit Kreditkarte zahlen?,кредитная карта | Могу ли я заплатить кредитной картой?,1,21.07.2026,0,0,Kapitel 5 – Was darf's sein?_Что вам предложить?
17.07.2026,Kap 5_Was darf's sein?,"​dran sein, er ist dran, ist dran gewesen",-,-,быть на очереди,Wer ist jetzt dran?,Кто сейчас на очереди?,"​dran sein, er ist dran, ist dran gewesen | Wer ist jetzt dran?",быть на очереди | Кто сейчас на очереди?,1,21.07.2026,0,0,Kapitel 5 – Was darf's sein?_Что вам предложить?
17.07.2026,Kap 5_Was darf's sein?,"​dürfen, er darf, dürfen/gedurft",-,-,"мочь, иметь разрешение",Darf ich hier parken?,Могу ли я здесь припарковаться?,"​dürfen, er darf, dürfen/gedurft | Darf ich hier parken?","мочь, иметь разрешение | Могу ли я здесь припарковаться?",1,21.07.2026,0,0,Kapitel 5 – Was darf's sein?_Что вам предложить?
17.07.2026,Kap 5_Was darf's sein?,"​kg (= das Kilogramm, -)",-,-,килограмм,Ich kaufe ein kg Äpfel.,Я покупаю один кг яблок.,"​kg (= das Kilogramm, -) | Ich kaufe ein kg Äpfel.",килограмм | Я покупаю один кг яблок.,1,21.07.2026,0,0,Kapitel 5 – Was darf's sein?_Что вам предложить?
17.07.2026,Kap 5_Was darf's sein?,​nächst- (Wer ist der Nächste?),-,-,следующий,Der nächste Bitte!,"Следующий, пожалуйста!",​nächst- (Wer ist der Nächste?) | Der nächste Bitte!,"следующий | Следующий, пожалуйста!",1,21.07.2026,0,0,Kapitel 5 – Was darf's sein?_Что вам предложить?
17.07.2026,Kap 5_Was darf's sein?,​dahinten,-,-,там позади,Das ist gleich dahinten.,Это прямо там позади.,​dahinten | Das ist gleich dahinten.,там позади | Это прямо там позади.,1,21.07.2026,0,0,Kapitel 5 – Was darf's sein?_Что вам предложить?
17.07.2026,Kap 5_Was darf's sein?,​davorne,-,-,там впереди,Der Eingang ist davorne.,Вход там впереди.,​davorne | Der Eingang ist davorne.,там впереди | Вход там впереди.,1,21.07.2026,0,0,Kapitel 5 – Was darf's sein?_Что вам предложить?
17.07.2026,Kap 5_Was darf's sein?,Kuss,der,die Küsse,поцелуй,Sie gibt ihm einen Kuss.,Она дарит ему поцелуй.,der Kuss | Sie gibt ihm einen Kuss.,поцелуй | Она дарит ему поцелуй.,1,21.07.2026,0,0,Kapitel 5 – Was darf's sein?_Что вам предложить?
17.07.2026,Kap 6_Familienleben,Kapitel 6,-,Kapitel,глава,Ich lese Kapitel 6.,Я читаю шестую главу.,Kapitel 6 | Ich lese Kapitel 6.,глава | Я читаю шестую главу.,1,21.07.2026,0,0,Kapitel 6 – Familienleben_Семейная жизнь
17.07.2026,Kap 6_Familienleben,Ausflug,der,die Ausflüge,"экскурсия, прогулка",Wir machen einen Ausflug.,Мы совершаем экскурсию.,der Ausflug | Wir machen einen Ausflug.,"экскурсия, прогулка | Мы совершаем экскурсию.",1,21.07.2026,0,0,Kapitel 6 – Familienleben_Семейная жизнь
17.07.2026,Kap 6_Familienleben,​beim (= bei dem),-,-,"у, при",Er ist beim Arzt.,Он у врача.,​beim (= bei dem) | Er ist beim Arzt.,"у, при | Он у врача.",1,21.07.2026,0,0,Kapitel 6 – Familienleben_Семейная жизнь
17.07.2026,Kap 6_Familienleben,​best- (Meine beste Freundin heißt Julia.),-,-,лучший,Meine beste Freundin heißt Julia.,Мою лучшую подругу зовут Юлия.,​best- (Meine beste Freundin heißt Julia.) | Meine beste Freundin heißt Julia.,лучший | Мою лучшую подругу зовут Юлия.,1,21.07.2026,0,0,Kapitel 6 – Familienleben_Семейная жизнь
17.07.2026,Kap 6_Familienleben,"Datum, Daten",das,die Daten,дата,Welches Datum haben wir heute?,Какая сегодня дата?,"das Datum, Daten | Welches Datum haben wir heute?",дата | Какая сегодня дата?,1,21.07.2026,0,0,Kapitel 6 – Familienleben_Семейная жизнь
17.07.2026,Kap 6_Familienleben,Familienleben,das,Sg.,семейная жизнь,Das Familienleben ist wichtig.,Семейная жизнь важна.,das Familienleben | Das Familienleben ist wichtig.,семейная жизнь | Семейная жизнь важна.,1,21.07.2026,0,0,Kapitel 6 – Familienleben_Семейная жизнь
17.07.2026,Kap 6_Familienleben,Picknick,das,die Picknicks,пикник,Wir machen ein Picknick.,Мы устраиваем пикник.,das Picknick | Wir machen ein Picknick.,пикник | Мы устраиваем пикник.,1,21.07.2026,0,0,Kapitel 6 – Familienleben_Семейная жизнь
17.07.2026,Kap 6_Familienleben,Vergangene,das,Sg.,прошлое,Das Vergangene ist vorbei.,Прошлое позади.,das Vergangene | Das Vergangene ist vorbei.,прошлое | Прошлое позади.,1,21.07.2026,0,0,Kapitel 6 – Familienleben_Семейная жизнь
17.07.2026,Kap 6_Familienleben,Ehemann,der,die Ehemänner,муж,Ihr Ehemann ist Arzt.,Её муж — врач.,der Ehemann | Ihr Ehemann ist Arzt.,муж | Её муж — врач.,1,21.07.2026,0,0,Kapitel 6 – Familienleben_Семейная жизнь
17.07.2026,Kap 6_Familienleben,Freund,der,die Freunde,друг,Er ist mein bester Freund.,Он мой лучший друг.,der Freund | Er ist mein bester Freund.,друг | Он мой лучший друг.,1,21.07.2026,0,0,Kapitel 6 – Familienleben_Семейная жизнь
17.07.2026,Kap 6_Familienleben,Klasse,die,die Klassen,класс,Die Klasse ist sehr groß.,Класс очень большой.,die Klasse | Die Klasse ist sehr groß.,класс | Класс очень большой.,1,21.07.2026,0,0,Kapitel 6 – Familienleben_Семейная жизнь
17.07.2026,Kap 6_Familienleben,Wohngemeinschaft,die,die Wohngemeinschaften,"совместное проживание, коммуналка",Er lebt in einer Wohngemeinschaft.,Он живет в коммуналке.,die Wohngemeinschaft | Er lebt in einer Wohngemeinschaft.,"совместное проживание, коммуналка | Он живет в коммуналке.",1,21.07.2026,0,0,Kapitel 6 – Familienleben_Семейная жизнь
17.07.2026,Kap 6_Familienleben,"​langweilig, langweiliger, am langweiligsten",-,-,скучный,Der Film ist langweilig.,Фильм скучный.,"​langweilig, langweiliger, am langweiligsten | Der Film ist langweilig.",скучный | Фильм скучный.,1,21.07.2026,0,0,Kapitel 6 – Familienleben_Семейная жизнь
17.07.2026,Kap 6_Familienleben,"​leben, er lebt, gelebt",-,-,жить,Sie leben in Deutschland.,Они живут в Германии.,"​leben, er lebt, gelebt | Sie leben in Deutschland.",жить | Они живут в Германии.,1,21.07.2026,0,0,Kapitel 6 – Familienleben_Семейная жизнь
17.07.2026,Kap 6_Familienleben,"​mitnehmen, er nimmt mit, mitgenommen",-,-,брать с собой,Ich nehme meinen Regenschirm mit.,Я беру с собой зонт.,"​mitnehmen, er nimmt mit, mitgenommen | Ich nehme meinen Regenschirm mit.",брать с собой | Я беру с собой зонт.,1,21.07.2026,0,0,Kapitel 6 – Familienleben_Семейная жизнь
17.07.2026,Kap 6_Familienleben,"​schwer, schwerer, am schwersten",-,-,"тяжелый, трудный",Der Koffer ist sehr schwer.,Чемодан очень тяжелый.,"​schwer, schwerer, am schwersten | Der Koffer ist sehr schwer.","тяжелый, трудный | Чемодан очень тяжелый.",1,21.07.2026,0,0,Kapitel 6 – Familienleben_Семейная жизнь
17.07.2026,Kap 6_Familienleben,​zwischen (+ A./D.),-,-,между,Der Tisch steht zwischen den Stühlen.,Стол стоит между стульями.,​zwischen (+ A./D.) | Der Tisch steht zwischen den Stühlen.,между | Стол стоит между стульями.,1,21.07.2026,0,0,Kapitel 6 – Familienleben_Семейная жизнь
17.07.2026,Kap 6_Familienleben,Haushalt,der,die Haushalte,домашнее хозяйство,Sie macht den Haushalt.,Она ведет домашнее хозяйство.,der Haushalt | Sie macht den Haushalt.,домашнее хозяйство | Она ведет домашнее хозяйство.,1,21.07.2026,0,0,Kapitel 6 – Familienleben_Семейная жизнь
17.07.2026,Kap 6_Familienleben,Geschwister,die,Pl.,братья и сестры,Hast du Geschwister?,У тебя есть братья и сестры?,die Geschwister | Hast du Geschwister?,братья и сестры | У тебя есть братья и сестры?,1,21.07.2026,0,0,Kapitel 6 – Familienleben_Семейная жизнь
17.07.2026,Kap 6_Familienleben,"​erziehen, er erzieht, erzogen",-,-,воспитывать,Eltern erziehen ihre Kinder.,Родители воспитывают своих детей.,"​erziehen, er erzieht, erzogen | Eltern erziehen ihre Kinder.",воспитывать | Родители воспитывают своих детей.,1,21.07.2026,0,0,Kapitel 6 – Familienleben_Семейная жизнь
17.07.2026,Kap 6_Familienleben,​getrennt (getrennt leben),-,-,раздельно,Sie leben getrennt.,Они живут раздельно.,​getrennt (getrennt leben) | Sie leben getrennt.,раздельно | Они живут раздельно.,1,21.07.2026,0,0,Kapitel 6 – Familienleben_Семейная жизнь
17.07.2026,Kap 6_Familienleben,1​das Familienfoto,das,die Familienfotos,семейная фотография,Das ist ein altes Familienfoto.,Это старая семейная фотография.,das 1​das Familienfoto | Das ist ein altes Familienfoto.,семейная фотография | Это старая семейная фотография.,1,21.07.2026,0,0,Kapitel 6 – Familienleben_Семейная жизнь
17.07.2026,Kap 6_Familienleben,Hörtext,der,die Hörtexte,текст для аудирования,Wir hören den Hörtext.,Мы слушаем текст.,der Hörtext | Wir hören den Hörtext.,текст для аудирования | Мы слушаем текст.,1,21.07.2026,0,0,Kapitel 6 – Familienleben_Семейная жизнь
17.07.2026,Kap 6_Familienleben,​alleinstehend,-,-,"одинокий, не состоящий в браке",Er ist alleinstehend.,Он одинок.,​alleinstehend | Er ist alleinstehend.,"одинокий, не состоящий в браке | Он одинок.",1,21.07.2026,0,0,Kapitel 6 – Familienleben_Семейная жизнь
17.07.2026,Kap 6_Familienleben,"Thema, Themen",das,die Themen,тема,Das Thema ist sehr interessant.,Эта тема очень интересна.,"das Thema, Themen | Das Thema ist sehr interessant.",тема | Эта тема очень интересна.,1,21.07.2026,0,0,Kapitel 6 – Familienleben_Семейная жизнь
17.07.2026,Kap 6_Familienleben,"2​groß, größer, am größten",-,-,большой,Das Haus ist groß.,Дом большой.,"2​groß, größer, am größten | Das Haus ist groß.",большой | Дом большой.,1,21.07.2026,0,0,Kapitel 6 – Familienleben_Семейная жизнь
17.07.2026,Kap 6_Familienleben,Großvater,der,die Großväter,дедушка,Mein Großvater ist 80 Jahre alt.,Моему дедушке 80 лет.,der Großvater | Mein Großvater ist 80 Jahre alt.,дедушка | Моему дедушке 80 лет.,1,21.07.2026,0,0,Kapitel 6 – Familienleben_Семейная жизнь
17.07.2026,Kap 6_Familienleben,Großeltern,die,Pl.,бабушка и дедушка,Meine Großeltern wohnen auf dem Land.,Мои бабушка и дедушка живут в деревне.,die Großeltern | Meine Großeltern wohnen auf dem Land.,бабушка и дедушка | Мои бабушка и дедушка живут в деревне.,1,21.07.2026,0,0,Kapitel 6 – Familienleben_Семейная жизнь
17.07.2026,Kap 6_Familienleben,Großmutter,die,die Großmütter,бабушка,Meine Großmutter backt Kuchen.,Моя бабушка печет пироги.,die Großmutter | Meine Großmutter backt Kuchen.,бабушка | Моя бабушка печет пироги.,1,21.07.2026,0,0,Kapitel 6 – Familienleben_Семейная жизнь
17.07.2026,Kap 6_Familienleben,​wie alt,-,-,сколько лет,Wie alt bist du?,Сколько тебе лет?,​wie alt | Wie alt bist du?,сколько лет | Сколько тебе лет?,1,21.07.2026,0,0,Kapitel 6 – Familienleben_Семейная жизнь
17.07.2026,Kap 6_Familienleben,"​zusammenpassen, sie passen zusammen, zusammengepasst",-,-,подходить друг другу,Die Farben passen gut zusammen.,Цвета хорошо сочетаются.,"​zusammenpassen, sie passen zusammen, zusammengepasst | Die Farben passen gut zusammen.",подходить друг другу | Цвета хорошо сочетаются.,1,21.07.2026,0,0,Kapitel 6 – Familienleben_Семейная жизнь
17.07.2026,Kap 6_Familienleben,​bald,-,-,скоро,Wir sehen uns bald.,Мы скоро увидимся.,​bald | Wir sehen uns bald.,скоро | Мы скоро увидимся.,1,21.07.2026,0,0,Kapitel 6 – Familienleben_Семейная жизнь
17.07.2026,Kap 6_Familienleben,Verwandte,der/die,die Verwandten,родственник/родственница,Wir besuchen unsere Verwandten.,Мы навещаем наших родственников.,der/die Verwandte | Wir besuchen unsere Verwandten.,родственник/родственница | Мы навещаем наших родственников.,1,21.07.2026,0,0,Kapitel 6 – Familienleben_Семейная жизнь
17.07.2026,Kap 6_Familienleben,Lösung,die,die Lösungen,решение,Das ist die beste Lösung.,Это лучшее решение.,die Lösung | Das ist die beste Lösung.,решение | Это лучшее решение.,1,21.07.2026,0,0,Kapitel 6 – Familienleben_Семейная жизнь
17.07.2026,Kap 6_Familienleben,"​heiraten, er heiratet, geheiratet",-,-,"жениться, выходить замуж",Sie heiraten im Sommer.,Они женятся летом.,"​heiraten, er heiratet, geheiratet | Sie heiraten im Sommer.","жениться, выходить замуж | Они женятся летом.",1,21.07.2026,0,0,Kapitel 6 – Familienleben_Семейная жизнь
17.07.2026,Kap 6_Familienleben,​tot,-,-,мертвый,Der Vogel ist leider tot.,"Птица, к сожалению, мертва.",​tot | Der Vogel ist leider tot.,"мертвый | Птица, к сожалению, мертва.",1,21.07.2026,0,0,Kapitel 6 – Familienleben_Семейная жизнь
17.07.2026,Kap 6_Familienleben,Verwandtschaftsbezeichnung,die,die Verwandtschaftsbezeichnungen,название степени родства,Onkel ist eine Verwandtschaftsbezeichnung.,Дядя — это название степени родства.,die Verwandtschaftsbezeichnung | Onkel ist eine Verwandtschaftsbezeichnung.,название степени родства | Дядя — это название степени родства.,1,21.07.2026,0,0,Kapitel 6 – Familienleben_Семейная жизнь
17.07.2026,Kap 6_Familienleben,3​der Possessivartikel,der,die Possessivartikel,притяжательный артикль,Das ist ein Possessivartikel.,Это притяжательный артикль.,der 3​der Possessivartikel | Das ist ein Possessivartikel.,притяжательный артикль | Это притяжательный артикль.,1,21.07.2026,0,0,Kapitel 6 – Familienleben_Семейная жизнь
17.07.2026,Kap 6_Familienleben,"​besuchen, er besucht, besucht",-,-,"посещать, навещать",Ich besuche meine Freunde.,Я навещаю своих друзей.,"​besuchen, er besucht, besucht | Ich besuche meine Freunde.","посещать, навещать | Я навещаю своих друзей.",1,21.07.2026,0,0,Kapitel 6 – Familienleben_Семейная жизнь
17.07.2026,Kap 6_Familienleben,Kanadier,der,die Kanadier,канадец,Er ist Kanadier.,Он канадец.,der Kanadier | Er ist Kanadier.,канадец | Он канадец.,1,21.07.2026,0,0,Kapitel 6 – Familienleben_Семейная жизнь
17.07.2026,Kap 6_Familienleben,"Mal, -e (ein Mal jeden Monat)",das,die Male,раз,Ich gehe ein Mal im Monat ins Kino.,Я хожу в кино раз в месяц.,"das Mal, -e (ein Mal jeden Monat) | Ich gehe ein Mal im Monat ins Kino.",раз | Я хожу в кино раз в месяц.,1,21.07.2026,0,0,Kapitel 6 – Familienleben_Семейная жизнь
17.07.2026,Kap 6_Familienleben,"​ersetzen, er ersetzt, ersetzt",-,-,заменять,Er ersetzt das kaputte Teil.,Он заменяет сломанную деталь.,"​ersetzen, er ersetzt, ersetzt | Er ersetzt das kaputte Teil.",заменять | Он заменяет сломанную деталь.,1,21.07.2026,0,0,Kapitel 6 – Familienleben_Семейная жизнь
17.07.2026,Kap 6_Familienleben,"​grillen, er grillt, gegrillt",-,-,жарить на гриле,Wir grillen am Wochenende.,Мы жарим на гриле на выходных.,"​grillen, er grillt, gegrillt | Wir grillen am Wochenende.",жарить на гриле | Мы жарим на гриле на выходных.,1,21.07.2026,0,0,Kapitel 6 – Familienleben_Семейная жизнь
17.07.2026,Kap 6_Familienleben,​nun,-,-,"теперь, сейчас",Nun ist alles gut.,Теперь всё хорошо.,​nun | Nun ist alles gut.,"теперь, сейчас | Теперь всё хорошо.",1,21.07.2026,0,0,Kapitel 6 – Familienleben_Семейная жизнь
17.07.2026,Kap 6_Familienleben,"​studieren, er studiert, studiert",-,-,"учиться (в вузе), изучать",Sie studiert Medizin.,Она изучает медицину.,"​studieren, er studiert, studiert | Sie studiert Medizin.","учиться (в вузе), изучать | Она изучает медицину.",1,21.07.2026,0,0,Kapitel 6 – Familienleben_Семейная жизнь
17.07.2026,Kap 6_Familienleben,4​der Familienstammbaum,-,-,генеалогическое древо,Wir zeichnen unseren Familienstammbaum.,Мы рисуем наше генеалогическое древо.,4​der Familienstammbaum | Wir zeichnen unseren Familienstammbaum.,генеалогическое древо | Мы рисуем наше генеалогическое древо.,1,21.07.2026,0,0,Kapitel 6 – Familienleben_Семейная жизнь
17.07.2026,Kap 6_Familienleben,​darüber,-,-,об этом / о том,Wir sprechen darüber.,Мы говорим об этом.,​darüber | Wir sprechen darüber.,об этом / о том | Мы говорим об этом.,1,21.07.2026,0,0,Kapitel 6 – Familienleben_Семейная жизнь
17.07.2026,Kap 6_Familienleben,6​geboren (Wann bist du geboren?),-,-,рожденный,Wann bist du geboren?,Когда ты родился?,6​geboren (Wann bist du geboren?) | Wann bist du geboren?,рожденный | Когда ты родился?,1,21.07.2026,0,0,Kapitel 6 – Familienleben_Семейная жизнь
17.07.2026,Kap 6_Familienleben,"Frühling, e",-,die Frühlinge,весна,Der Frühling ist da.,Весна пришла.,"Frühling, e | Der Frühling ist da.",весна | Весна пришла.,1,21.07.2026,0,0,Kapitel 6 – Familienleben_Семейная жизнь
17.07.2026,Kap 6_Familienleben,doch,-,-,"все-таки, все же",Das ist doch wahr.,Это же правда.,doch | Das ist doch wahr.,"все-таки, все же | Это же правда.",1,21.07.2026,0,0,Kapitel 6 – Familienleben_Семейная жизнь
17.07.2026,Kap 6_Familienleben,7​das Fest,-,-,праздник,Das Fest war sehr schön.,Праздник был очень красивым.,7​das Fest | Das Fest war sehr schön.,праздник | Праздник был очень красивым.,1,21.07.2026,0,0,Kapitel 6 – Familienleben_Семейная жизнь
17.07.2026,Kap 6_Familienleben,"AB, -s (= der Anrufbeantworter, -)",-,-,автоответчик,Bitte sprich auf den AB.,"Пожалуйста, говори на автоответчик.","AB, -s (= der Anrufbeantworter, -) | Bitte sprich auf den AB.","автоответчик | Пожалуйста, говори на автоответчик.",1,21.07.2026,0,0,Kapitel 6 – Familienleben_Семейная жизнь
17.07.2026,Kap 6_Familienleben,Anrufbeantworter,-,-,автоответчик,Der Anrufbeantworter ist an.,Автоответчик включен.,Anrufbeantworter | Der Anrufbeantworter ist an.,автоответчик | Автоответчик включен.,1,21.07.2026,0,0,Kapitel 6 – Familienleben_Семейная жизнь
17.07.2026,Kap 6_Familienleben,SMS,-,-,СМС,Ich schreibe eine SMS.,Я пишу СМС.,SMS | Ich schreibe eine SMS.,СМС | Я пишу СМС.,1,21.07.2026,0,0,Kapitel 6 – Familienleben_Семейная жизнь
17.07.2026,Kap 6_Familienleben,​erst,-,-,"только, сперва",Es ist erst 8 Uhr.,Еще только 8 часов.,​erst | Es ist erst 8 Uhr.,"только, сперва | Еще только 8 часов.",1,21.07.2026,0,0,Kapitel 6 – Familienleben_Семейная жизнь
17.07.2026,Kap 6_Familienleben,​Hi,-,-,привет,"Hi, wie geht es dir?","Привет, как у тебя дела?","​Hi | Hi, wie geht es dir?","привет | Привет, как у тебя дела?",1,21.07.2026,0,0,Kapitel 6 – Familienleben_Семейная жизнь
17.07.2026,Kap 6_Familienleben,​schade,-,-,жаль,Das ist sehr schade.,Это очень жаль.,​schade | Das ist sehr schade.,жаль | Это очень жаль.,1,21.07.2026,0,0,Kapitel 6 – Familienleben_Семейная жизнь
17.07.2026,Kap 6_Familienleben,"​gratulieren, er gratuliert, gratuliert",-,-,поздравлять,Ich gratuliere dir zum Geburtstag.,Я поздравляю тебя с днем рождения.,"​gratulieren, er gratuliert, gratuliert | Ich gratuliere dir zum Geburtstag.",поздравлять | Я поздравляю тебя с днем рождения.,1,21.07.2026,0,0,Kapitel 6 – Familienleben_Семейная жизнь
17.07.2026,Kap 6_Familienleben,​später (Max kommt später.),-,-,позже,Wir sehen uns später.,Увидимся позже.,​später (Max kommt später.) | Wir sehen uns später.,позже | Увидимся позже.,1,21.07.2026,0,0,Kapitel 6 – Familienleben_Семейная жизнь
17.07.2026,Kap 6_Familienleben,SMS-Antwort,-,-,ответ по СМС,Ich warte auf deine SMS-Antwort.,Я жду твоего ответа по СМС.,SMS-Antwort | Ich warte auf deine SMS-Antwort.,ответ по СМС | Я жду твоего ответа по СМС.,1,21.07.2026,0,0,Kapitel 6 – Familienleben_Семейная жизнь
17.07.2026,Kap 6_Familienleben,SMS-Einladung,-,-,приглашение по СМС,Hast du die SMS-Einladung bekommen?,Ты получил приглашение по СМС?,SMS-Einladung | Hast du die SMS-Einladung bekommen?,приглашение по СМС | Ты получил приглашение по СМС?,1,21.07.2026,0,0,Kapitel 6 – Familienleben_Семейная жизнь
17.07.2026,Kap 6_Familienleben,​Alles Gute!,-,-,Всего хорошего!,Alles Gute zum Geburtstag!,Всего наилучшего в день рождения!,​Alles Gute! | Alles Gute zum Geburtstag!,Всего хорошего! | Всего наилучшего в день рождения!,1,21.07.2026,0,0,Kapitel 6 – Familienleben_Семейная жизнь
17.07.2026,Kap 6_Familienleben,Glückwunsch,-,-,поздравление,Herzlichen Glückwunsch!,Сердечные поздравления!,Glückwunsch | Herzlichen Glückwunsch!,поздравление | Сердечные поздравления!,1,21.07.2026,0,0,Kapitel 6 – Familienleben_Семейная жизнь
17.07.2026,Kap 6_Familienleben,"​herzlich, herzlicher, am herzlichsten (Herzlichen Glückwunsch!)",-,-,сердечный,Wir gratulieren herzlich.,Мы сердечно поздравляем.,"​herzlich, herzlicher, am herzlichsten (Herzlichen Glückwunsch!) | Wir gratulieren herzlich.",сердечный | Мы сердечно поздравляем.,1,21.07.2026,0,0,Kapitel 6 – Familienleben_Семейная жизнь
17.07.2026,Kap 6_Familienleben,8​der Cognac,-,-,коньяк,Er trinkt ein Glas Cognac.,Он пьет бокал коньяка.,8​der Cognac | Er trinkt ein Glas Cognac.,коньяк | Он пьет бокал коньяка.,1,21.07.2026,0,0,Kapitel 6 – Familienleben_Семейная жизнь
17.07.2026,Kap 6_Familienleben,"Gruß, ""-e (Liebe Grüße)",-,-,приветствие,Liebe Grüße an alle!,Передавай всем привет!,"Gruß, ""-e (Liebe Grüße) | Liebe Grüße an alle!",приветствие | Передавай всем привет!,1,21.07.2026,0,0,Kapitel 6 – Familienleben_Семейная жизнь
17.07.2026,Kap 6_Familienleben,Käsekuchen,-,-,"творожный пирог, чизкейк",Ich esse gern Käsekuchen.,Я люблю есть чизкейк.,Käsekuchen | Ich esse gern Käsekuchen.,"творожный пирог, чизкейк | Я люблю есть чизкейк.",1,21.07.2026,0,0,Kapitel 6 – Familienleben_Семейная жизнь
17.07.2026,Kap 6_Familienleben,"Spaß, ""-e (meist Sg.)",-,-,"веселье, удовольствие",Viel Spaß!,Желаю хорошо повеселиться!,"Spaß, ""-e (meist Sg.) | Viel Spaß!","веселье, удовольствие | Желаю хорошо повеселиться!",1,21.07.2026,0,0,Kapitel 6 – Familienleben_Семейная жизнь
17.07.2026,Kap 6_Familienleben,"​lieb- (lieber Hans, ...)",-,-,"дорогой, милый","Lieber Hans, alles Gute!","Дорогой Ганс, всего наилучшего!","​lieb- (lieber Hans, ...) | Lieber Hans, alles Gute!","дорогой, милый | Дорогой Ганс, всего наилучшего!",1,21.07.2026,0,0,Kapitel 6 – Familienleben_Семейная жизнь
17.07.2026,Kap 6_Familienleben,"​zusammen sein, sie sind zusammen, sind zusammen gewesen",-,-,быть вместе,Wir wollen zusammen sein.,Мы хотим быть вместе.,"​zusammen sein, sie sind zusammen, sind zusammen gewesen | Wir wollen zusammen sein.",быть вместе | Мы хотим быть вместе.,1,21.07.2026,0,0,Kapitel 6 – Familienleben_Семейная жизнь
17.07.2026,Kap 6_Familienleben,Live-Musik,-,Sg.,живая музыка,Es gibt heute Live-Musik.,Сегодня есть живая музыка.,Live-Musik | Es gibt heute Live-Musik.,живая музыка | Сегодня есть живая музыка.,1,21.07.2026,0,0,Kapitel 6 – Familienleben_Семейная жизнь
17.07.2026,Kap 6_Familienleben,Präsens,-,Sg.,настоящее время,Das ist ein Satz im Präsens.,Это предложение в настоящем времени.,Präsens | Das ist ein Satz im Präsens.,настоящее время | Это предложение в настоящем времени.,1,21.07.2026,0,0,Kapitel 6 – Familienleben_Семейная жизнь
17.07.2026,Kap 6_Familienleben,Präteritum,-,Sg.,прошедшее время,Wir lernen das Präteritum.,Мы учим прошедшее время.,Präteritum | Wir lernen das Präteritum.,прошедшее время | Мы учим прошедшее время.,1,21.07.2026,0,0,Kapitel 6 – Familienleben_Семейная жизнь
17.07.2026,Kap 6_Familienleben,"9​ausblasen, er bläst aus, ausgeblasen",-,-,задувать,Sie bläst die Kerzen aus.,Она задувает свечи.,"9​ausblasen, er bläst aus, ausgeblasen | Sie bläst die Kerzen aus.",задувать | Она задувает свечи.,1,21.07.2026,0,0,Kapitel 6 – Familienleben_Семейная жизнь
17.07.2026,Kap 6_Familienleben,"​aussehen, er sieht aus, ausgesehen",-,-,выглядеть,Du siehst heute gut aus.,Ты сегодня хорошо выглядишь.,"​aussehen, er sieht aus, ausgesehen | Du siehst heute gut aus.",выглядеть | Ты сегодня хорошо выглядишь.,1,21.07.2026,0,0,Kapitel 6 – Familienleben_Семейная жизнь
17.07.2026,Kap 6_Familienleben,​besonders,-,-,особенно,Das ist besonders wichtig.,Это особенно важно.,​besonders | Das ist besonders wichtig.,особенно | Это особенно важно.,1,21.07.2026,0,0,Kapitel 6 – Familienleben_Семейная жизнь
17.07.2026,Kap 6_Familienleben,Geburtstagskind,-,-,именинник,Wo ist das Geburtstagskind?,Где именинник?,Geburtstagskind | Wo ist das Geburtstagskind?,именинник | Где именинник?,1,21.07.2026,0,0,Kapitel 6 – Familienleben_Семейная жизнь
17.07.2026,Kap 6_Familienleben,Glück,-,Sg.,"счастье, удача",Viel Glück!,Удачи!,Glück | Viel Glück!,"счастье, удача | Удачи!",1,21.07.2026,0,0,Kapitel 6 – Familienleben_Семейная жизнь
17.07.2026,Kap 6_Familienleben,Lebensjahr,-,-,год жизни,Er ist im zehnten Lebensjahr.,Ему идет десятый год.,Lebensjahr | Er ist im zehnten Lebensjahr.,год жизни | Ему идет десятый год.,1,21.07.2026,0,0,Kapitel 6 – Familienleben_Семейная жизнь
17.07.2026,Kap 6_Familienleben,Restaurant,-,-,ресторан,Wir gehen ins Restaurant.,Мы идем в ресторан.,Restaurant | Wir gehen ins Restaurant.,ресторан | Мы идем в ресторан.,1,21.07.2026,0,0,Kapitel 6 – Familienleben_Семейная жизнь
17.07.2026,Kap 6_Familienleben,Autoführerschein,-,-,водительские права,Er macht den Autoführerschein.,Он получает водительские права.,Autoführerschein | Er macht den Autoführerschein.,водительские права | Он получает водительские права.,1,21.07.2026,0,0,Kapitel 6 – Familienleben_Семейная жизнь
17.07.2026,Kap 6_Familienleben,Gast,-,-,гость,Wir haben Gäste.,У нас гости.,Gast | Wir haben Gäste.,гость | У нас гости.,1,21.07.2026,0,0,Kapitel 6 – Familienleben_Семейная жизнь
17.07.2026,Kap 6_Familienleben,Geburtstagskaffee,-,-,праздничный кофе,Wir trinken den Geburtstagskaffee.,Мы пьем праздничный кофе.,Geburtstagskaffee | Wir trinken den Geburtstagskaffee.,праздничный кофе | Мы пьем праздничный кофе.,1,21.07.2026,0,0,Kapitel 6 – Familienleben_Семейная жизнь
17.07.2026,Kap 6_Familienleben,Kindergeburtstag,-,-,детский день рождения,Heute ist ein Kindergeburtstag.,Сегодня детский день рождения.,Kindergeburtstag | Heute ist ein Kindergeburtstag.,детский день рождения | Сегодня детский день рождения.,1,21.07.2026,0,0,Kapitel 6 – Familienleben_Семейная жизнь
17.07.2026,Kap 6_Familienleben,Mopedführerschein,-,-,права на мопед,Sie hat den Mopedführerschein.,У нее есть права на мопед.,Mopedführerschein | Sie hat den Mopedführerschein.,права на мопед | У нее есть права на мопед.,1,21.07.2026,0,0,Kapitel 6 – Familienleben_Семейная жизнь
17.07.2026,Kap 6_Familienleben,Opa,-,-,дедушка,Mein Opa ist 70 Jahre alt.,Моему дедушке 70 лет.,Opa | Mein Opa ist 70 Jahre alt.,дедушка | Моему дедушке 70 лет.,1,21.07.2026,0,0,Kapitel 6 – Familienleben_Семейная жизнь
17.07.2026,Kap 6_Familienleben,Jugendliche,-,-,подросток,Die Jugendlichen spielen Fußball.,Подростки играют в футбол.,Jugendliche | Die Jugendlichen spielen Fußball.,подросток | Подростки играют в футбол.,1,21.07.2026,0,0,Kapitel 6 – Familienleben_Семейная жизнь
17.07.2026,Kap 6_Familienleben,Geburtstagsanzeige,-,-,объявление о дне рождения,Das ist eine Geburtstagsanzeige in der Zeitung.,Это объявление о дне рождения в газете.,Geburtstagsanzeige | Das ist eine Geburtstagsanzeige in der Zeitung.,объявление о дне рождения | Это объявление о дне рождения в газете.,1,21.07.2026,0,0,Kapitel 6 – Familienleben_Семейная жизнь
17.07.2026,Kap 6_Familienleben,Geburtstagskerze,-,-,свеча на день рождения,Die Geburtstagskerze brennt.,Свеча на день рождения горит.,Geburtstagskerze | Die Geburtstagskerze brennt.,свеча на день рождения | Свеча на день рождения горит.,1,21.07.2026,0,0,Kapitel 6 – Familienleben_Семейная жизнь
17.07.2026,Kap 6_Familienleben,Geburtstagstorte,-,-,торт на день рождения,Die Geburtstagstorte ist lecker.,Торт на день рождения вкусный.,Geburtstagstorte | Die Geburtstagstorte ist lecker.,торт на день рождения | Торт на день рождения вкусный.,1,21.07.2026,0,0,Kapitel 6 – Familienleben_Семейная жизнь
17.07.2026,Kap 6_Familienleben,Kerze,-,-,свеча,Ich zünde die Kerze an.,Я зажигаю свечу.,Kerze | Ich zünde die Kerze an.,свеча | Я зажигаю свечу.,1,21.07.2026,0,0,Kapitel 6 – Familienleben_Семейная жизнь
17.07.2026,Kap 6_Familienleben,"​eislaufen, er läuft eis, ist eisgelaufen",-,-,кататься на коньках,Im Winter gehen wir eislaufen.,Зимой мы ходим кататься на коньках.,"​eislaufen, er läuft eis, ist eisgelaufen | Im Winter gehen wir eislaufen.",кататься на коньках | Зимой мы ходим кататься на коньках.,1,21.07.2026,0,0,Kapitel 6 – Familienleben_Семейная жизнь
17.07.2026,Kap 6_Familienleben,​erwachsen,-,-,взрослый,Er ist schon erwachsen.,Он уже взрослый.,​erwachsen | Er ist schon erwachsen.,взрослый | Он уже взрослый.,1,21.07.2026,0,0,Kapitel 6 – Familienleben_Семейная жизнь
17.07.2026,Kap 6_Familienleben,"​feiern, er feiert, gefeiert",-,-,праздновать,Wir feiern heute.,Мы сегодня празднуем.,"​feiern, er feiert, gefeiert | Wir feiern heute.",праздновать | Мы сегодня празднуем.,1,21.07.2026,0,0,Kapitel 6 – Familienleben_Семейная жизнь
17.07.2026,Kap 6_Familienleben,"​fleißig, fleißiger, am fleißigsten",-,-,прилежный,Sie ist sehr fleißig.,Она очень прилежная.,"​fleißig, fleißiger, am fleißigsten | Sie ist sehr fleißig.",прилежный | Она очень прилежная.,1,21.07.2026,0,0,Kapitel 6 – Familienleben_Семейная жизнь
17.07.2026,Kap 6_Familienleben,"​gehören, er gehört, gehört",-,-,принадлежать,Das Buch gehört mir.,Эта книга принадлежит мне.,"​gehören, er gehört, gehört | Das Buch gehört mir.",принадлежать | Эта книга принадлежит мне.,1,21.07.2026,0,0,Kapitel 6 – Familienleben_Семейная жизнь
17.07.2026,Kap 6_Familienleben,"​hupen, er hupt, gehupt",-,-,сигналить,Das Auto hupt laut.,Машина громко сигналит.,"​hupen, er hupt, gehupt | Das Auto hupt laut.",сигналить | Машина громко сигналит.,1,21.07.2026,0,0,Kapitel 6 – Familienleben_Семейная жизнь
17.07.2026,Kap 6_Familienleben,"​müssen, er muss, müssen/gemusst",-,-,быть должным,Ich muss jetzt gehen.,Я должен сейчас идти.,"​müssen, er muss, müssen/gemusst | Ich muss jetzt gehen.",быть должным | Я должен сейчас идти.,1,21.07.2026,0,0,Kapitel 6 – Familienleben_Семейная жизнь
17.07.2026,Kap 6_Familienleben,"​organisieren, er organisiert, organisiert",-,-,организовывать,Er organisiert das Fest.,Он организовывает праздник.,"​organisieren, er organisiert, organisiert | Er organisiert das Fest.",организовывать | Он организовывает праздник.,1,21.07.2026,0,0,Kapitel 6 – Familienleben_Семейная жизнь
17.07.2026,Kap 6_Familienleben,​rund ‚ (runder Geburtstag),-,-,круглый,Das ist ein runder Geburtstag.,Это круглый день рождения.,​rund ‚ (runder Geburtstag) | Das ist ein runder Geburtstag.,круглый | Это круглый день рождения.,1,21.07.2026,0,0,Kapitel 6 – Familienleben_Семейная жизнь
17.07.2026,Kap 6_Familienleben,"​tanzen, er tanzt, getanzt",-,-,танцевать,Wir tanzen gern.,Мы любим танцевать.,"​tanzen, er tanzt, getanzt | Wir tanzen gern.",танцевать | Мы любим танцевать.,1,21.07.2026,0,0,Kapitel 6 – Familienleben_Семейная жизнь
17.07.2026,Kap 6_Familienleben,"​unterschreiben, er unterschreibt, unterschrieben",-,-,подписывать,Bitte hier unterschreiben.,"Пожалуйста, подпишите здесь.","​unterschreiben, er unterschreibt, unterschrieben | Bitte hier unterschreiben.","подписывать | Пожалуйста, подпишите здесь.",1,21.07.2026,0,0,Kapitel 6 – Familienleben_Семейная жизнь
17.07.2026,Kap 6_Familienleben,​vom (= von dem) (die Eltern vom Kind),-,-,от,Das ist ein Geschenk vom Chef.,Это подарок от начальника.,​vom (= von dem) (die Eltern vom Kind) | Das ist ein Geschenk vom Chef.,от | Это подарок от начальника.,1,21.07.2026,0,0,Kapitel 6 – Familienleben_Семейная жизнь
17.07.2026,Kap 6_Familienleben,​wahr,-,-,"истинный, правдивый",Das ist eine wahre Geschichte.,Это правдивая история.,​wahr | Das ist eine wahre Geschichte.,"истинный, правдивый | Это правдивая история.",1,21.07.2026,0,0,Kapitel 6 – Familienleben_Семейная жизнь
17.07.2026,Kap 6_Familienleben,​weiter,-,-,дальше,Wir gehen weiter.,Мы идем дальше.,​weiter | Wir gehen weiter.,дальше | Мы идем дальше.,1,21.07.2026,0,0,Kapitel 6 – Familienleben_Семейная жизнь
17.07.2026,Kap 6_Familienleben,"​werden, er wird, ist geworden",-,-,становиться,Er wird Arzt.,Он становится врачом.,"​werden, er wird, ist geworden | Er wird Arzt.",становиться | Он становится врачом.,1,21.07.2026,0,0,Kapitel 6 – Familienleben_Семейная жизнь
17.07.2026,Kap 6_Familienleben,Neujahr,-,Sg.,Новый год,Frohes Neujahr!,С Новым годом!,Neujahr | Frohes Neujahr!,Новый год | С Новым годом!,1,21.07.2026,0,0,Kapitel 6 – Familienleben_Семейная жизнь
17.07.2026,Kap 6_Familienleben,"-Jährige, -n (der 40-Jährige)",-,-,-летний,Der 40-Jährige arbeitet hier.,40-летний работает здесь.,"-Jährige, -n (der 40-Jährige) | Der 40-Jährige arbeitet hier.",-летний | 40-летний работает здесь.,1,21.07.2026,0,0,Kapitel 6 – Familienleben_Семейная жизнь
17.07.2026,Kap 6_Familienleben,Geburtstagswort,-,-,слово о дне рождения,Das ist ein schönes Geburtstagswort.,Это красивое слово о дне рождения.,Geburtstagswort | Das ist ein schönes Geburtstagswort.,слово о дне рождения | Это красивое слово о дне рождения.,1,21.07.2026,0,0,Kapitel 6 – Familienleben_Семейная жизнь
17.07.2026,Kap 6_Familienleben,Kombination,-,-,комбинация,Das ist eine gute Kombination.,Это хорошая комбинация.,Kombination | Das ist eine gute Kombination.,комбинация | Это хорошая комбинация.,1,21.07.2026,0,0,Kapitel 6 – Familienleben_Семейная жизнь
17.07.2026,Kap 6_Familienleben,Torte,-,-,торт,Die Torte ist sehr groß.,Торт очень большой.,Torte | Die Torte ist sehr groß.,торт | Торт очень большой.,1,21.07.2026,0,0,Kapitel 6 – Familienleben_Семейная жизнь
17.07.2026,Kap 6_Familienleben,Mensch,-,-,человек,Jeder Mensch ist anders.,Каждый человек разный.,Mensch | Jeder Mensch ist anders.,человек | Каждый человек разный.,1,21.07.2026,0,0,Kapitel 6 – Familienleben_Семейная жизнь
17.07.2026,Kap 6_Familienleben,Papa,-,-,папа,Mein Papa ist toll.,Мой папа классный.,Papa | Mein Papa ist toll.,папа | Мой папа классный.,1,21.07.2026,0,0,Kapitel 6 – Familienleben_Семейная жизнь
17.07.2026,Kap 6_Familienleben,​direkt (Diese Fragen finden manche Menschen zu direkt.),-,-,"прямой, прямо",Er ist sehr direkt.,Он очень прямой.,​direkt (Diese Fragen finden manche Menschen zu direkt.) | Er ist sehr direkt.,"прямой, прямо | Он очень прямой.",1,21.07.2026,0,0,Kapitel 6 – Familienleben_Семейная жизнь
17.07.2026,Kap 6_Familienleben,​manch- (manche Menschen),-,-,некоторый,Manche Leute mögen das nicht.,Некоторым людям это не нравится.,​manch- (manche Menschen) | Manche Leute mögen das nicht.,некоторый | Некоторым людям это не нравится.,1,21.07.2026,0,0,Kapitel 6 – Familienleben_Семейная жизнь
17.07.2026,Kap 6_Familienleben,Erfolg,-,-,успех,Viel Erfolg!,Желаю успеха!,Erfolg | Viel Erfolg!,успех | Желаю успеха!,1,21.07.2026,0,0,Kapitel 6 – Familienleben_Семейная жизнь
17.07.2026,Kap 6_Familienleben,Geburtstagsparty,-,-,вечеринка на день рождения,Die Geburtstagsparty war super.,Вечеринка на день рождения была супер.,Geburtstagsparty | Die Geburtstagsparty war super.,вечеринка на день рождения | Вечеринка на день рождения была супер.,1,21.07.2026,0,0,Kapitel 6 – Familienleben_Семейная жизнь
17.07.2026,Kap 6_Familienleben,Gesundheit,-,Sg.,здоровье,Gesundheit ist das Wichtigste.,Здоровье — самое главное.,Gesundheit | Gesundheit ist das Wichtigste.,здоровье | Здоровье — самое главное.,1,21.07.2026,0,0,Kapitel 6 – Familienleben_Семейная жизнь
17.07.2026,Kap 6_Familienleben,Party,-,-,вечеринка,Wir machen eine Party.,Мы устраиваем вечеринку.,Party | Wir machen eine Party.,вечеринка | Мы устраиваем вечеринку.,1,21.07.2026,0,0,Kapitel 6 – Familienleben_Семейная жизнь
17.07.2026,Kap 6_Familienleben,"​freuen (sich), er freut sich, hat sich gefreut",-,-,радоваться,Ich freue mich sehr.,Я очень радуюсь.,"​freuen (sich), er freut sich, hat sich gefreut | Ich freue mich sehr.",радоваться | Я очень радуюсь.,1,21.07.2026,0,0,Kapitel 6 – Familienleben_Семейная жизнь
17.07.2026,Kap 6_Familienleben,Geburtstagskarte,-,-,открытка на день рождения,Ich schreibe eine Geburtstagskarte.,Я пишу открытку на день рождения.,Geburtstagskarte | Ich schreibe eine Geburtstagskarte.,открытка на день рождения | Я пишу открытку на день рождения.,1,21.07.2026,0,0,Kapitel 6 – Familienleben_Семейная жизнь
17.07.2026,Kap 6_Familienleben,Wortende,-,-,конец слова,Das Wortende ist wichtig.,Конец слова важен.,Wortende | Das Wortende ist wichtig.,конец слова | Конец слова важен.,1,21.07.2026,0,0,Kapitel 6 – Familienleben_Семейная жизнь
17.07.2026,Kap 6_Familienleben,Vorsilbe,-,-,приставка,Das Wort hat eine Vorsilbe.,У этого слова есть приставка.,Vorsilbe | Das Wort hat eine Vorsilbe.,приставка | У этого слова есть приставка.,1,21.07.2026,0,0,Kapitel 6 – Familienleben_Семейная жизнь
17.07.2026,Kap 6_Familienleben,"​schwach, schwächer, am schwächsten (ein schwaches „a“)",-,-,слабый,Er ist heute schwach.,Он сегодня слаб.,"​schwach, schwächer, am schwächsten (ein schwaches „a“) | Er ist heute schwach.",слабый | Он сегодня слаб.,1,21.07.2026,0,0,Kapitel 6 – Familienleben_Семейная жизнь
17.07.2026,Kap 6_Familienleben,Ordinalzahl,-,-,порядковое числительное,Das ist eine Ordinalzahl.,Это порядковое числительное.,Ordinalzahl | Das ist eine Ordinalzahl.,порядковое числительное | Это порядковое числительное.,1,21.07.2026,0,0,Kapitel 6 – Familienleben_Семейная жизнь
17.07.2026,Kap 6_Familienleben,"​signalisieren, er signalisiert, signalisiert",-,-,сигнализировать,Die Ampel signalisiert rot.,Светофор сигнализирует красный.,"​signalisieren, er signalisiert, signalisiert | Die Ampel signalisiert rot.",сигнализировать | Светофор сигнализирует красный.,1,21.07.2026,0,0,Kapitel 6 – Familienleben_Семейная жизнь
17.07.2026,Kap 6_Familienleben,​vorgestern,-,-,позавчера,Vorgestern war ich im Kino.,Позавчера я был в кино.,​vorgestern | Vorgestern war ich im Kino.,позавчера | Позавчера я был в кино.,1,21.07.2026,0,0,Kapitel 6 – Familienleben_Семейная жизнь
21.07.2026,Kap 7_Willkommen in Berlin,Kapitel 7,-,-,события прошлого и биографические данные,Im Unterricht sprechen wir über vergangene Ereignisse und biografische Daten.,На уроке мы говорим о событиях прошлого и биографических данных.,,,1,21.07.2026,0,0,
17.07.2026,Kap 7_Willkommen in Berlin,"antreten, er tritt an, hat/ist angetreten",-,-,приступать (к работе),Er tritt die neue Stelle an.,Он приступает к новой должности.,"antreten, er tritt an, hat/ist angetreten | Er tritt die neue Stelle an.",приступать (к работе) | Он приступает к новой должности.,1,21.07.2026,0,0,Kapitel 7_Добро пожаловать в Берлин
17.07.2026,Kap 7_Willkommen in Berlin,Arbeitsstelle,die,-,рабочее место,Sie sucht eine Arbeitsstelle.,Она ищет рабочее место.,die Arbeitsstelle | Sie sucht eine Arbeitsstelle.,рабочее место | Она ищет рабочее место.,1,21.07.2026,0,0,Kapitel 7_Добро пожаловать в Берлин
17.07.2026,Kap 7_Willkommen in Berlin,Hinweis,der,-,"указание, совет",Danke für den Hinweis.,Спасибо за указание.,der Hinweis | Danke für den Hinweis.,"указание, совет | Спасибо за указание.",1,21.07.2026,0,0,Kapitel 7_Добро пожаловать в Берлин
17.07.2026,Kap 7_Willkommen in Berlin,Ortsangabe,die,-,указание места,Die Ortsangabe ist genau.,Указание места точное.,die Ortsangabe | Die Ortsangabe ist genau.,указание места | Указание места точное.,1,21.07.2026,0,0,Kapitel 7_Добро пожаловать в Берлин
17.07.2026,Kap 7_Willkommen in Berlin,Weg,der,-,"путь, дорога",Das ist der richtige Weg.,Это правильный путь.,der Weg | Das ist der richtige Weg.,"путь, дорога | Это правильный путь.",1,21.07.2026,0,0,Kapitel 7_Добро пожаловать в Берлин
17.07.2026,Kap 7_Willkommen in Berlin,willkommen,-,-,добро пожаловать,Herzlich willkommen!,Добро пожаловать!,willkommen | Herzlich willkommen!,добро пожаловать | Добро пожаловать!,1,21.07.2026,0,0,Kapitel 7_Добро пожаловать в Берлин
17.07.2026,Kap 7_Willkommen in Berlin,"1 ankommen, er kommt an, ist angekommen (Er kommt in Berlin an.)",-,-,прибывать,Der Zug kommt an.,Поезд прибывает.,"1 ankommen, er kommt an, ist angekommen (Er kommt in Berlin an.) | Der Zug kommt an.",прибывать | Поезд прибывает.,1,21.07.2026,0,0,Kapitel 7_Добро пожаловать в Берлин
17.07.2026,Kap 7_Willkommen in Berlin,"anschauen, er schaut an, angeschaut",-,-,"смотреть, рассматривать",Wir schauen uns die Stadt an.,Мы осматриваем город.,"anschauen, er schaut an, angeschaut | Wir schauen uns die Stadt an.","смотреть, рассматривать | Мы осматриваем город.",1,21.07.2026,0,0,Kapitel 7_Добро пожаловать в Берлин
17.07.2026,Kap 7_Willkommen in Berlin,"besichtigen, er besichtigt, besichtigt",-,-,осматривать,Wir besichtigen das Museum.,Мы осматриваем музей.,"besichtigen, er besichtigt, besichtigt | Wir besichtigen das Museum.",осматривать | Мы осматриваем музей.,1,21.07.2026,0,0,Kapitel 7_Добро пожаловать в Берлин
17.07.2026,Kap 7_Willkommen in Berlin,Hostel,das,-,хостел,Wir schlafen im Hostel.,Мы спим в хостеле.,das Hostel | Wir schlafen im Hostel.,хостел | Мы спим в хостеле.,1,21.07.2026,0,0,Kapitel 7_Добро пожаловать в Берлин
17.07.2026,Kap 7_Willkommen in Berlin,Jugendherberge,die,-,молодежная турбаза,Die Jugendherberge ist billig.,Молодежная турбаза дешевая.,die Jugendherberge | Die Jugendherberge ist billig.,молодежная турбаза | Молодежная турбаза дешевая.,1,21.07.2026,0,0,Kapitel 7_Добро пожаловать в Берлин
17.07.2026,Kap 7_Willkommen in Berlin,Regenschirm,der,die Regenschirme,зонт,Ich habe einen Regenschirm.,У меня есть зонт.,der Regenschirm | Ich habe einen Regenschirm.,зонт | У меня есть зонт.,1,21.07.2026,0,0,Kapitel 7_Добро пожаловать в Берлин
17.07.2026,Kap 7_Willkommen in Berlin,Regierungsviertel,das,-,правительственный квартал,Das Regierungsviertel ist groß.,Правительственный квартал большой.,das Regierungsviertel | Das Regierungsviertel ist groß.,правительственный квартал | Правительственный квартал большой.,1,21.07.2026,0,0,Kapitel 7_Добро пожаловать в Берлин
17.07.2026,Kap 7_Willkommen in Berlin,S-Bahn,die,-,городская электричка,Ich fahre mit der S-Bahn.,Я еду на городской электричке.,die S-Bahn | Ich fahre mit der S-Bahn.,городская электричка | Я еду на городской электричке.,1,21.07.2026,0,0,Kapitel 7_Добро пожаловать в Берлин
17.07.2026,Kap 7_Willkommen in Berlin,Sprachkurs,der,-,языковой курс,Ich besuche einen Sprachkurs.,Я посещаю языковой курс.,der Sprachkurs | Ich besuche einen Sprachkurs.,языковой курс | Я посещаю языковой курс.,1,21.07.2026,0,0,Kapitel 7_Добро пожаловать в Берлин
17.07.2026,Kap 7_Willkommen in Berlin,Stadtplan,der,-,план города,Hast du einen Stadtplan?,У тебя есть план города?,der Stadtplan | Hast du einen Stadtplan?,план города | У тебя есть план города?,1,21.07.2026,0,0,Kapitel 7_Добро пожаловать в Берлин
17.07.2026,Kap 7_Willkommen in Berlin,Ticket,das,-,билет,Ich kaufe ein Ticket.,Я покупаю билет.,das Ticket | Ich kaufe ein Ticket.,билет | Я покупаю билет.,1,21.07.2026,0,0,Kapitel 7_Добро пожаловать в Берлин
17.07.2026,Kap 7_Willkommen in Berlin,Hitliste,die,-,хит-парад,Das Lied ist auf der Hitliste.,Песня в хит-параде.,die Hitliste | Das Lied ist auf der Hitliste.,хит-парад | Песня в хит-параде.,1,21.07.2026,0,0,Kapitel 7_Добро пожаловать в Берлин
17.07.2026,Kap 7_Willkommen in Berlin,kein,-,-,никакой,Ich habe kein Geld.,У меня нет денег.,kein | Ich habe kein Geld.,никакой | У меня нет денег.,1,21.07.2026,0,0,Kapitel 7_Добро пожаловать в Берлин
17.07.2026,Kap 7_Willkommen in Berlin,"2 kennenlernen, er lernt kennen, kennengelernt",-,-,знакомиться,Ich möchte dich kennenlernen.,Я хочу с тобой познакомиться.,"2 kennenlernen, er lernt kennen, kennengelernt | Ich möchte dich kennenlernen.",знакомиться | Я хочу с тобой познакомиться.,1,21.07.2026,0,0,Kapitel 7_Добро пожаловать в Берлин
17.07.2026,Kap 7_Willkommen in Berlin,beid,-,-,"оба, обе",Beide Kinder spielen im Garten.,Оба ребенка играют в саду.,beid | Beide Kinder spielen im Garten.,"оба, обе | Оба ребенка играют в саду.",1,21.07.2026,0,0,Kapitel 7_Добро пожаловать в Берлин
17.07.2026,Kap 7_Willkommen in Berlin,"Fuß, ""-e (Sie gehen zu Fuß zum Bahnhof.)",der,-,"нога, стопа",Wir gehen zu Fuß.,Мы идем пешком.,"der Fuß, ""-e (Sie gehen zu Fuß zum Bahnhof.) | Wir gehen zu Fuß.","нога, стопа | Мы идем пешком.",1,21.07.2026,0,0,Kapitel 7_Добро пожаловать в Берлин
17.07.2026,Kap 7_Willkommen in Berlin,Hauptbahnhof,der,-,главный вокзал,Der Zug hält am Hauptbahnhof.,Поезд останавливается на главном вокзале.,der Hauptbahnhof | Der Zug hält am Hauptbahnhof.,главный вокзал | Поезд останавливается на главном вокзале.,1,21.07.2026,0,0,Kapitel 7_Добро пожаловать в Берлин
17.07.2026,Kap 7_Willkommen in Berlin,Nähe (Die Post ist in der Nähe vom Bahnhof.),die,Sg.,близость,Der Park ist in der Nähe.,Парк находится поблизости.,die Nähe (Die Post ist in der Nähe vom Bahnhof.) | Der Park ist in der Nähe.,близость | Парк находится поблизости.,1,21.07.2026,0,0,Kapitel 7_Добро пожаловать в Берлин
17.07.2026,Kap 7_Willkommen in Berlin,Touristeninformation,die,-,туристическое бюро,Wo ist die Touristeninformation?,Где туристическое бюро?,die Touristeninformation | Wo ist die Touristeninformation?,туристическое бюро | Где туристическое бюро?,1,21.07.2026,0,0,Kapitel 7_Добро пожаловать в Берлин
17.07.2026,Kap 7_Willkommen in Berlin,Volkshochschule,die,-,народный университет,Die Volkshochschule bietet Kurse an.,Народный университет предлагает курсы.,die Volkshochschule | Die Volkshochschule bietet Kurse an.,народный университет | Народный университет предлагает курсы.,1,21.07.2026,0,0,Kapitel 7_Добро пожаловать в Берлин
17.07.2026,Kap 7_Willkommen in Berlin,3 also,-,-,"итак, следовательно","Also, wir gehen jetzt.","Итак, мы сейчас идем.","3 also | Also, wir gehen jetzt.","итак, следовательно | Итак, мы сейчас идем.",1,21.07.2026,0,0,Kapitel 7_Добро пожаловать в Берлин
17.07.2026,Kap 7_Willkommen in Berlin,"Bank, -en (Ich habe ein Konto bei der Bank.)",die,-,банк,Ich gehe zur Bank.,Я иду в банк.,"die Bank, -en (Ich habe ein Konto bei der Bank.) | Ich gehe zur Bank.",банк | Я иду в банк.,1,21.07.2026,0,0,Kapitel 7_Добро пожаловать в Берлин
17.07.2026,Kap 7_Willkommen in Berlin,Dank (Vielen Dank!),der,Sg.,благодарность,Vielen Dank!,Большое спасибо!,der Dank (Vielen Dank!) | Vielen Dank!,благодарность | Большое спасибо!,1,21.07.2026,0,0,Kapitel 7_Добро пожаловать в Берлин
17.07.2026,Kap 7_Willkommen in Berlin,Eingang,der,-,вход,Der Eingang ist dort.,Вход там.,der Eingang | Der Eingang ist dort.,вход | Вход там.,1,21.07.2026,0,0,Kapitel 7_Добро пожаловать в Берлин
17.07.2026,Kap 7_Willkommen in Berlin,gleich (Gehen Sie gleich hinter der Apotheke rechts.),-,-,"сразу, сейчас",Ich komme gleich.,Я сейчас приду.,gleich (Gehen Sie gleich hinter der Apotheke rechts.) | Ich komme gleich.,"сразу, сейчас | Я сейчас приду.",1,21.07.2026,0,0,Kapitel 7_Добро пожаловать в Берлин
17.07.2026,Kap 7_Willkommen in Berlin,Meter,der,-,метр,Das Haus ist 10 Meter hoch.,Дом высотой 10 метров.,der Meter | Das Haus ist 10 Meter hoch.,метр | Дом высотой 10 метров.,1,21.07.2026,0,0,Kapitel 7_Добро пожаловать в Берлин
17.07.2026,Kap 7_Willkommen in Berlin,Ort,der,-,"место, населенный пункт",Das ist ein schöner Ort.,Это красивое место.,der Ort | Das ist ein schöner Ort.,"место, населенный пункт | Это красивое место.",1,21.07.2026,0,0,Kapitel 7_Добро пожаловать в Берлин
17.07.2026,Kap 7_Willkommen in Berlin,Seniorenwohnheim,das,-,дом престарелых,Meine Oma lebt im Seniorenwohnheim.,Моя бабушка живет в доме престарелых.,das Seniorenwohnheim | Meine Oma lebt im Seniorenwohnheim.,дом престарелых | Моя бабушка живет в доме престарелых.,1,21.07.2026,0,0,Kapitel 7_Добро пожаловать в Берлин
17.07.2026,Kap 7_Willkommen in Berlin,ungefähr,-,-,"примерно, около",Es dauert ungefähr eine Stunde.,Это займет примерно час.,ungefähr | Es dauert ungefähr eine Stunde.,"примерно, около | Это займет примерно час.",1,21.07.2026,0,0,Kapitel 7_Добро пожаловать в Берлин
17.07.2026,Kap 7_Willkommen in Berlin,Senior,der,-,пенсионер,Der Senior geht spazieren.,Пенсионер идет гулять.,der Senior | Der Senior geht spazieren.,пенсионер | Пенсионер идет гулять.,1,21.07.2026,0,0,Kapitel 7_Добро пожаловать в Берлин
17.07.2026,Kap 7_Willkommen in Berlin,Seniorin,die,-,пенсионерка,Die Seniorin liest ein Buch.,Пенсионерка читает книгу.,die Seniorin | Die Seniorin liest ein Buch.,пенсионерка | Пенсионерка читает книгу.,1,21.07.2026,0,0,Kapitel 7_Добро пожаловать в Берлин
17.07.2026,Kap 7_Willkommen in Berlin,Standort,der,die Standorte,Расположение,Der Standort der Firma ist gut.,Расположение компании хорошее.,der Standort | Der Standort der Firma ist gut.,Расположение | Расположение компании хорошее.,1,21.07.2026,0,0,Kapitel 7_Добро пожаловать в Берлин
17.07.2026,Kap 7_Willkommen in Berlin,Wohnheim,das,die Wohnheime,общежитие,Ich wohne im Wohnheim.,Я живу в общежитии.,das Wohnheim | Ich wohne im Wohnheim.,общежитие | Я живу в общежитии.,1,21.07.2026,0,0,Kapitel 7_Добро пожаловать в Берлин
17.07.2026,Kap 7_Willkommen in Berlin,Ziel,das,die Ziele,Цель,"Mein Ziel ist es, Deutsch zu lernen.",Моя цель — выучить немецкий.,"das Ziel | Mein Ziel ist es, Deutsch zu lernen.",Цель | Моя цель — выучить немецкий.,2,29.07.2026,1,1,Kapitel 7_Добро пожаловать в Берлин
17.07.2026,Kap 7_Willkommen in Berlin,Auskunft,-,die Auskünfte,4 информация,Danke für die Auskunft.,Спасибо за информацию.,Auskunft | Danke für die Auskunft.,4 информация | Спасибо за информацию.,1,21.07.2026,0,0,Kapitel 7_Добро пожаловать в Берлин
17.07.2026,Kap 7_Willkommen in Berlin,Imperativ,der,die Imperative,Императив,Bilde den Imperativ.,Образуй императив.,der Imperativ | Bilde den Imperativ.,Императив | Образуй императив.,1,21.07.2026,0,0,Kapitel 7_Добро пожаловать в Берлин
17.07.2026,Kap 7_Willkommen in Berlin,"aussteigen, er steigt aus, ausgestiegen",-,-,"чтобы выбраться, он выбрался, выбрался",Ich steige an der nächsten Station aus.,Я выхожу на следующей станции.,"aussteigen, er steigt aus, ausgestiegen | Ich steige an der nächsten Station aus.","чтобы выбраться, он выбрался, выбрался | Я выхожу на следующей станции.",1,21.07.2026,0,0,Kapitel 7_Добро пожаловать в Берлин
17.07.2026,Kap 7_Willkommen in Berlin,Fahrer,der,die Fahrer,водитель,Der Fahrer ist sehr freundlich.,Водитель очень приветливый.,der Fahrer | Der Fahrer ist sehr freundlich.,водитель | Водитель очень приветливый.,1,21.07.2026,0,0,Kapitel 7_Добро пожаловать в Берлин
17.07.2026,Kap 7_Willkommen in Berlin,Fahrerin,die,die Fahrerinnen,водитель,Die Fahrerin fährt vorsichtig.,Водительница ведет осторожно.,die Fahrerin | Die Fahrerin fährt vorsichtig.,водитель | Водительница ведет осторожно.,1,21.07.2026,0,0,Kapitel 7_Добро пожаловать в Берлин
17.07.2026,Kap 7_Willkommen in Berlin,Fernsehturm,der,die Fernsehtürme,Телевизионная башня,Wir besichtigen den Fernsehturm.,Мы осматриваем телебашню.,der Fernsehturm | Wir besichtigen den Fernsehturm.,Телевизионная башня | Мы осматриваем телебашню.,1,21.07.2026,0,0,Kapitel 7_Добро пожаловать в Берлин
17.07.2026,Kap 7_Willkommen in Berlin,"halten, er hält, gehalten (Der Bus hält am Rathaus.)",-,-,"Стоп, он останавливается, остановился. (Автобус останавливается у ратуши.)",Der Bus hält hier.,Автобус здесь останавливается.,"halten, er hält, gehalten (Der Bus hält am Rathaus.) | Der Bus hält hier.","Стоп, он останавливается, остановился. (Автобус останавливается у ратуши.) | Автобус здесь останавливается.",1,21.07.2026,0,0,Kapitel 7_Добро пожаловать в Берлин
17.07.2026,Kap 7_Willkommen in Berlin,Pronomen,das,die Pronomen,местоимение,"""Ich"" ist ein Personalpronomen.","""Я"" — это личное местоимение.","das Pronomen | ""Ich"" ist ein Personalpronomen.","местоимение | ""Я"" — это личное местоимение.",1,21.07.2026,0,0,Kapitel 7_Добро пожаловать в Берлин
17.07.2026,Kap 7_Willkommen in Berlin,du-Form,die,die du-Formen,ты-форма,Verwenden Sie die du-Form.,"Используйте форму на ""ты"".",die du-Form | Verwenden Sie die du-Form.,"ты-форма | Используйте форму на ""ты"".",1,21.07.2026,0,0,Kapitel 7_Добро пожаловать в Берлин
17.07.2026,Kap 7_Willkommen in Berlin,Imperativ-Form,die,die Imperativ-Formen,Повелительная форма,Das ist die Imperativ-Form.,Это повелительная форма.,die Imperativ-Form | Das ist die Imperativ-Form.,Повелительная форма | Это повелительная форма.,1,21.07.2026,0,0,Kapitel 7_Добро пожаловать в Берлин
17.07.2026,Kap 7_Willkommen in Berlin,"umsteigen, er steigt um, ist umgestiegen",-,-,"пересесть на другой поезд, он пересел на другой поезд, он пересел на другой поезд.",Wir müssen in Berlin umsteigen.,Нам нужно сделать пересадку в Берлине.,"umsteigen, er steigt um, ist umgestiegen | Wir müssen in Berlin umsteigen.","пересесть на другой поезд, он пересел на другой поезд, он пересел на другой поезд. | Нам нужно сделать пересадку в Берлине.",1,21.07.2026,0,0,Kapitel 7_Добро пожаловать в Берлин
17.07.2026,Kap 7_Willkommen in Berlin,Dativ,-,die Dative,5 дательный падеж,Das Nomen steht im Dativ.,Существительное стоит в дательном падеже.,Dativ | Das Nomen steht im Dativ.,5 дательный падеж | Существительное стоит в дательном падеже.,1,21.07.2026,0,0,Kapitel 7_Добро пожаловать в Берлин
17.07.2026,Kap 7_Willkommen in Berlin,Präposition,die,die Präpositionen,предлог,"""Mit"" ist eine Präposition.","""Mit"" — это предлог.","die Präposition | ""Mit"" ist eine Präposition.","предлог | ""Mit"" — это предлог.",1,21.07.2026,0,0,Kapitel 7_Добро пожаловать в Берлин
17.07.2026,Kap 7_Willkommen in Berlin,egal,-,-,"не имеет значения,",Das ist mir völlig egal.,Мне это совершенно неважно.,egal | Das ist mir völlig egal.,"не имеет значения, | Мне это совершенно неважно.",1,21.07.2026,0,0,Kapitel 7_Добро пожаловать в Берлин
17.07.2026,Kap 7_Willkommen in Berlin,Bushaltestelle,die,die Bushaltestellen,автобусная остановка,Ich warte an der Bushaltestelle.,Я жду на автобусной остановке.,die Bushaltestelle | Ich warte an der Bushaltestelle.,автобусная остановка | Я жду на автобусной остановке.,1,21.07.2026,0,0,Kapitel 7_Добро пожаловать в Берлин
17.07.2026,Kap 7_Willkommen in Berlin,Sparkasse,die,die Sparkassen,Спаркасси,"Ich gehe zur Sparkasse, um Geld abzuheben.","Я иду в сберкассу, чтобы снять деньги.","die Sparkasse | Ich gehe zur Sparkasse, um Geld abzuheben.","Спаркасси | Я иду в сберкассу, чтобы снять деньги.",1,21.07.2026,0,0,Kapitel 7_Добро пожаловать в Берлин
17.07.2026,Kap 7_Willkommen in Berlin,Stadtteil,der,die Stadtteile,округ,Mein Stadtteil ist sehr ruhig.,Мой район очень тихий.,der Stadtteil | Mein Stadtteil ist sehr ruhig.,округ | Мой район очень тихий.,1,21.07.2026,0,0,Kapitel 7_Добро пожаловать в Берлин
17.07.2026,Kap 7_Willkommen in Berlin,"stimmen, er stimmt, gestimmt (Das stimmt.)",-,-,"согласиться, он соглашается, согласился (Это правильно.)","Ja, das stimmt genau.","Да, это совершенно верно.","stimmen, er stimmt, gestimmt (Das stimmt.) | Ja, das stimmt genau.","согласиться, он соглашается, согласился (Это правильно.) | Да, это совершенно верно.",1,21.07.2026,0,0,Kapitel 7_Добро пожаловать в Берлин
17.07.2026,Kap 7_Willkommen in Berlin,vorher,-,-,ранее,Ich habe das vorher nicht gewusst.,Я этого раньше не знал.,vorher | Ich habe das vorher nicht gewusst.,ранее | Я этого раньше не знал.,1,21.07.2026,0,0,Kapitel 7_Добро пожаловать в Берлин
17.07.2026,Kap 7_Willkommen in Berlin,vorne,-,-,спереди,Bitte steigen Sie vorne ein.,"Пожалуйста, входите спереди.",vorne | Bitte steigen Sie vorne ein.,"спереди | Пожалуйста, входите спереди.",1,21.07.2026,0,0,Kapitel 7_Добро пожаловать в Берлин
17.07.2026,Kap 7_Willkommen in Berlin,wohin,-,-,где,Wohin gehst du heute Abend?,Куда ты идешь сегодня вечером?,wohin | Wohin gehst du heute Abend?,где | Куда ты идешь сегодня вечером?,1,21.07.2026,0,0,Kapitel 7_Добро пожаловать в Берлин
17.07.2026,Kap 7_Willkommen in Berlin,Dativ-Form,die,die Dativ-Formen,Дательная форма,Wie lautet die Dativ-Form?,Как звучит форма дательного падежа?,die Dativ-Form | Wie lautet die Dativ-Form?,Дательная форма | Как звучит форма дательного падежа?,1,21.07.2026,0,0,Kapitel 7_Добро пожаловать в Берлин
17.07.2026,Kap 7_Willkommen in Berlin,Gruppe,die,die Gruppen,группа,Unsere Gruppe lernt schnell.,Наша группа учится быстро.,die Gruppe | Unsere Gruppe lernt schnell.,группа | Наша группа учится быстро.,1,21.07.2026,0,0,Kapitel 7_Добро пожаловать в Берлин
17.07.2026,Kap 7_Willkommen in Berlin,mehr (Es ist nicht mehr weit bis zum Kino.),-,-,(До кинотеатра уже недалеко.),Ich möchte nicht mehr essen.,Я больше не хочу есть.,mehr (Es ist nicht mehr weit bis zum Kino.) | Ich möchte nicht mehr essen.,(До кинотеатра уже недалеко.) | Я больше не хочу есть.,1,21.07.2026,0,0,Kapitel 7_Добро пожаловать в Берлин
17.07.2026,Kap 7_Willkommen in Berlin,täglich,-,-,"ежедневно ,",Ich trinke täglich Kaffee.,Я ежедневно пью кофе.,täglich | Ich trinke täglich Kaffee.,"ежедневно , | Я ежедневно пью кофе.",1,21.07.2026,0,0,Kapitel 7_Добро пожаловать в Берлин
17.07.2026,Kap 7_Willkommen in Berlin,Universität,die,die Universitäten,университет,Sie studiert Medizin an der Universität.,Она изучает медицину в университете.,die Universität | Sie studiert Medizin an der Universität.,университет | Она изучает медицину в университете.,1,21.07.2026,0,0,Kapitel 7_Добро пожаловать в Берлин
17.07.2026,Kap 7_Willkommen in Berlin,VW-Käfer,der,die VW-Käfer,VW Beetle,Er fährt einen alten VW-Käfer.,Он водит старый Фольксваген Жук.,der VW-Käfer | Er fährt einen alten VW-Käfer.,VW Beetle | Он водит старый Фольксваген Жук.,1,21.07.2026,0,0,Kapitel 7_Добро пожаловать в Берлин
17.07.2026,Kap 7_Willkommen in Berlin,"weit, weiter, am weitesten",-,-,"далеко, дальше, дальше всех",Mein Haus ist weit weg.,Мой дом далеко.,"weit, weiter, am weitesten | Mein Haus ist weit weg.","далеко, дальше, дальше всех | Мой дом далеко.",1,21.07.2026,0,0,Kapitel 7_Добро пожаловать в Берлин
17.07.2026,Kap 7_Willkommen in Berlin,Kilometer,-,die Kilometer,километр,Der Bahnhof ist einen Kilometer entfernt.,Вокзал находится в одном километре отсюда.,Kilometer | Der Bahnhof ist einen Kilometer entfernt.,километр | Вокзал находится в одном километре отсюда.,1,21.07.2026,0,0,Kapitel 7_Добро пожаловать в Берлин
17.07.2026,Kap 7_Willkommen in Berlin,"Platz, ""-e (Bitte nehmen Sie Platz.)",der,die Plätze,"место, площадь",Bitte nehmen Sie Platz.,"Пожалуйста, садитесь.","der Platz, ""-e (Bitte nehmen Sie Platz.) | Bitte nehmen Sie Platz.","место, площадь | Пожалуйста, садитесь.",1,21.07.2026,0,0,Kapitel 7_Добро пожаловать в Берлин
17.07.2026,Kap 7_Willkommen in Berlin,Station,die,die Stationen,"станция, остановка",Der Zug hält an der nächsten Station.,Поезд останавливается на следующей станции.,die Station | Der Zug hält an der nächsten Station.,"станция, остановка | Поезд останавливается на следующей станции.",1,21.07.2026,0,0,Kapitel 7_Добро пожаловать в Берлин
17.07.2026,Kap 7_Willkommen in Berlin,"wissen, er weiß, gewusst",-,-,знать,Ich weiß das nicht.,Я этого не знаю.,"wissen, er weiß, gewusst | Ich weiß das nicht.",знать | Я этого не знаю.,1,21.07.2026,0,0,Kapitel 7_Добро пожаловать в Берлин
17.07.2026,Kap 7_Willkommen in Berlin,"Zentrum, Zentren",das,die Zentren,"Центр, центры",Wir fahren am Wochenende ins Zentrum.,На выходных мы едем в центр.,"das Zentrum, Zentren | Wir fahren am Wochenende ins Zentrum.","Центр, центры | На выходных мы едем в центр.",1,21.07.2026,0,0,Kapitel 7_Добро пожаловать в Берлин
17.07.2026,Kap 7_Willkommen in Berlin,Anmeldung,-,Sg.,7 регистрация,Die Anmeldung für den Kurs ist hier.,Регистрация на курс здесь.,Anmeldung | Die Anmeldung für den Kurs ist hier.,7 регистрация | Регистрация на курс здесь.,1,21.07.2026,0,0,Kapitel 7_Добро пожаловать в Берлин
17.07.2026,Kap 7_Willkommen in Berlin,Monatskarte,die,die Monatskarten,Месячный абонемент,Ich kaufe mir eine Monatskarte.,Я покупаю себе проездной на месяц.,die Monatskarte | Ich kaufe mir eine Monatskarte.,Месячный абонемент | Я покупаю себе проездной на месяц.,1,21.07.2026,0,0,Kapitel 7_Добро пожаловать в Берлин
17.07.2026,Kap 7_Willkommen in Berlin,"nummerieren, er nummeriert, nummeriert",-,-,"число, он числа, пронумерованные",Bitte nummerieren Sie die Seiten.,"Пожалуйста, пронумеруйте страницы.","nummerieren, er nummeriert, nummeriert | Bitte nummerieren Sie die Seiten.","число, он числа, пронумерованные | Пожалуйста, пронумеруйте страницы.",1,21.07.2026,0,0,Kapitel 7_Добро пожаловать в Берлин
17.07.2026,Kap 7_Willkommen in Berlin,Personalbüro,das,die Personalbüros,отдел кадров,Ich gehe heute in das Personalbüro.,Я иду сегодня в отдел кадров.,das Personalbüro | Ich gehe heute in das Personalbüro.,отдел кадров | Я иду сегодня в отдел кадров.,1,21.07.2026,0,0,Kapitel 7_Добро пожаловать в Берлин
17.07.2026,Kap 7_Willkommen in Berlin,Termin,der,die Termine,встреча,Ich habe morgen einen Termin beim Arzt.,У меня завтра прием у врача.,der Termin | Ich habe morgen einen Termin beim Arzt.,встреча | У меня завтра прием у врача.,1,21.07.2026,0,0,Kapitel 7_Добро пожаловать в Берлин
17.07.2026,Kap 7_Willkommen in Berlin,"P aufhängen, er hängt auf, aufgehängt",-,-,"П повесил трубку, он повесил трубку, повесил трубку",Ich hänge meine Jacke auf.,Я вешаю свою куртку.,"P aufhängen, er hängt auf, aufgehängt | Ich hänge meine Jacke auf.","П повесил трубку, он повесил трубку, повесил трубку | Я вешаю свою куртку.",1,21.07.2026,0,0,Kapitel 7_Добро пожаловать в Берлин
17.07.2026,Kap 7_Willkommen in Berlin,Geldautomat,der,die Geldautomaten,Банкомат,Wo finde ich den nächsten Geldautomat?,Где я могу найти ближайший банкомат?,der Geldautomat | Wo finde ich den nächsten Geldautomat?,Банкомат | Где я могу найти ближайший банкомат?,1,21.07.2026,0,0,Kapitel 7_Добро пожаловать в Берлин
17.07.2026,Kap 7_Willkommen in Berlin,Suchauftrag,der,die Suchaufträge,Порядок поиска,Ich habe einen Suchauftrag für eine Wohnung.,У меня есть заявка на поиск квартиры.,der Suchauftrag | Ich habe einen Suchauftrag für eine Wohnung.,Порядок поиска | У меня есть заявка на поиск квартиры.,1,21.07.2026,0,0,Kapitel 7_Добро пожаловать в Берлин
17.07.2026,Kap 7_Willkommen in Berlin,Verkehrsverbindung,die,die Verkehrsverbindungen,Транспортная связь,Die Verkehrsverbindung ist hier sehr gut.,Транспортное сообщение здесь очень хорошее.,die Verkehrsverbindung | Die Verkehrsverbindung ist hier sehr gut.,Транспортная связь | Транспортное сообщение здесь очень хорошее.,1,21.07.2026,0,0,Kapitel 7_Добро пожаловать в Берлин
17.07.2026,Kap 7_Willkommen in Berlin,"verteilen, er verteilt, verteilt",-,-,"распределяет, он распределяет, распределяет",Der Lehrer verteilt die Arbeitsblätter.,Учитель раздает рабочие листы.,"verteilen, er verteilt, verteilt | Der Lehrer verteilt die Arbeitsblätter.","распределяет, он распределяет, распределяет | Учитель раздает рабочие листы.",1,21.07.2026,0,0,Kapitel 7_Добро пожаловать в Берлин
17.07.2026,Kap 7_Willkommen in Berlin,Ausdruck,-,die Ausdrücke,8 выражение,Das ist ein sehr nützlicher Ausdruck.,Это очень полезное выражение.,Ausdruck | Das ist ein sehr nützlicher Ausdruck.,8 выражение | Это очень полезное выражение.,1,21.07.2026,0,0,Kapitel 7_Добро пожаловать в Берлин
17.07.2026,Kap 7_Willkommen in Berlin,Situation,die,die Situationen,ситуация,Die Situation ist momentan schwierig.,Ситуация сейчас сложная.,die Situation | Die Situation ist momentan schwierig.,ситуация | Ситуация сейчас сложная.,2,29.07.2026,1,1,Kapitel 7_Добро пожаловать в Берлин
17.07.2026,Kap 7_Willkommen in Berlin,"ausfüllen, er füllt aus, ausgefüllt",-,-,"заполнить, он заполняет, заполнил",Bitte füllen Sie dieses Formular aus.,"Пожалуйста, заполните этот формуляр.","ausfüllen, er füllt aus, ausgefüllt | Bitte füllen Sie dieses Formular aus.","заполнить, он заполняет, заполнил | Пожалуйста, заполните этот формуляр.",1,21.07.2026,0,0,Kapitel 7_Добро пожаловать в Берлин
17.07.2026,Kap 7_Willkommen in Berlin,"eröffnen, er eröffnet, eröffnet",-,-,"открыть, он открывает, открыть",Ich möchte ein neues Konto eröffnen.,Я хочу открыть новый счет.,"eröffnen, er eröffnet, eröffnet | Ich möchte ein neues Konto eröffnen.","открыть, он открывает, открыть | Я хочу открыть новый счет.",1,21.07.2026,0,0,Kapitel 7_Добро пожаловать в Берлин
17.07.2026,Kap 7_Willkommen in Berlin,Gehalt,das,die Gehälter,зарплата,Das Gehalt wird am Ende des Monats überwiesen.,Зарплата переводится в конце месяца.,das Gehalt | Das Gehalt wird am Ende des Monats überwiesen.,зарплата | Зарплата переводится в конце месяца.,1,21.07.2026,0,0,Kapitel 7_Добро пожаловать в Берлин
17.07.2026,Kap 7_Willkommen in Berlin,"Girokonto, Girokonten",das,die Girokonten,"Текущий счет, текущие счета",Haben Sie ein Girokonto bei uns?,У вас есть расчетный счет у нас?,"das Girokonto, Girokonten | Haben Sie ein Girokonto bei uns?","Текущий счет, текущие счета | У вас есть расчетный счет у нас?",1,21.07.2026,0,0,Kapitel 7_Добро пожаловать в Берлин
17.07.2026,Kap 7_Willkommen in Berlin,"Konto, Konten",das,die Konten,"Счет, счета",Das Geld ist auf meinem Konto.,Деньги на моем счету.,"das Konto, Konten | Das Geld ist auf meinem Konto.","Счет, счета | Деньги на моем счету.",1,21.07.2026,0,0,Kapitel 7_Добро пожаловать в Берлин
17.07.2026,Kap 7_Willkommen in Berlin,mehrer- (Es gibt mehrere Möglichkeiten.),-,-,несколько- (Есть несколько вариантов.),Es gibt mehrere Gründe dafür.,Для этого есть несколько причин.,mehrer- (Es gibt mehrere Möglichkeiten.) | Es gibt mehrere Gründe dafür.,несколько- (Есть несколько вариантов.) | Для этого есть несколько причин.,1,21.07.2026,0,0,Kapitel 7_Добро пожаловать в Берлин
17.07.2026,Kap 7_Willkommen in Berlin,Möglichkeit,die,die Möglichkeiten,Вариант,"Das ist eine gute Möglichkeit, Deutsch zu üben.",Это хорошая возможность попрактиковаться в немецком.,"die Möglichkeit | Das ist eine gute Möglichkeit, Deutsch zu üben.",Вариант | Это хорошая возможность попрактиковаться в немецком.,1,21.07.2026,0,0,Kapitel 7_Добро пожаловать в Берлин
17.07.2026,Kap 7_Willkommen in Berlin,Personalbogen,der,die Personalbögen,Анкета сотрудника,Füllen Sie bitte den Personalbogen aus.,"Пожалуйста, заполните анкету сотрудника.",der Personalbogen | Füllen Sie bitte den Personalbogen aus.,"Анкета сотрудника | Пожалуйста, заполните анкету сотрудника.",1,21.07.2026,0,0,Kapitel 7_Добро пожаловать в Берлин
17.07.2026,Kap 7_Willkommen in Berlin,Stock,der,Sg.,Этаж,Wir wohnen im dritten Stock.,Мы живем на третьем (четвертом) этаже.,der Stock | Wir wohnen im dritten Stock.,Этаж | Мы живем на третьем (четвертом) этаже.,1,21.07.2026,0,0,Kapitel 7_Добро пожаловать в Берлин
17.07.2026,Kap 7_Willkommen in Berlin,Tarifbereich,der,die Tarifbereiche,Тарифная категория,Für diesen Tarifbereich brauchen Sie ein anderes Ticket.,Для этой тарифной зоны вам нужен другой билет.,der Tarifbereich | Für diesen Tarifbereich brauchen Sie ein anderes Ticket.,Тарифная категория | Для этой тарифной зоны вам нужен другой билет.,1,21.07.2026,0,0,Kapitel 7_Добро пожаловать в Берлин
17.07.2026,Kap 7_Willkommen in Berlin,"überweisen, er überweist, überwiesen",-,-,"переводить, он переводит, переведенный",Ich überweise die Miete heute.,Я перевожу арендную плату сегодня.,"überweisen, er überweist, überwiesen | Ich überweise die Miete heute.","переводить, он переводит, переведенный | Я перевожу арендную плату сегодня.",1,21.07.2026,0,0,Kapitel 7_Добро пожаловать в Берлин
17.07.2026,Kap 7_Willkommen in Berlin,Notiz,die,die Notizen,Заметка,Ich mache mir während des Meetings Notizen.,Я делаю заметки во время встречи.,die Notiz | Ich mache mir während des Meetings Notizen.,Заметка | Я делаю заметки во время встречи.,1,21.07.2026,0,0,Kapitel 7_Добро пожаловать в Берлин
17.07.2026,Kap 7_Willkommen in Berlin,dort,-,-,там,Mein Freund wartet dort auf mich.,Мой друг ждет меня там.,dort | Mein Freund wartet dort auf mich.,там | Мой друг ждет меня там.,1,21.07.2026,0,0,Kapitel 7_Добро пожаловать в Берлин
17.07.2026,Kap 7_Willkommen in Berlin,gegenüber,-,-,напротив,Die Apotheke ist gleich gegenüber.,Аптека прямо напротив.,gegenüber | Die Apotheke ist gleich gegenüber.,напротив | Аптека прямо напротив.,1,21.07.2026,0,0,Kapitel 7_Добро пожаловать в Берлин
17.07.2026,Kap 7_Willkommen in Berlin,"hart, härter, am härtesten",-,-,"твердый, тверже, самый твердый",Dieses Brot ist sehr hart.,Этот хлеб очень твердый.,"hart, härter, am härtesten | Dieses Brot ist sehr hart.","твердый, тверже, самый твердый | Этот хлеб очень твердый.",1,21.07.2026,0,0,Kapitel 7_Добро пожаловать в Берлин
17.07.2026,Kap 7_Willkommen in Berlin,"leidtun, es tut leid, leidgetan",-,-,"сожалеть, жаль, пожалел",Es tut mir wirklich leid.,Мне действительно очень жаль.,"leidtun, es tut leid, leidgetan | Es tut mir wirklich leid.","сожалеть, жаль, пожалел | Мне действительно очень жаль.",1,21.07.2026,0,0,Kapitel 7_Добро пожаловать в Берлин
17.07.2026,Kap 7_Willkommen in Berlin,"weich, weicher, am weichsten (Diese Laute sprechen Sie weich.)",-,-,"мягкий, мягче, самый мягкий (Эти звуки произносите мягко.)",Das Kissen ist sehr weich.,Подушка очень мягкая.,"weich, weicher, am weichsten (Diese Laute sprechen Sie weich.) | Das Kissen ist sehr weich.","мягкий, мягче, самый мягкий (Эти звуки произносите мягко.) | Подушка очень мягкая.",1,21.07.2026,0,0,Kapitel 7_Добро пожаловать в Берлин
17.07.2026,Kap 7_Willkommen in Berlin,Wortpaar,das,die Wortpaare,Пара слов,Suchen Sie das passende Wortpaar.,Найдите подходящую пару слов.,das Wortpaar | Suchen Sie das passende Wortpaar.,Пара слов | Найдите подходящую пару слов.,1,21.07.2026,0,0,Kapitel 7_Добро пожаловать в Берлин
17.07.2026,Kap 7_Willkommen in Berlin,Ausländeramt,-,die Ausländerämter,иммиграционная служба,Ich muss morgen zum Ausländeramt gehen.,Мне нужно завтра пойти в ведомство по делам иностранцев.,Ausländeramt | Ich muss morgen zum Ausländeramt gehen.,иммиграционная служба | Мне нужно завтра пойти в ведомство по делам иностранцев.,1,21.07.2026,0,0,Kapitel 7_Добро пожаловать в Берлин
17.07.2026,Kap 7_Willkommen in Berlin,Kollege,der,die Kollegen,коллега,Mein Kollege hilft mir bei der Arbeit.,Мой коллега помогает мне в работе.,der Kollege | Mein Kollege hilft mir bei der Arbeit.,коллега | Мой коллега помогает мне в работе.,1,21.07.2026,0,0,Kapitel 7_Добро пожаловать в Берлин
17.07.2026,Kap 7_Willkommen in Berlin,Kollegin,die,die Kolleginnen,коллега (женщина),Das ist meine Kollegin Anna.,Это моя коллега Анна.,die Kollegin | Das ist meine Kollegin Anna.,коллега (женщина) | Это моя коллега Анна.,1,21.07.2026,0,0,Kapitel 7_Добро пожаловать в Берлин
17.07.2026,Kap 7_Willkommen in Berlin,Öffnungszeiten,die,Pl.,время работы,Wie sind die Öffnungszeiten von dem Supermarkt?,Какое время работы у супермаркета?,die Öffnungszeiten | Wie sind die Öffnungszeiten von dem Supermarkt?,время работы | Какое время работы у супермаркета?,1,21.07.2026,0,0,Kapitel 7_Добро пожаловать в Берлин
17.07.2026,Kap 7_Willkommen in Berlin,als (Ich bin älter als mein Bruder.),-,-,чем (при сравнении),Ich bin älter als mein Bruder.,"Я старше, чем мой брат.",als (Ich bin älter als mein Bruder.) | Ich bin älter als mein Bruder.,"чем (при сравнении) | Я старше, чем мой брат.",1,21.07.2026,0,0,Kapitel 7_Добро пожаловать в Берлин
17.07.2026,Kap 7_Willkommen in Berlin,Anfang,der,die Anfänge,начало,Das ist der Anfang vom Film.,Это начало фильма.,der Anfang | Das ist der Anfang vom Film.,начало | Это начало фильма.,1,21.07.2026,0,0,Kapitel 7_Добро пожаловать в Берлин
17.07.2026,Kap 7_Willkommen in Berlin,"bequem, bequemer, am bequemsten",-,-,удобный,Das Sofa ist sehr bequem.,Диван очень удобный.,"bequem, bequemer, am bequemsten | Das Sofa ist sehr bequem.",удобный | Диван очень удобный.,1,21.07.2026,0,0,Kapitel 7_Добро пожаловать в Берлин
17.07.2026,Kap 7_Willkommen in Berlin,"berühmt, berühmter, am berühmtesten",-,-,знаменитый,Berlin ist eine berühmte Stadt.,Берлин — знаменитый город.,"berühmt, berühmter, am berühmtesten | Berlin ist eine berühmte Stadt.",знаменитый | Берлин — знаменитый город.,1,21.07.2026,0,0,Kapitel 7_Добро пожаловать в Берлин
17.07.2026,Kap 7_Willkommen in Berlin,Disco,die,die Discos,дискотека,Wir gehen heute in die Disco.,Мы идем сегодня на дискотеку.,die Disco | Wir gehen heute in die Disco.,дискотека | Мы идем сегодня на дискотеку.,1,21.07.2026,0,0,Kapitel 7_Добро пожаловать в Берлин
17.07.2026,Kap 7_Willkommen in Berlin,Fahrrad-Rikscha,die,die Fahrrad-Rikschas,велорикша,Ich fahre mit der Fahrrad-Rikscha durch die Stadt.,Я еду на велорикше по городу.,die Fahrrad-Rikscha | Ich fahre mit der Fahrrad-Rikscha durch die Stadt.,велорикша | Я еду на велорикше по городу.,1,21.07.2026,0,0,Kapitel 7_Добро пожаловать в Берлин
17.07.2026,Kap 7_Willkommen in Berlin,"fantastisch, fantastischer, am fantastischsten",-,-,фантастический,Das Wetter ist heute fantastisch.,Погода сегодня фантастическая.,"fantastisch, fantastischer, am fantastischsten | Das Wetter ist heute fantastisch.",фантастический | Погода сегодня фантастическая.,1,21.07.2026,0,0,Kapitel 7_Добро пожаловать в Берлин
17.07.2026,Kap 7_Willkommen in Berlin,Geschäft,das,die Geschäfte,"магазин, дело",Ich gehe in das Geschäft.,Я иду в магазин.,das Geschäft | Ich gehe in das Geschäft.,"магазин, дело | Я иду в магазин.",1,21.07.2026,0,0,Kapitel 7_Добро пожаловать в Берлин
17.07.2026,Kap 7_Willkommen in Berlin,Geschichte (Die Geschichte von Berlin ist sehr interessant.),die,die Geschichten,"история, рассказ",Ich lese eine Geschichte.,Я читаю рассказ.,die Geschichte (Die Geschichte von Berlin ist sehr interessant.) | Ich lese eine Geschichte.,"история, рассказ | Я читаю рассказ.",1,21.07.2026,0,0,Kapitel 7_Добро пожаловать в Берлин
17.07.2026,Kap 7_Willkommen in Berlin,"hoch, höher, am höchsten",-,-,"высокий, выше, самый высокий",Der Berg ist sehr hoch.,Эта гора очень высокая.,"hoch, höher, am höchsten | Der Berg ist sehr hoch.","высокий, выше, самый высокий | Эта гора очень высокая.",1,21.07.2026,0,0,Kapitel 7_Добро пожаловать в Берлин
17.07.2026,Kap 7_Willkommen in Berlin,"interessant, interessanter, am interessantesten",-,-,интересный,Das Buch ist sehr interessant.,Эта книга очень интересная.,"interessant, interessanter, am interessantesten | Das Buch ist sehr interessant.",интересный | Эта книга очень интересная.,1,21.07.2026,0,0,Kapitel 7_Добро пожаловать в Берлин
17.07.2026,Kap 7_Willkommen in Berlin,Kultur,die,Kulturen,культура,Ich interessiere mich für die deutsche Kultur.,Я интересуюсь немецкой культурой.,die Kultur | Ich interessiere mich für die deutsche Kultur.,культура | Я интересуюсь немецкой культурой.,1,21.07.2026,0,0,Kapitel 7_Добро пожаловать в Берлин
17.07.2026,Kap 7_Willkommen in Berlin,Kulturprogramm,das,die Kulturprogramme,культурная программа,Das Kulturprogramm für heute Abend ist spannend.,Культурная программа на сегодняшний вечер увлекательная.,das Kulturprogramm | Das Kulturprogramm für heute Abend ist spannend.,культурная программа | Культурная программа на сегодняшний вечер увлекательная.,1,21.07.2026,0,0,Kapitel 7_Добро пожаловать в Берлин
17.07.2026,Kap 7_Willkommen in Berlin,"lieb, lieber, am liebsten (Liebe Grüße)",-,-,"дорогой, любимый, охотнее всего",Liebe Grüße von deinem Freund.,С наилучшими пожеланиями от твоего друга.,"lieb, lieber, am liebsten (Liebe Grüße) | Liebe Grüße von deinem Freund.","дорогой, любимый, охотнее всего | С наилучшими пожеланиями от твоего друга.",1,21.07.2026,0,0,Kapitel 7_Добро пожаловать в Берлин
17.07.2026,Kap 7_Willkommen in Berlin,"Mitte, -n (Mitte Mai fährt sie nach Berlin.)",die,Mitten,Митте (Она едет в Берлин в середине мая.),Der Tisch steht in der Mitte des Zimmers.,Стол стоит в центре комнаты.,"die Mitte, -n (Mitte Mai fährt sie nach Berlin.) | Der Tisch steht in der Mitte des Zimmers.",Mitten | Стол стоит в центре комнаты.,1,21.07.2026,0,0,Kapitel 7_Добро пожаловать в Берлин
17.07.2026,Kap 7_Willkommen in Berlin,Natur,die,Sg.,природа,Ich gehe gern in die Natur.,Я люблю ходить на природу.,die Natur | Ich gehe gern in die Natur.,природа | Я люблю ходить на природу.,1,21.07.2026,0,0,Kapitel 7_Добро пожаловать в Берлин
17.07.2026,Kap 7_Willkommen in Berlin,Postkarte,die,Postkarten,открытка,Ich schreibe eine Postkarte aus dem Urlaub.,Я пишу открытку из отпуска.,die Postkarte | Ich schreibe eine Postkarte aus dem Urlaub.,открытка | Я пишу открытку из отпуска.,1,21.07.2026,0,0,Kapitel 7_Добро пожаловать в Берлин
17.07.2026,Kap 7_Willkommen in Berlin,Schiff,das,die Schiffe,Корабль,Das Schiff fährt über den Ozean.,Корабль плывет по океану.,das Schiff | Das Schiff fährt über den Ozean.,Корабль | Корабль плывет по океану.,1,21.07.2026,0,0,Kapitel 7_Добро пожаловать в Берлин
17.07.2026,Kap 7_Willkommen in Berlin,Sehenswürdigkeit,die,die Sehenswürdigkeiten,Достопримечательность,Wir besichtigen heute viele Sehenswürdigkeiten.,Сегодня мы осматриваем много достопримечательностей.,die Sehenswürdigkeit | Wir besichtigen heute viele Sehenswürdigkeiten.,Достопримечательность | Сегодня мы осматриваем много достопримечательностей.,1,21.07.2026,0,0,Kapitel 7_Добро пожаловать в Берлин
17.07.2026,Kap 7_Willkommen in Berlin,Shopping,das,Sg.,Шопинг,Am Samstag gehe ich zum Shopping.,В субботу я иду на шопинг.,das Shopping | Am Samstag gehe ich zum Shopping.,Шопинг | В субботу я иду на шопинг.,1,21.07.2026,0,0,Kapitel 7_Добро пожаловать в Берлин
17.07.2026,Kap 7_Willkommen in Berlin,Stadtmagazin,das,die Stadtmagazine,Городской журнал,Ich lese gerne das lokale Stadtmagazin.,Я люблю читать местный городской журнал.,das Stadtmagazin | Ich lese gerne das lokale Stadtmagazin.,Городской журнал | Я люблю читать местный городской журнал.,1,21.07.2026,0,0,Kapitel 7_Добро пожаловать в Берлин
17.07.2026,Kap 7_Willkommen in Berlin,Strandbar,die,die Strandbars,Пляжный бар,Wir trinken einen Cocktail in der Strandbar.,Мы пьем коктейль в пляжном баре.,die Strandbar | Wir trinken einen Cocktail in der Strandbar.,Пляжный бар | Мы пьем коктейль в пляжном баре.,1,21.07.2026,0,0,Kapitel 7_Добро пожаловать в Берлин
17.07.2026,Kap 7_Willkommen in Berlin,"mehr, am meisten",-,-,"больше, больше всего",Ich habe am meisten Zeit.,У меня больше всего времени.,"mehr, am meisten | Ich habe am meisten Zeit.","больше, больше всего | У меня больше всего времени.",1,21.07.2026,0,0,Kapitel 7_Добро пожаловать в Берлин
17.07.2026,Kap 7_Willkommen in Berlin,Energietechnik,die,die Energietechniken,Энергетика,Er studiert Energietechnik an der Uni.,Он изучает энергетику в университете.,die Energietechnik | Er studiert Energietechnik an der Uni.,Энергетика | Он изучает энергетику в университете.,1,21.07.2026,0,0,Kapitel 7_Добро пожаловать в Берлин
17.07.2026,Kap 7_Willkommen in Berlin,"erleben, er erlebt, erlebt",-,-,"испытать, он испытывает, испытывает",Wir erleben ein großes Abenteuer.,Мы переживаем большое приключение.,"erleben, er erlebt, erlebt | Wir erleben ein großes Abenteuer.","испытать, он испытывает, испытывает | Мы переживаем большое приключение.",1,21.07.2026,0,0,Kapitel 7_Добро пожаловать в Берлин
17.07.2026,Kap 7_Willkommen in Berlin,Ess-Sitte,die,die Ess-Sitten,Традиции питания,Das ist eine alte Ess-Sitte in Deutschland.,Это старая традиция питания в Германии.,die Ess-Sitte | Das ist eine alte Ess-Sitte in Deutschland.,Традиции питания | Это старая традиция питания в Германии.,1,21.07.2026,0,0,Kapitel 7_Добро пожаловать в Берлин
17.07.2026,Kap 7_Willkommen in Berlin,"fremd, fremder, am fremdesten",-,-,"чуждое, более чуждое, самое чуждое",Diese Stadt ist mir völlig fremd.,Этот город мне совершенно чужой.,"fremd, fremder, am fremdesten | Diese Stadt ist mir völlig fremd.","чуждое, более чуждое, самое чуждое | Этот город мне совершенно чужой.",1,21.07.2026,0,0,Kapitel 7_Добро пожаловать в Берлин
17.07.2026,Kap 7_Willkommen in Berlin,Kommunikationstechnik,die,die Kommunikationstechniken,Технологии связи,Die Kommunikationstechnik entwickelt sich schnell.,Технологии связи развиваются быстро.,die Kommunikationstechnik | Die Kommunikationstechnik entwickelt sich schnell.,Технологии связи | Технологии связи развиваются быстро.,1,21.07.2026,0,0,Kapitel 7_Добро пожаловать в Берлин
17.07.2026,Kap 7_Willkommen in Berlin,kulinarisch,-,-,кулинарный,Italien hat viele kulinarische Spezialitäten.,В Италии много кулинарных изысков.,kulinarisch | Italien hat viele kulinarische Spezialitäten.,кулинарный | В Италии много кулинарных изысков.,1,21.07.2026,0,0,Kapitel 7_Добро пожаловать в Берлин
17.07.2026,Kap 7_Willkommen in Berlin,Kulturgeschichte,die,Sg.,Культурная история,Ich interessiere mich für Kulturgeschichte.,Я интересуюсь историей культуры.,die Kulturgeschichte | Ich interessiere mich für Kulturgeschichte.,Культурная история | Я интересуюсь историей культуры.,1,21.07.2026,0,0,Kapitel 7_Добро пожаловать в Берлин
17.07.2026,Kap 7_Willkommen in Berlin,Lokomotivenausstellung,die,die Lokomotivenausstellungen,Выставка локомотивов,Wir besuchen heute die Lokomotivenausstellung.,Сегодня мы посещаем выставку локомотивов.,die Lokomotivenausstellung | Wir besuchen heute die Lokomotivenausstellung.,Выставка локомотивов | Сегодня мы посещаем выставку локомотивов.,1,21.07.2026,0,0,Kapitel 7_Добро пожаловать в Берлин
17.07.2026,Kap 7_Willkommen in Berlin,Luftfahrt,die,Sg.,авиация,Er arbeitet in der Luftfahrt.,Он работает в авиации.,die Luftfahrt | Er arbeitet in der Luftfahrt.,авиация | Он работает в авиации.,1,21.07.2026,0,0,Kapitel 7_Добро пожаловать в Берлин
17.07.2026,Kap 7_Willkommen in Berlin,Produktionstechnik,die,die Produktionstechniken,Технология производства,Produktionstechnik ist sein Fachgebiet.,Технология производства — его специальность.,die Produktionstechnik | Produktionstechnik ist sein Fachgebiet.,Технология производства | Технология производства — его специальность.,1,21.07.2026,0,0,Kapitel 7_Добро пожаловать в Берлин
17.07.2026,Kap 7_Willkommen in Berlin,Quadratmeter (qm),der,die Quadratmeter,квадратные метры (м²),Die Wohnung hat 60 Quadratmeter.,Квартира имеет площадь 60 квадратных метров.,der Quadratmeter (qm) | Die Wohnung hat 60 Quadratmeter.,квадратные метры (м²) | Квартира имеет площадь 60 квадратных метров.,1,21.07.2026,0,0,Kapitel 7_Добро пожаловать в Берлин
17.07.2026,Kap 7_Willkommen in Berlin,Sitte,die,die Sitten,обычай,Das ist eine gute Sitte.,Это хороший обычай.,die Sitte | Das ist eine gute Sitte.,обычай | Это хороший обычай.,1,21.07.2026,0,0,Kapitel 7_Добро пожаловать в Берлин
17.07.2026,Kap 7_Willkommen in Berlin,"sondern (Ich will nicht nur Fleisch essen, sondern auch Gemüse.)",-,-,"Но (я хочу есть не только мясо, но и овощи.)","Ich trinke nicht Kaffee, sondern Tee.","Я пью не кофе, а чай.","sondern (Ich will nicht nur Fleisch essen, sondern auch Gemüse.) | Ich trinke nicht Kaffee, sondern Tee.","Но (я хочу есть не только мясо, но и овощи.) | Я пью не кофе, а чай.",1,21.07.2026,0,0,Kapitel 7_Добро пожаловать в Берлин
17.07.2026,Kap 7_Willkommen in Berlin,"spektakulär, spektakulärer, am spektakulärsten",-,-,"впечатляющий, более впечатляющий, самый впечатляющий",Die Aussicht vom Turm ist spektakulär.,Вид с башни впечатляющий.,"spektakulär, spektakulärer, am spektakulärsten | Die Aussicht vom Turm ist spektakulär.","впечатляющий, более впечатляющий, самый впечатляющий | Вид с башни впечатляющий.",1,21.07.2026,0,0,Kapitel 7_Добро пожаловать в Берлин
17.07.2026,Kap 7_Willkommen in Berlin,Technik,die,die Techniken,Технологии,Die neue Technik ist faszinierend.,Новая техника очаровывает.,die Technik | Die neue Technik ist faszinierend.,Технологии | Новая техника очаровывает.,1,21.07.2026,0,0,Kapitel 7_Добро пожаловать в Берлин
17.07.2026,Kap 7_Willkommen in Berlin,"Technikmuseum, Technikmuseen",das,die Technikmuseen,"Музей техники, Музеи техники",Wir gehen am Wochenende ins Technikmuseum.,На выходных мы идем в технический музей.,"das Technikmuseum, Technikmuseen | Wir gehen am Wochenende ins Technikmuseum.","Музей техники, Музеи техники | На выходных мы идем в технический музей.",1,21.07.2026,0,0,Kapitel 7_Добро пожаловать в Берлин
17.07.2026,Kap 7_Willkommen in Berlin,Tourist,der,die Touristen,турист,Der Tourist fragt nach dem Weg.,Турист спрашивает дорогу.,der Tourist | Der Tourist fragt nach dem Weg.,турист | Турист спрашивает дорогу.,1,21.07.2026,0,0,Kapitel 7_Добро пожаловать в Берлин
17.07.2026,Kap 7_Willkommen in Berlin,Touristin,die,die Touristinnen,туристка,Die Touristin besucht das Museum.,Туристка посещает музей.,die Touristin | Die Touristin besucht das Museum.,туристка | Туристка посещает музей.,1,21.07.2026,0,0,Kapitel 7_Добро пожаловать в Берлин
17.07.2026,Kap 7_Willkommen in Berlin,Verkehr,der,Sg.,Трафик,Der Verkehr in der Stadt ist sehr stark.,Движение в городе очень интенсивное.,der Verkehr | Der Verkehr in der Stadt ist sehr stark.,Трафик | Движение в городе очень интенсивное.,1,21.07.2026,0,0,Kapitel 7_Добро пожаловать в Берлин
17.07.2026,Kap 7_Willkommen in Berlin,vor allem,-,-,прежде всего,Vor allem Gesundheit ist wichtig.,Прежде всего важно здоровье.,vor allem | Vor allem Gesundheit ist wichtig.,прежде всего | Прежде всего важно здоровье.,1,21.07.2026,0,0,Kapitel 7_Добро пожаловать в Берлин
17.07.2026,Kap 7_Willkommen in Berlin,Wahrzeichen,das,die Wahrzeichen,Достопримечательность,Das Brandenburger Tor ist ein Wahrzeichen von Berlin.,Бранденбургские ворота — это символ Берлина.,das Wahrzeichen | Das Brandenburger Tor ist ein Wahrzeichen von Berlin.,Достопримечательность | Бранденбургские ворота — это символ Берлина.,1,21.07.2026,0,0,Kapitel 7_Добро пожаловать в Берлин
17.07.2026,Kap 7_Willkommen in Berlin,"Welt, -en (meist Sg.)",die,die Welten,Мир (в основном в единственном числе),Die Welt ist groß und schön.,Мир велик и прекрасен.,"die Welt, -en (meist Sg.) | Die Welt ist groß und schön.",Мир (в основном в единственном числе) | Мир велик и прекрасен.,1,21.07.2026,0,0,Kapitel 7_Добро пожаловать в Берлин
17.07.2026,Kap 7_Willkommen in Berlin,"wollen, er will, wollen/gewollt",-,-,"хочет, он хочет, хочет/хотел",Ich will unbedingt Deutsch lernen.,Я обязательно хочу выучить немецкий.,"wollen, er will, wollen/gewollt | Ich will unbedingt Deutsch lernen.","хочет, он хочет, хочет/хотел | Я обязательно хочу выучить немецкий.",1,21.07.2026,0,0,Kapitel 7_Добро пожаловать в Берлин
17.07.2026,Kap 7_Willkommen in Berlin,Abfahrt,die,die Abfahrten,отправление,Die Abfahrt des Zuges ist um 8 Uhr.,Отправление поезда в 8 часов.,die Abfahrt | Die Abfahrt des Zuges ist um 8 Uhr.,отправление | Отправление поезда в 8 часов.,1,21.07.2026,0,0,Kapitel 7_Добро пожаловать в Берлин
17.07.2026,Kap 7_Willkommen in Berlin,Bar,die,die Bars,бар (Медведь - ошибка),Wir trinken abends etwas in der Bar.,Вечером мы пьем что-то в баре.,die Bar | Wir trinken abends etwas in der Bar.,бар (Медведь - ошибка) | Вечером мы пьем что-то в баре.,1,21.07.2026,0,0,Kapitel 7_Добро пожаловать в Берлин
17.07.2026,Kap 7_Willkommen in Berlin,"Beispiel , -e (zum Beispiel)",das,die Beispiele,например (например),Kannst du mir ein Beispiel geben?,Ты можешь привести мне пример?,"das Beispiel , -e (zum Beispiel) | Kannst du mir ein Beispiel geben?",например (например) | Ты можешь привести мне пример?,1,21.07.2026,0,0,Kapitel 7_Добро пожаловать в Берлин
17.07.2026,Kap 7_Willkommen in Berlin,"bekannt, bekannter, am bekanntesten",-,-,"известный, более известный, самый знаменитый",Dieser Schauspieler ist sehr bekannt.,Этот актер очень известен.,"bekannt, bekannter, am bekanntesten | Dieser Schauspieler ist sehr bekannt.","известный, более известный, самый знаменитый | Этот актер очень известен.",1,21.07.2026,0,0,Kapitel 7_Добро пожаловать в Берлин
17.07.2026,Kap 7_Willkommen in Berlin,Bundestag,der,Sg.,Бундестаг,Der Bundestag tagt heute in Berlin.,Бундестаг заседает сегодня в Берлине.,der Bundestag | Der Bundestag tagt heute in Berlin.,Бундестаг | Бундестаг заседает сегодня в Берлине.,1,21.07.2026,0,0,Kapitel 7_Добро пожаловать в Берлин
17.07.2026,Kap 7_Willkommen in Berlin,Cocktailpause,die,die Cocktailpausen,Перерыв на коктейль,Wir machen jetzt eine kurze Cocktailpause.,Сейчас мы делаем короткий перерыв на коктейль.,die Cocktailpause | Wir machen jetzt eine kurze Cocktailpause.,Перерыв на коктейль | Сейчас мы делаем короткий перерыв на коктейль.,1,21.07.2026,0,0,Kapitel 7_Добро пожаловать в Берлин
17.07.2026,Kap 7_Willkommen in Berlin,Curry,das,Sg.,карри,Ich esse sehr gern Curry.,Я очень люблю есть карри.,das Curry | Ich esse sehr gern Curry.,карри | Я очень люблю есть карри.,1,21.07.2026,0,0,Kapitel 7_Добро пожаловать в Берлин
17.07.2026,Kap 7_Willkommen in Berlin,Currywurstbude,die,die Currywurstbuden,киоск с карривурстом,Wir treffen uns an der Currywurstbude.,Мы встречаемся у киоска с карривурстом.,die Currywurstbude | Wir treffen uns an der Currywurstbude.,киоск с карривурстом | Мы встречаемся у киоска с карривурстом.,1,21.07.2026,0,0,Kapitel 7_Добро пожаловать в Берлин
17.07.2026,Kap 7_Willkommen in Berlin,dienstags,-,-,Вторники,Dienstags habe ich immer frei.,По вторникам я всегда свободен.,dienstags | Dienstags habe ich immer frei.,Вторники | По вторникам я всегда свободен.,1,21.07.2026,0,0,Kapitel 7_Добро пожаловать в Берлин
17.07.2026,Kap 7_Willkommen in Berlin,donnerstags,-,-,Четверги,Donnerstags gehe ich zum Sport.,По четвергам я хожу на спорт.,donnerstags | Donnerstags gehe ich zum Sport.,Четверги | По четвергам я хожу на спорт.,1,21.07.2026,0,0,Kapitel 7_Добро пожаловать в Берлин
17.07.2026,Kap 7_Willkommen in Berlin,ermäßigt,-,-,"сниженная цена,",Für Studenten ist der Eintritt ermäßigt.,Для студентов вход по сниженной цене.,ermäßigt | Für Studenten ist der Eintritt ermäßigt.,"сниженная цена, | Для студентов вход по сниженной цене.",1,21.07.2026,0,0,Kapitel 7_Добро пожаловать в Берлин
17.07.2026,Kap 7_Willkommen in Berlin,Festival,das,die Festivals,фестиваль,Das Musikfestival findet im Sommer statt.,Музыкальный фестиваль проходит летом.,das Festival | Das Musikfestival findet im Sommer statt.,фестиваль | Музыкальный фестиваль проходит летом.,1,21.07.2026,0,0,Kapitel 7_Добро пожаловать в Берлин
17.07.2026,Kap 7_Willkommen in Berlin,Freie (im Freien),das,Sg.,Бесплатно (на открытом воздухе),Im Sommer sitzen wir gerne im Freien.,Летом мы любим сидеть на свежем воздухе.,das Freie (im Freien) | Im Sommer sitzen wir gerne im Freien.,Бесплатно (на открытом воздухе) | Летом мы любим сидеть на свежем воздухе.,1,21.07.2026,0,0,Kapitel 7_Добро пожаловать в Берлин
17.07.2026,Kap 7_Willkommen in Berlin,historisch,-,-,исторический,Berlin ist eine historische Stadt.,Берлин — исторический город.,historisch | Berlin ist eine historische Stadt.,исторический | Берлин — исторический город.,1,21.07.2026,0,0,Kapitel 7_Добро пожаловать в Берлин
17.07.2026,Kap 7_Willkommen in Berlin,mal,-,-,только,"Schau mal, was ich gefunden habe!","Посмотри-ка, что я нашел!","mal | Schau mal, was ich gefunden habe!","только | Посмотри-ка, что я нашел!",1,21.07.2026,0,0,Kapitel 7_Добро пожаловать в Берлин
17.07.2026,Kap 7_Willkommen in Berlin,Mauer,die,die Mauern,Стена,Die Berliner Mauer ist 1989 gefallen.,Берлинская стена пала в 1989 году.,die Mauer | Die Berliner Mauer ist 1989 gefallen.,Стена | Берлинская стена пала в 1989 году.,1,21.07.2026,0,0,Kapitel 7_Добро пожаловать в Берлин
17.07.2026,Kap 7_Willkommen in Berlin,mittwochs,-,-,Среды,Mittwochs arbeite ich nur halbtags.,По средам я работаю только полдня.,mittwochs | Mittwochs arbeite ich nur halbtags.,Среды | По средам я работаю только полдня.,1,21.07.2026,0,0,Kapitel 7_Добро пожаловать в Берлин
17.07.2026,Kap 7_Willkommen in Berlin,neben (+D.),-,-,рядом с (+D.),Die Bank ist direkt neben der Post.,Банк находится прямо рядом с почтой.,neben (+D.) | Die Bank ist direkt neben der Post.,рядом с (+D.) | Банк находится прямо рядом с почтой.,1,21.07.2026,0,0,Kapitel 7_Добро пожаловать в Берлин
17.07.2026,Kap 7_Willkommen in Berlin,Profi-Händler,der,die Profi-Händler,профессиональный дилер,Er arbeitet als Profi-Händler.,Он работает профессиональным дилером.,der Profi-Händler | Er arbeitet als Profi-Händler.,профессиональный дилер | Он работает профессиональным дилером.,1,21.07.2026,0,0,Kapitel 7_Добро пожаловать в Берлин
17.07.2026,Kap 7_Willkommen in Berlin,Profi-Händlerin,die,die Profi-Händlerinnen,профессиональный трейдер,Sie ist eine erfolgreiche Profi-Händlerin.,Она успешный профессиональный трейдер.,die Profi-Händlerin | Sie ist eine erfolgreiche Profi-Händlerin.,профессиональный трейдер | Она успешный профессиональный трейдер.,1,21.07.2026,0,0,Kapitel 7_Добро пожаловать в Берлин
17.07.2026,Kap 7_Willkommen in Berlin,Salsa-Party,die,die Salsa-Partys,вечеринка сальсы,Gehen wir am Wochenende zur Salsa-Party?,Пойдем на выходных на сальса-вечеринку?,die Salsa-Party | Gehen wir am Wochenende zur Salsa-Party?,вечеринка сальсы | Пойдем на выходных на сальса-вечеринку?,1,21.07.2026,0,0,Kapitel 7_Добро пожаловать в Берлин
17.07.2026,Kap 7_Willkommen in Berlin,Salsa-Unterricht,der,Sg.,Уроки сальсы,Ich nehme jeden Dienstag Salsa-Unterricht.,Я беру уроки сальсы каждый вторник.,der Salsa-Unterricht | Ich nehme jeden Dienstag Salsa-Unterricht.,Уроки сальсы | Я беру уроки сальсы каждый вторник.,1,21.07.2026,0,0,Kapitel 7_Добро пожаловать в Берлин
17.07.2026,Kap 7_Willkommen in Berlin,Sightseeing,das,Sg.,Осмотр достопримечательностей,Wir machen Sightseeing in Berlin.,Мы осматриваем достопримечательности в Берлине.,das Sightseeing | Wir machen Sightseeing in Berlin.,Осмотр достопримечательностей | Мы осматриваем достопримечательности в Берлине.,1,21.07.2026,0,0,Kapitel 7_Добро пожаловать в Берлин
17.07.2026,Kap 7_Willkommen in Berlin,Snack,der,die Snacks,перекус,Ich brauche jetzt einen kleinen Snack.,Мне сейчас нужен небольшой перекус.,der Snack | Ich brauche jetzt einen kleinen Snack.,перекус | Мне сейчас нужен небольшой перекус.,1,21.07.2026,0,0,Kapitel 7_Добро пожаловать в Берлин
17.07.2026,Kap 7_Willkommen in Berlin,"stattfinden, er findet statt, stattgefunden",-,-,"происходит, это происходит, это произошло",Das Konzert findet morgen Abend statt.,Концерт состоится завтра вечером.,"stattfinden, er findet statt, stattgefunden | Das Konzert findet morgen Abend statt.","происходит, это происходит, это произошло | Концерт состоится завтра вечером.",1,21.07.2026,0,0,Kapitel 7_Добро пожаловать в Берлин
17.07.2026,Kap 7_Willkommen in Berlin,Straßencafé,das,die Straßencafés,уличное кафе,Wir trinken Kaffee im Straßencafé.,Мы пьем кофе в уличном кафе.,das Straßencafé | Wir trinken Kaffee im Straßencafé.,уличное кафе | Мы пьем кофе в уличном кафе.,1,21.07.2026,0,0,Kapitel 7_Добро пожаловать в Берлин
17.07.2026,Kap 7_Willkommen in Berlin,Swing,der,Sg.,качать (свинг),Sie tanzen gerne Swing.,Они любят танцевать свинг.,der Swing | Sie tanzen gerne Swing.,качать (свинг) | Они любят танцевать свинг.,1,21.07.2026,0,0,Kapitel 7_Добро пожаловать в Берлин
17.07.2026,Kap 7_Willkommen in Berlin,Tango,der,die Tangos,танго,Er lernt Tango tanzen.,Он учится танцевать танго.,der Tango | Er lernt Tango tanzen.,танго | Он учится танцевать танго.,1,21.07.2026,0,0,Kapitel 7_Добро пожаловать в Берлин
17.07.2026,Kap 7_Willkommen in Berlin,Tanzlehrer,der,die Tanzlehrer,Преподаватель танцев,Unser Tanzlehrer ist sehr geduldig.,Наш преподаватель танцев очень терпеливый.,der Tanzlehrer | Unser Tanzlehrer ist sehr geduldig.,Преподаватель танцев | Наш преподаватель танцев очень терпеливый.,1,21.07.2026,0,0,Kapitel 7_Добро пожаловать в Берлин
17.07.2026,Kap 7_Willkommen in Berlin,Tanzlehrerin,die,die Tanzlehrerinnen,преподаватель танцев,Die Tanzlehrerin zeigt uns die Schritte.,Преподавательница танцев показывает нам шаги.,die Tanzlehrerin | Die Tanzlehrerin zeigt uns die Schritte.,преподаватель танцев | Преподавательница танцев показывает нам шаги.,1,21.07.2026,0,0,Kapitel 7_Добро пожаловать в Берлин
17.07.2026,Kap 7_Willkommen in Berlin,Tanzschiff,das,die Tanzschiffe,Танцевальный корабль,Die Party auf dem Tanzschiff war toll.,Вечеринка на танцевальном корабле была отличной.,das Tanzschiff | Die Party auf dem Tanzschiff war toll.,Танцевальный корабль | Вечеринка на танцевальном корабле была отличной.,1,21.07.2026,0,0,Kapitel 7_Добро пожаловать в Берлин
17.07.2026,Kap 7_Willkommen in Berlin,Tiergarten,der,die Tiergärten,Тиргартен,Wir machen einen Spaziergang im Tiergarten.,Мы прогуливаемся в Тиргартене.,der Tiergarten | Wir machen einen Spaziergang im Tiergarten.,Тиргартен | Мы прогуливаемся в Тиргартене.,1,21.07.2026,0,0,Kapitel 7_Добро пожаловать в Берлин
17.07.2026,Kap 7_Willkommen in Berlin,"wirken, er wirkt, gewirkt",-,-,"действовать, он действует, действовал",Die Tabletten wirken sehr schnell.,Таблетки действуют очень быстро.,"wirken, er wirkt, gewirkt | Die Tabletten wirken sehr schnell.","действовать, он действует, действовал | Таблетки действуют очень быстро.",1,21.07.2026,0,0,Kapitel 7_Добро пожаловать в Берлин
17.07.2026,Kap 7_Willkommen in Berlin,Rikscha,die,die Rikschas,рикша,Wir fahren mit der Rikscha durch die Stadt.,Мы едем на рикше по городу.,die Rikscha | Wir fahren mit der Rikscha durch die Stadt.,рикша | Мы едем на рикше по городу.,1,21.07.2026,0,0,Kapitel 7_Добро пожаловать в Берлин
17.07.2026,Kap 7_Willkommen in Berlin,Superlativ,der,die Superlative,превосходная степень,"Das ist der Superlativ von ""gut"".","Это превосходная степень от ""gut"".","der Superlativ | Das ist der Superlativ von ""gut"".","превосходная степень | Это превосходная степень от ""gut"".",1,21.07.2026,0,0,Kapitel 7_Добро пожаловать в Берлин
17.07.2026,Kap 7_Willkommen in Berlin,Komparativ,der,die Komparative,сравнительный,Verwenden Sie den Komparativ.,Используйте сравнительную степень.,der Komparativ | Verwenden Sie den Komparativ.,сравнительный | Используйте сравнительную степень.,1,21.07.2026,0,0,Kapitel 7_Добро пожаловать в Берлин
17.07.2026,Kap 7_Willkommen in Berlin,Marktplatz,der,die Marktplätze,рынок,Wir treffen uns am Marktplatz.,Мы встречаемся на рыночной площади.,der Marktplatz | Wir treffen uns am Marktplatz.,рынок | Мы встречаемся на рыночной площади.,1,21.07.2026,0,0,Kapitel 7_Добро пожаловать в Берлин
17.07.2026,Kap 7_Willkommen in Berlin,Rathausplatz,der,die Rathausplätze,Площадь перед ратушей,Das Fest findet auf dem Rathausplatz statt.,Праздник проходит на ратушной площади.,der Rathausplatz | Das Fest findet auf dem Rathausplatz statt.,Площадь перед ратушей | Праздник проходит на ратушной площади.,1,21.07.2026,0,0,Kapitel 7_Добро пожаловать в Берлин
17.07.2026,Kap 7_Willkommen in Berlin,Richtung,die,die Richtungen,Направление,In welche Richtung müssen wir gehen?,В каком направлении нам нужно идти?,die Richtung | In welche Richtung müssen wir gehen?,Направление | В каком направлении нам нужно идти?,1,21.07.2026,0,0,Kapitel 7_Добро пожаловать в Берлин
17.07.2026,Kap 7_Willkommen in Berlin,"abholen, er holt ab, abgeholt",-,-,"поднять, он поднимает, поднял",Ich hole dich um acht Uhr ab.,Я заберу тебя в восемь часов.,"abholen, er holt ab, abgeholt | Ich hole dich um acht Uhr ab.","поднять, он поднимает, поднял | Я заберу тебя в восемь часов.",1,21.07.2026,0,0,Kapitel 7_Добро пожаловать в Берлин
17.07.2026,Kap 7_Willkommen in Berlin,Ausweis,der,die Ausweise,ИДЕНТИФИКАТОР,Zeigen Sie mir bitte Ihren Ausweis.,"Покажите мне, пожалуйста, ваше удостоверение.",der Ausweis | Zeigen Sie mir bitte Ihren Ausweis.,"ИДЕНТИФИКАТОР | Покажите мне, пожалуйста, ваше удостоверение.",1,21.07.2026,0,0,Kapitel 7_Добро пожаловать в Берлин
17.07.2026,Kap 7_Willkommen in Berlin,Bahn,die,die Bahnen,Тренироваться (железная дорога),Wir fahren lieber mit der Bahn.,Мы предпочитаем ехать на поезде.,die Bahn | Wir fahren lieber mit der Bahn.,Тренироваться (железная дорога) | Мы предпочитаем ехать на поезде.,1,21.07.2026,0,0,Kapitel 7_Добро пожаловать в Берлин
17.07.2026,Kap 7_Willkommen in Berlin,Formular,das,die Formulare,Форма,Bitte füllen Sie dieses Formular aus.,"Пожалуйста, заполните этот формуляр.",das Formular | Bitte füllen Sie dieses Formular aus.,"Форма | Пожалуйста, заполните этот формуляр.",1,21.07.2026,0,0,Kapitel 7_Добро пожаловать в Берлин
17.07.2026,Kap 7_Willkommen in Berlin,Pass,der,die Pässe,Паспорт,Ich habe meinen Pass vergessen.,Я забыл свой паспорт.,der Pass | Ich habe meinen Pass vergessen.,Паспорт | Я забыл свой паспорт.,1,21.07.2026,0,0,Kapitel 7_Добро пожаловать в Берлин
17.07.2026,Kap 7_Willkommen in Berlin,Passnummer,die,die Passnummern,номер паспорта,Tragen Sie hier Ihre Passnummer ein.,Впишите сюда номер вашего паспорта.,die Passnummer | Tragen Sie hier Ihre Passnummer ein.,номер паспорта | Впишите сюда номер вашего паспорта.,1,21.07.2026,0,0,Kapitel 7_Добро пожаловать в Берлин
17.07.2026,Kap 7_Willkommen in Berlin,Personalien,die,Pl.,Персональные данные,Die Polizei kontrolliert die Personalien.,Полиция проверяет личные данные.,die Personalien | Die Polizei kontrolliert die Personalien.,Персональные данные | Полиция проверяет личные данные.,1,21.07.2026,0,0,Kapitel 7_Добро пожаловать в Берлин
17.07.2026,Kap 7_Willkommen in Berlin,Zone,die,die Zonen,Зона,Wir befinden uns in einer grünen Zone.,Мы находимся в зеленой зоне.,die Zone | Wir befinden uns in einer grünen Zone.,Зона | Мы находимся в зеленой зоне.,1,21.07.2026,0,0,Kapitel 7_Добро пожаловать в Берлин
17.07.2026,Kap 7_Willkommen in Berlin,Plural,der,die Plurale,Множественное число,"Wie lautet der Plural von ""Buch""?","Как звучит множественное число от ""Buch""?","der Plural | Wie lautet der Plural von ""Buch""?","Множественное число | Как звучит множественное число от ""Buch""?",1,21.07.2026,0,0,Kapitel 7_Добро пожаловать в Берлин
17.07.2026,Kap 7_Willkommen in Berlin,"Stadtzentrum, Stadtzentren",das,die Stadtzentren,"Центр города, центры городов",Unser Hotel liegt direkt im Stadtzentrum.,Наш отель находится прямо в центре города.,"das Stadtzentrum, Stadtzentren | Unser Hotel liegt direkt im Stadtzentrum.","Центр города, центры городов | Наш отель находится прямо в центре города.",1,21.07.2026,0,0,Kapitel 7_Добро пожаловать в Берлин
17.07.2026,Kap 7_Willkommen in Berlin,Imperativsatz,der,die Imperativsätze,Повелительное предложение,Bilden Sie einen Imperativsatz.,Образуйте повелительное предложение.,der Imperativsatz | Bilden Sie einen Imperativsatz.,Повелительное предложение | Образуйте повелительное предложение.,1,21.07.2026,0,0,Kapitel 7_Добро пожаловать в Берлин
17.07.2026,Kap 7_Willkommen in Berlin,Silbenende,das,die Silbenenden,Окончание слога,Achten Sie auf die Aussprache am Silbenende.,Обратите внимание на произношение в конце слога.,das Silbenende | Achten Sie auf die Aussprache am Silbenende.,Окончание слога | Обратите внимание на произношение в конце слога.,1,21.07.2026,0,0,Kapitel 7_Добро пожаловать в Берлин
17.07.2026,"Kap 8_Zimmer, Küche, Bad",Kapitel 8_Поиск квартиры,-,Kapitel,глава,Ich lese Kapitel 8.,Я читаю восьмую главу.,Kapitel 8_Поиск квартиры | Ich lese Kapitel 8.,глава | Я читаю восьмую главу.,1,21.07.2026,0,0,Kapitel 8_Поиск квартиры
17.07.2026,"Kap 8_Zimmer, Küche, Bad",plus,-,-,плюс,Fünf plus drei ist acht.,Пять плюс три равно восемь.,plus | Fünf plus drei ist acht.,плюс | Пять плюс три равно восемь.,1,21.07.2026,0,0,Kapitel 8_Поиск квартиры
17.07.2026,"Kap 8_Zimmer, Küche, Bad",WC,das,die WCs,туалет,"Wo ist das WC, bitte?","Где находится туалет, пожалуйста?","das WC | Wo ist das WC, bitte?","туалет | Где находится туалет, пожалуйста?",1,21.07.2026,0,0,Kapitel 8_Поиск квартиры
17.07.2026,"Kap 8_Zimmer, Küche, Bad",Altbau,-,die Altbauten,старое здание,Ich wohne in einem schönen Altbau.,Я живу в красивом старом здании.,Altbau | Ich wohne in einem schönen Altbau.,старое здание | Я живу в красивом старом здании.,1,21.07.2026,0,0,Kapitel 8_Поиск квартиры
17.07.2026,"Kap 8_Zimmer, Küche, Bad",Apartment,das,die Apartments,квартира,Ich miete ein kleines Apartment.,Я снимаю маленькую квартиру.,das Apartment | Ich miete ein kleines Apartment.,квартира | Я снимаю маленькую квартиру.,1,21.07.2026,0,0,Kapitel 8_Поиск квартиры
17.07.2026,"Kap 8_Zimmer, Küche, Bad","ausdrücken, er drückt aus, ausgedrückt",-,-,выражать,Ich kann meine Gefühle nicht ausdrücken.,Я не могу выразить свои чувства.,"ausdrücken, er drückt aus, ausgedrückt | Ich kann meine Gefühle nicht ausdrücken.",выражать | Я не могу выразить свои чувства.,1,21.07.2026,0,0,Kapitel 8_Поиск квартиры
17.07.2026,"Kap 8_Zimmer, Küche, Bad",Badewanne,die,die Badewannen,ванна,Ich nehme ein Bad in der Badewanne.,Я принимаю ванну.,die Badewanne | Ich nehme ein Bad in der Badewanne.,ванна | Я принимаю ванну.,1,21.07.2026,0,0,Kapitel 8_Поиск квартиры
17.07.2026,"Kap 8_Zimmer, Küche, Bad",Diele,die,die Dielen,"прихожая, коридор",Meine Jacke hängt in der Diele.,Моя куртка висит в прихожей.,die Diele | Meine Jacke hängt in der Diele.,"прихожая, коридор | Моя куртка висит в прихожей.",1,21.07.2026,0,0,Kapitel 8_Поиск квартиры
17.07.2026,"Kap 8_Zimmer, Küche, Bad","informieren (sich), er informiert sich, hat sich informiert",-,-,"информироваться, узнавать (информацию)",Ich informiere mich über den Deutschkurs.,Я узнаю информацию о курсе немецкого языка.,"informieren (sich), er informiert sich, hat sich informiert | Ich informiere mich über den Deutschkurs.","информироваться, узнавать (информацию) | Я узнаю информацию о курсе немецкого языка.",1,21.07.2026,0,0,Kapitel 8_Поиск квартиры
17.07.2026,"Kap 8_Zimmer, Küche, Bad","klären, er klärt, geklärt",-,-,"уточняет, он уточняет, уточняет",Wir müssen diese Frage noch klären.,Нам еще нужно прояснить этот вопрос.,"klären, er klärt, geklärt | Wir müssen diese Frage noch klären.","уточняет, он уточняет, уточняет | Нам еще нужно прояснить этот вопрос.",1,21.07.2026,0,0,Kapitel 8_Поиск квартиры
17.07.2026,"Kap 8_Zimmer, Küche, Bad",Obergeschoss,das,die Obergeschosse,Верхний этаж,Das Schlafzimmer befindet sich im Obergeschoss.,Спальня находится на верхнем этаже.,das Obergeschoss | Das Schlafzimmer befindet sich im Obergeschoss.,Верхний этаж | Спальня находится на верхнем этаже.,1,21.07.2026,0,0,Kapitel 8_Поиск квартиры
17.07.2026,"Kap 8_Zimmer, Küche, Bad",separat,-,-,"отдельно,",Die Toilette ist separat.,Туалет отдельный.,separat | Die Toilette ist separat.,"отдельно, | Туалет отдельный.",1,21.07.2026,0,0,Kapitel 8_Поиск квартиры
17.07.2026,"Kap 8_Zimmer, Küche, Bad",Wohnungssuche,die,die Wohnungssuchen,Поиск квартиры,Die Wohnungssuche in München ist schwierig.,Поиск квартиры в Мюнхене — это сложно.,die Wohnungssuche | Die Wohnungssuche in München ist schwierig.,Поиск квартиры | Поиск квартиры в Мюнхене — это сложно.,1,21.07.2026,0,0,Kapitel 8_Поиск квартиры
17.07.2026,"Kap 8_Zimmer, Küche, Bad",Wunsch,der,die Wünsche,Пожелания,Haben Sie noch einen Wunsch?,У вас есть еще какое-нибудь желание?,der Wunsch | Haben Sie noch einen Wunsch?,Пожелания | У вас есть еще какое-нибудь желание?,1,21.07.2026,0,0,Kapitel 8_Поиск квартиры
17.07.2026,"Kap 8_Zimmer, Küche, Bad",Abkürzung,die,die Abkürzungen,аббревиатура,"""Lkw"" ist eine Abkürzung für Lastkraftwagen.","""Lkw"" — это сокращение от грузового автомобиля.","die Abkürzung | ""Lkw"" ist eine Abkürzung für Lastkraftwagen.","аббревиатура | ""Lkw"" — это сокращение от грузового автомобиля.",1,21.07.2026,0,0,Kapitel 8_Поиск квартиры
17.07.2026,"Kap 8_Zimmer, Küche, Bad",Etage,die,die Etagen,пол (этаж),Wir wohnen in der zweiten Etage.,Мы живем на втором (третьем) этаже.,die Etage | Wir wohnen in der zweiten Etage.,пол (этаж) | Мы живем на втором (третьем) этаже.,1,21.07.2026,0,0,Kapitel 8_Поиск квартиры
17.07.2026,"Kap 8_Zimmer, Küche, Bad","hell, heller, am hellsten",-,-,"яркий, ярче, самый яркий",Unser neues Wohnzimmer ist sehr hell.,Наша новая гостиная очень светлая.,"hell, heller, am hellsten | Unser neues Wohnzimmer ist sehr hell.","яркий, ярче, самый яркий | Наша новая гостиная очень светлая.",1,21.07.2026,0,0,Kapitel 8_Поиск квартиры
17.07.2026,"Kap 8_Zimmer, Küche, Bad",Kabel-TV,das,Sg.,Кабельное телевидение,Die Wohnung hat einen Anschluss für Kabel-TV.,В квартире есть подключение к кабельному телевидению.,das Kabel-TV | Die Wohnung hat einen Anschluss für Kabel-TV.,Кабельное телевидение | В квартире есть подключение к кабельному телевидению.,1,21.07.2026,0,0,Kapitel 8_Поиск квартиры
17.07.2026,"Kap 8_Zimmer, Küche, Bad",Miete,die,die Mieten,Арендовать (арендная плата),Die Miete für diese Wohnung ist hoch.,Арендная плата за эту квартиру высокая.,die Miete | Die Miete für diese Wohnung ist hoch.,Арендовать (арендная плата) | Арендная плата за эту квартиру высокая.,1,21.07.2026,0,0,Kapitel 8_Поиск квартиры
17.07.2026,"Kap 8_Zimmer, Küche, Bad","ruhig, ruhiger, am ruhigsten",-,-,"спокойный, ещё спокойнее, самый спокойный",Die Straße ist abends sehr ruhig.,Улица вечером очень тихая.,"ruhig, ruhiger, am ruhigsten | Die Straße ist abends sehr ruhig.","спокойный, ещё спокойнее, самый спокойный | Улица вечером очень тихая.",1,21.07.2026,0,0,Kapitel 8_Поиск квартиры
17.07.2026,"Kap 8_Zimmer, Küche, Bad",Zeitraum,der,die Zeiträume,период,In diesem Zeitraum bin ich nicht erreichbar.,В этот период я недоступен.,der Zeitraum | In diesem Zeitraum bin ich nicht erreichbar.,период | В этот период я недоступен.,1,21.07.2026,0,0,Kapitel 8_Поиск квартиры
17.07.2026,"Kap 8_Zimmer, Küche, Bad",Stichwort,das,die Stichwörter,ключевое слово,Notieren Sie sich ein Stichwort dazu.,Запишите к этому ключевое слово.,das Stichwort | Notieren Sie sich ein Stichwort dazu.,ключевое слово | Запишите к этому ключевое слово.,1,21.07.2026,0,0,Kapitel 8_Поиск квартиры
17.07.2026,"Kap 8_Zimmer, Küche, Bad",Wohnsituation,-,die Wohnsituationen,3. Жилищная ситуация,Wie ist Ihre Wohnsituation?,Какова ваша жилищная ситуация?,Wohnsituation | Wie ist Ihre Wohnsituation?,3. Жилищная ситуация | Какова ваша жилищная ситуация?,1,21.07.2026,0,0,Kapitel 8_Поиск квартиры
17.07.2026,"Kap 8_Zimmer, Küche, Bad",Arbeitsplatz,der,die Arbeitsplätze,рабочее место,Mein Arbeitsplatz ist sehr modern.,Мое рабочее место очень современное.,der Arbeitsplatz | Mein Arbeitsplatz ist sehr modern.,рабочее место | Мое рабочее место очень современное.,1,21.07.2026,0,0,Kapitel 8_Поиск квартиры
17.07.2026,"Kap 8_Zimmer, Küche, Bad",Sportmöglichkeit,die,die Sportmöglichkeiten,Спортивные сооружения,Es gibt hier viele Sportmöglichkeiten.,Здесь есть много возможностей для занятий спортом.,die Sportmöglichkeit | Es gibt hier viele Sportmöglichkeiten.,Спортивные сооружения | Здесь есть много возможностей для занятий спортом.,1,21.07.2026,0,0,Kapitel 8_Поиск квартиры
17.07.2026,"Kap 8_Zimmer, Küche, Bad",Terrasse,die,die Terrassen,терраса,Wir frühstücken auf der Terrasse.,Мы завтракаем на террасе.,die Terrasse | Wir frühstücken auf der Terrasse.,терраса | Мы завтракаем на террасе.,1,21.07.2026,0,0,Kapitel 8_Поиск квартиры
17.07.2026,"Kap 8_Zimmer, Küche, Bad",Partner,der,die Partner,партнер,Mein Partner arbeitet in einer Bank.,Мой партнер работает в банке.,der Partner | Mein Partner arbeitet in einer Bank.,партнер | Мой партнер работает в банке.,1,21.07.2026,0,0,Kapitel 8_Поиск квартиры
17.07.2026,"Kap 8_Zimmer, Küche, Bad",Partnerin,die,die Partnerinnen,партнер,Meine Partnerin ist Lehrerin.,Моя партнерша — учительница.,die Partnerin | Meine Partnerin ist Lehrerin.,партнер | Моя партнерша — учительница.,1,21.07.2026,0,0,Kapitel 8_Поиск квартиры
17.07.2026,"Kap 8_Zimmer, Küche, Bad",Baby,-,die Babys,4 младенца,Das Baby schläft.,Младенец спит.,Baby | Das Baby schläft.,4 младенца | Младенец спит.,1,21.07.2026,0,0,Kapitel 8_Поиск квартиры
17.07.2026,"Kap 8_Zimmer, Küche, Bad",Babysitter,der,die Babysitter,няня,Wir brauchen einen Babysitter für heute Abend.,Нам нужна няня на сегодняшний вечер.,der Babysitter | Wir brauchen einen Babysitter für heute Abend.,няня | Нам нужна няня на сегодняшний вечер.,1,21.07.2026,0,0,Kapitel 8_Поиск квартиры
17.07.2026,"Kap 8_Zimmer, Küche, Bad",Babysitterin,die,die Babysitterinnen,няня,Die Babysitterin spielt mit den Kindern.,Няня играет с детьми.,die Babysitterin | Die Babysitterin spielt mit den Kindern.,няня | Няня играет с детьми.,1,21.07.2026,0,0,Kapitel 8_Поиск квартиры
17.07.2026,"Kap 8_Zimmer, Küche, Bad","betreuen, er betreut, betreut",-,-,"заботиться, он заботится, заботится",Sie betreut die Kinder am Nachmittag.,Она заботится о детях во второй половине дня.,"betreuen, er betreut, betreut | Sie betreut die Kinder am Nachmittag.","заботиться, он заботится, заботится | Она заботится о детях во второй половине дня.",1,21.07.2026,0,0,Kapitel 8_Поиск квартиры
17.07.2026,"Kap 8_Zimmer, Küche, Bad","denn (Wir brauchen eine 4-Zimmer-Wohnung, denn wir haben drei Kinder.)",-,-,"(Нам нужна четырехкомнатная квартира, потому что у нас трое детей.)","Wir bleiben zu Hause, denn es regnet.","Мы остаемся дома, потому что идет дождь.","denn (Wir brauchen eine 4-Zimmer-Wohnung, denn wir haben drei Kinder.) | Wir bleiben zu Hause, denn es regnet.","(Нам нужна четырехкомнатная квартира, потому что у нас трое детей.) | Мы остаемся дома, потому что идет дождь.",1,21.07.2026,0,0,Kapitel 8_Поиск квартиры
17.07.2026,"Kap 8_Zimmer, Küche, Bad",Ingenieurin,die,die Ingenieurinnen,инженер,Sie arbeitet als Ingenieurin.,Она работает инженером.,die Ingenieurin | Sie arbeitet als Ingenieurin.,инженер | Она работает инженером.,1,21.07.2026,0,0,Kapitel 8_Поиск квартиры
17.07.2026,"Kap 8_Zimmer, Küche, Bad",Italiener,der,die Italiener,итальянский,Er ist Italiener.,Он итальянец.,der Italiener | Er ist Italiener.,итальянский | Он итальянец.,1,21.07.2026,0,0,Kapitel 8_Поиск квартиры
17.07.2026,"Kap 8_Zimmer, Küche, Bad",Italienerin,die,die Italienerinnen,итальянка,Maria ist Italienerin.,Мария — итальянка.,die Italienerin | Maria ist Italienerin.,итальянка | Мария — итальянка.,1,21.07.2026,0,0,Kapitel 8_Поиск квартиры
17.07.2026,"Kap 8_Zimmer, Küche, Bad",Kindergruppe,die,die Kindergruppen,Детская группа,Die Kindergruppe geht in den Zoo.,Детская группа идет в зоопарк.,die Kindergruppe | Die Kindergruppe geht in den Zoo.,Детская группа | Детская группа идет в зоопарк.,1,21.07.2026,0,0,Kapitel 8_Поиск квартиры
17.07.2026,"Kap 8_Zimmer, Küche, Bad","mieten, er mietet, gemietet",-,-,"аренда, он арендует, арендованный",Wir mieten eine Wohnung.,Мы снимаем квартиру.,"mieten, er mietet, gemietet | Wir mieten eine Wohnung.","аренда, он арендует, арендованный | Мы снимаем квартиру.",1,21.07.2026,0,0,Kapitel 8_Поиск квартиры
17.07.2026,"Kap 8_Zimmer, Küche, Bad",netto,-,-,сеть,Ich verdiene 2000 Euro netto.,Я зарабатываю 2000 евро чистыми.,netto | Ich verdiene 2000 Euro netto.,сеть | Я зарабатываю 2000 евро чистыми.,1,21.07.2026,0,0,Kapitel 8_Поиск квартиры
17.07.2026,"Kap 8_Zimmer, Küche, Bad",pro,-,-,за,Das kostet 10 Euro pro Person.,Это стоит 10 евро на человека.,pro | Das kostet 10 Euro pro Person.,за | Это стоит 10 евро на человека.,1,21.07.2026,0,0,Kapitel 8_Поиск квартиры
17.07.2026,"Kap 8_Zimmer, Küche, Bad",Taxifahrer,der,die Taxifahrer,таксист,Der Taxifahrer kennt den Weg.,Таксист знает дорогу.,der Taxifahrer | Der Taxifahrer kennt den Weg.,таксист | Таксист знает дорогу.,1,21.07.2026,0,0,Kapitel 8_Поиск квартиры
17.07.2026,"Kap 8_Zimmer, Küche, Bad",Taxifahrerin,die,die Taxifahrerinnen,женщина-водитель такси,Die Taxifahrerin ist sehr freundlich.,Женщина-таксист очень приветлива.,die Taxifahrerin | Die Taxifahrerin ist sehr freundlich.,женщина-водитель такси | Женщина-таксист очень приветлива.,1,21.07.2026,0,0,Kapitel 8_Поиск квартиры
17.07.2026,"Kap 8_Zimmer, Küche, Bad",Toningenieur,der,die Toningenieure,звукоинженер,Er arbeitet als Toningenieur.,Он работает звукоинженером.,der Toningenieur | Er arbeitet als Toningenieur.,звукоинженер | Он работает звукоинженером.,1,21.07.2026,0,0,Kapitel 8_Поиск квартиры
17.07.2026,"Kap 8_Zimmer, Küche, Bad",Toningenieurin,die,die Toningenieurinnen,звукоинженер,Sie ist Toningenieurin von Beruf.,Она по профессии звукоинженер.,die Toningenieurin | Sie ist Toningenieurin von Beruf.,звукоинженер | Она по профессии звукоинженер.,1,21.07.2026,0,0,Kapitel 8_Поиск квартиры
17.07.2026,"Kap 8_Zimmer, Küche, Bad","umziehen, er zieht um, ist umgezogen",-,-,"двигаться, он движется, он двинулся",Wir ziehen nächsten Monat um.,Мы переезжаем в следующем месяце.,"umziehen, er zieht um, ist umgezogen | Wir ziehen nächsten Monat um.","двигаться, он движется, он двинулся | Мы переезжаем в следующем месяце.",1,21.07.2026,0,0,Kapitel 8_Поиск квартиры
17.07.2026,"Kap 8_Zimmer, Küche, Bad","unterrichten, er unterrichtet, unterrichtet",-,-,преподавать,Er unterrichtet Deutsch.,Он преподает немецкий язык.,"unterrichten, er unterrichtet, unterrichtet | Er unterrichtet Deutsch.",преподавать | Он преподает немецкий язык.,1,21.07.2026,0,0,Kapitel 8_Поиск квартиры
17.07.2026,"Kap 8_Zimmer, Küche, Bad","verdienen verdient, verdient",-,-,"заработано, заработано",Wie viel verdienst du?,Сколько ты зарабатываешь?,"verdienen verdient, verdient | Wie viel verdienst du?","заработано, заработано | Сколько ты зарабатываешь?",1,21.07.2026,0,0,Kapitel 8_Поиск квартиры
17.07.2026,"Kap 8_Zimmer, Küche, Bad",zurzeit,-,-,в настоящее время,Ich habe zurzeit keinen Job.,В настоящее время у меня нет работы.,zurzeit | Ich habe zurzeit keinen Job.,в настоящее время | В настоящее время у меня нет работы.,1,21.07.2026,0,0,Kapitel 8_Поиск квартиры
17.07.2026,"Kap 8_Zimmer, Küche, Bad",zweimal,-,-,дважды,Ich trainiere zweimal pro Woche.,Я тренируюсь дважды в неделю.,zweimal | Ich trainiere zweimal pro Woche.,дважды | Я тренируюсь дважды в неделю.,1,21.07.2026,0,0,Kapitel 8_Поиск квартиры
17.07.2026,"Kap 8_Zimmer, Küche, Bad",dazu,-,-,кроме того,Ich trinke Kaffee und esse ein Stück Kuchen dazu.,Я пью кофе и ем к нему кусок пирога.,dazu | Ich trinke Kaffee und esse ein Stück Kuchen dazu.,кроме того | Я пью кофе и ем к нему кусок пирога.,1,21.07.2026,0,0,Kapitel 8_Поиск квартиры
17.07.2026,"Kap 8_Zimmer, Küche, Bad",etwa,-,-,примерно,Das dauert etwa eine Stunde.,Это займет примерно один час.,etwa | Das dauert etwa eine Stunde.,примерно | Это займет примерно один час.,1,21.07.2026,0,0,Kapitel 8_Поиск квартиры
17.07.2026,"Kap 8_Zimmer, Küche, Bad","ideal, idealer, am idealsten",-,-,"идеальный, более идеальный, самый идеальный",Das Wetter ist ideal für einen Ausflug.,Погода идеальна для экскурсии.,"ideal, idealer, am idealsten | Das Wetter ist ideal für einen Ausflug.","идеальный, более идеальный, самый идеальный | Погода идеальна для экскурсии.",1,21.07.2026,0,0,Kapitel 8_Поиск квартиры
17.07.2026,"Kap 8_Zimmer, Küche, Bad",Modalverb,-,die Modalverben,5. модальный глагол,"""Können"" ist ein Modalverb.","""Können"" — это модальный глагол.","Modalverb | ""Können"" ist ein Modalverb.","5. модальный глагол | ""Können"" — это модальный глагол.",1,21.07.2026,0,0,Kapitel 8_Поиск квартиры
17.07.2026,"Kap 8_Zimmer, Küche, Bad",weiter,-,-,дальше-,Bitte lesen Sie weiter.,"Пожалуйста, читайте дальше.",weiter | Bitte lesen Sie weiter.,"дальше- | Пожалуйста, читайте дальше.",1,21.07.2026,0,0,Kapitel 8_Поиск квартиры
17.07.2026,"Kap 8_Zimmer, Küche, Bad","bezahlen, er bezahlt, bezahlt",-,-,"платит, платит, платит",Ich bezahle die Rechnung.,Я оплачиваю счет.,"bezahlen, er bezahlt, bezahlt | Ich bezahle die Rechnung.","платит, платит, платит | Я оплачиваю счет.",1,21.07.2026,0,0,Kapitel 8_Поиск квартиры
17.07.2026,"Kap 8_Zimmer, Küche, Bad","mitbenutzen, er benutzt mit, mitbenutzt",-,-,"использовать вместе, он использует вместе, использует вместе",Sie können die Küche mitbenutzen.,Вы можете совместно пользоваться кухней.,"mitbenutzen, er benutzt mit, mitbenutzt | Sie können die Küche mitbenutzen.","использовать вместе, он использует вместе, использует вместе | Вы можете совместно пользоваться кухней.",1,21.07.2026,0,0,Kapitel 8_Поиск квартиры
17.07.2026,"Kap 8_Zimmer, Küche, Bad","abstellen, er stellt ab, abgestellt",-,-,"выключить, он выключает, выключен",Bitte stellen Sie den Motor ab.,"Пожалуйста, заглушите мотор.","abstellen, er stellt ab, abgestellt | Bitte stellen Sie den Motor ab.","выключить, он выключает, выключен | Пожалуйста, заглушите мотор.",1,21.07.2026,0,0,Kapitel 8_Поиск квартиры
17.07.2026,"Kap 8_Zimmer, Küche, Bad","einziehen, er zieht ein, ist eingezogen",-,-,"въезжает, он въезжает, уже въехал",Wir ziehen morgen in die neue Wohnung ein.,Завтра мы въезжаем в новую квартиру.,"einziehen, er zieht ein, ist eingezogen | Wir ziehen morgen in die neue Wohnung ein.","въезжает, он въезжает, уже въехал | Завтра мы въезжаем в новую квартиру.",1,21.07.2026,0,0,Kapitel 8_Поиск квартиры
17.07.2026,"Kap 8_Zimmer, Küche, Bad",Hof,der,die Höfe,Двор,Die Kinder spielen im Hof.,Дети играют во дворе.,der Hof | Die Kinder spielen im Hof.,Двор | Дети играют во дворе.,1,21.07.2026,0,0,Kapitel 8_Поиск квартиры
17.07.2026,"Kap 8_Zimmer, Küche, Bad","installieren, er installiert, installiert",-,-,"установить, он устанавливает, устанавливает",Ich installiere das Programm.,Я устанавливаю программу.,"installieren, er installiert, installiert | Ich installiere das Programm.","установить, он устанавливает, устанавливает | Я устанавливаю программу.",1,21.07.2026,0,0,Kapitel 8_Поиск квартиры
17.07.2026,"Kap 8_Zimmer, Küche, Bad",Kabelanschluss,der,die Kabelanschlüsse,кабельное соединение,Die Wohnung hat einen Kabelanschluss.,В квартире есть кабельное подключение.,der Kabelanschluss | Die Wohnung hat einen Kabelanschluss.,кабельное соединение | В квартире есть кабельное подключение.,1,21.07.2026,0,0,Kapitel 8_Поиск квартиры
17.07.2026,"Kap 8_Zimmer, Küche, Bad","trocknen, er trocknet, hat/ist getrocknet",-,-,"сушить, он сушится, высох/высох",Die Wäsche trocknet in der Sonne.,Белье сохнет на солнце.,"trocknen, er trocknet, hat/ist getrocknet | Die Wäsche trocknet in der Sonne.","сушить, он сушится, высох/высох | Белье сохнет на солнце.",1,21.07.2026,0,0,Kapitel 8_Поиск квартиры
17.07.2026,"Kap 8_Zimmer, Küche, Bad",Wäsche,die,Pl.,стирать,Ich muss die Wäsche waschen.,Мне нужно постирать белье.,die Wäsche | Ich muss die Wäsche waschen.,стирать | Мне нужно постирать белье.,1,21.07.2026,0,0,Kapitel 8_Поиск квартиры
17.07.2026,"Kap 8_Zimmer, Küche, Bad","6 bleiben, er bleibt, ist geblieben",-,-,"6. Остаться, он остаётся, остался",Ich bleibe heute zu Hause.,Сегодня я остаюсь дома.,"6 bleiben, er bleibt, ist geblieben | Ich bleibe heute zu Hause.","6. Остаться, он остаётся, остался | Сегодня я остаюсь дома.",1,21.07.2026,0,0,Kapitel 8_Поиск квартиры
17.07.2026,"Kap 8_Zimmer, Küche, Bad","früh, früher, am frühesten",-,-,"ранний, более ранний, самый ранний",Ich stehe sehr früh auf.,Я встаю очень рано.,"früh, früher, am frühesten | Ich stehe sehr früh auf.","ранний, более ранний, самый ранний | Я встаю очень рано.",1,21.07.2026,0,0,Kapitel 8_Поиск квартиры
17.07.2026,"Kap 8_Zimmer, Küche, Bad",Zwei-Zimmer-Wohnung,die,die Zwei-Zimmer-Wohnungen,Двухкомнатная квартира,Wir suchen eine Zwei-Zimmer-Wohnung.,Мы ищем двухкомнатную квартиру.,die Zwei-Zimmer-Wohnung | Wir suchen eine Zwei-Zimmer-Wohnung.,Двухкомнатная квартира | Мы ищем двухкомнатную квартиру.,1,21.07.2026,0,0,Kapitel 8_Поиск квартиры
17.07.2026,"Kap 8_Zimmer, Küche, Bad","weiterschreiben, er schreibt weiter, weitergeschrieben",-,-,"он продолжает писать, он продолжает писать, продолжал писать",Er schreibt den Brief weiter.,Он продолжает писать письмо.,"weiterschreiben, er schreibt weiter, weitergeschrieben | Er schreibt den Brief weiter.","он продолжает писать, он продолжает писать, продолжал писать | Он продолжает писать письмо.",1,21.07.2026,0,0,Kapitel 8_Поиск квартиры
17.07.2026,"Kap 8_Zimmer, Küche, Bad",Karton,-,die Kartons,7 из коробки,Wir packen die Bücher in den Karton.,Мы упаковываем книги в картонную коробку.,Karton | Wir packen die Bücher in den Karton.,7 из коробки | Мы упаковываем книги в картонную коробку.,1,21.07.2026,0,0,Kapitel 8_Поиск квартиры
17.07.2026,"Kap 8_Zimmer, Küche, Bad",plötzlich,-,-,внезапно,Plötzlich fing es an zu regnen.,Внезапно пошел дождь.,plötzlich | Plötzlich fing es an zu regnen.,внезапно | Внезапно пошел дождь.,1,21.07.2026,0,0,Kapitel 8_Поиск квартиры
17.07.2026,"Kap 8_Zimmer, Küche, Bad","tragen, er trägt, getragen",-,-,"нести, он носит, изношенный",Er trägt eine schwere Tasche.,Он несет тяжелую сумку.,"tragen, er trägt, getragen | Er trägt eine schwere Tasche.","нести, он носит, изношенный | Он несет тяжелую сумку.",1,21.07.2026,0,0,Kapitel 8_Поиск квартиры
17.07.2026,"Kap 8_Zimmer, Küche, Bad",Umzug,der,die Umzüge,Перемещение,Der Umzug war sehr anstrengend.,Переезд был очень утомительным.,der Umzug | Der Umzug war sehr anstrengend.,Перемещение | Переезд был очень утомительным.,1,21.07.2026,0,0,Kapitel 8_Поиск квартиры
17.07.2026,"Kap 8_Zimmer, Küche, Bad","auspacken, er packt aus, ausgepackt",-,-,"распаковать, он распаковывает, распакован",Wir packen die Koffer aus.,Мы распаковываем чемоданы.,"auspacken, er packt aus, ausgepackt | Wir packen die Koffer aus.","распаковать, он распаковывает, распакован | Мы распаковываем чемоданы.",1,21.07.2026,0,0,Kapitel 8_Поиск квартиры
17.07.2026,"Kap 8_Zimmer, Küche, Bad","benutzen, er benutzt, benutzt",-,-,"использовать, он использует, использовал",Darf ich dein Telefon benutzen?,Могу я воспользоваться твоим телефоном?,"benutzen, er benutzt, benutzt | Darf ich dein Telefon benutzen?","использовать, он использует, использовал | Могу я воспользоваться твоим телефоном?",1,21.07.2026,0,0,Kapitel 8_Поиск квартиры
17.07.2026,"Kap 8_Zimmer, Küche, Bad",eigentlich,-,-,на самом деле,Was willst du eigentlich?,Что ты на самом деле хочешь?,eigentlich | Was willst du eigentlich?,на самом деле | Что ты на самом деле хочешь?,1,21.07.2026,0,0,Kapitel 8_Поиск квартиры
17.07.2026,"Kap 8_Zimmer, Küche, Bad",Hilfe,die,die Hilfen,Помощь,Ich brauche deine Hilfe.,Мне нужна твоя помощь.,die Hilfe | Ich brauche deine Hilfe.,Помощь | Мне нужна твоя помощь.,1,21.07.2026,0,0,Kapitel 8_Поиск квартиры
17.07.2026,"Kap 8_Zimmer, Küche, Bad",Kontrolle,die,die Kontrollen,контроль,Die Kontrolle am Flughafen dauert lange.,Контроль в аэропорту длится долго.,die Kontrolle | Die Kontrolle am Flughafen dauert lange.,контроль | Контроль в аэропорту длится долго.,1,21.07.2026,0,0,Kapitel 8_Поиск квартиры
17.07.2026,"Kap 8_Zimmer, Küche, Bad",Mietvertrag,der,die Mietverträge,договор аренды,Wir haben den Mietvertrag unterschrieben.,Мы подписали договор аренды.,der Mietvertrag | Wir haben den Mietvertrag unterschrieben.,договор аренды | Мы подписали договор аренды.,1,21.07.2026,0,0,Kapitel 8_Поиск квартиры
17.07.2026,"Kap 8_Zimmer, Küche, Bad","nett, netter, am nettesten",-,-,"хороший, еще лучше, самый хороший",Sie ist sehr nett.,Она очень милая.,"nett, netter, am nettesten | Sie ist sehr nett.","хороший, еще лучше, самый хороший | Она очень милая.",1,21.07.2026,0,0,Kapitel 8_Поиск квартиры
17.07.2026,"Kap 8_Zimmer, Küche, Bad","Ordnung , -en (Der Mietvertrag ist in Ordnung.)",die,-,Порядок (Договор аренды в порядке.),Alles ist in Ordnung.,Все в порядке.,"die Ordnung , -en (Der Mietvertrag ist in Ordnung.) | Alles ist in Ordnung.",Порядок (Договор аренды в порядке.) | Все в порядке.,1,21.07.2026,0,0,Kapitel 8_Поиск квартиры
17.07.2026,"Kap 8_Zimmer, Küche, Bad","schlafen, er schläft, geschlafen",-,-,"сон, он спит, спал",Ich schlafe acht Stunden pro Nacht.,Я сплю восемь часов за ночь.,"schlafen, er schläft, geschlafen | Ich schlafe acht Stunden pro Nacht.","сон, он спит, спал | Я сплю восемь часов за ночь.",1,21.07.2026,0,0,Kapitel 8_Поиск квартиры
17.07.2026,"Kap 8_Zimmer, Küche, Bad",Schreibtisch,der,die Schreibtische,Рабочий стол,Mein Schreibtisch ist aufgeräumt.,Мой рабочий стол убран.,der Schreibtisch | Mein Schreibtisch ist aufgeräumt.,Рабочий стол | Мой рабочий стол убран.,1,21.07.2026,0,0,Kapitel 8_Поиск квартиры
17.07.2026,"Kap 8_Zimmer, Küche, Bad",sofort,-,-,немедленно,Ich komme sofort.,Я сейчас приду.,sofort | Ich komme sofort.,немедленно | Я сейчас приду.,1,21.07.2026,0,0,Kapitel 8_Поиск квартиры
17.07.2026,"Kap 8_Zimmer, Küche, Bad",Standard-Mietvertrag,der,die Standard-Mietverträge,"Стандартный договор аренды, «-е»",Wir nutzen einen Standard-Mietvertrag.,Мы используем стандартный договор аренды.,der Standard-Mietvertrag | Wir nutzen einen Standard-Mietvertrag.,"Стандартный договор аренды, «-е» | Мы используем стандартный договор аренды.",1,21.07.2026,0,0,Kapitel 8_Поиск квартиры
17.07.2026,"Kap 8_Zimmer, Küche, Bad",Untermiete,die,Sg.,Субаренда,Ich wohne zur Untermiete.,Я живу в субаренде.,die Untermiete | Ich wohne zur Untermiete.,Субаренда | Я живу в субаренде.,1,21.07.2026,0,0,Kapitel 8_Поиск квартиры
17.07.2026,"Kap 8_Zimmer, Küche, Bad",Vermieterin,die,die Vermieterinnen,хозяйка квартиры,Meine Vermieterin ist sehr freundlich.,Моя хозяйка квартиры очень приветлива.,die Vermieterin | Meine Vermieterin ist sehr freundlich.,хозяйка квартиры | Моя хозяйка квартиры очень приветлива.,1,21.07.2026,0,0,Kapitel 8_Поиск квартиры
17.07.2026,"Kap 8_Zimmer, Küche, Bad",Perfekt,-,Sg.,8 совершенное время,Wir lernen heute das Perfekt.,Сегодня мы изучаем прошедшее время Perfekt.,Perfekt | Wir lernen heute das Perfekt.,8 совершенное время | Сегодня мы изучаем прошедшее время Perfekt.,1,21.07.2026,0,0,Kapitel 8_Поиск квартиры
17.07.2026,"Kap 8_Zimmer, Küche, Bad",Perfektform,die,die Perfektformen,Идеальная форма,Wie lautet die Perfektform?,Как звучит форма Perfekt?,die Perfektform | Wie lautet die Perfektform?,Идеальная форма | Как звучит форма Perfekt?,1,21.07.2026,0,0,Kapitel 8_Поиск квартиры
17.07.2026,"Kap 8_Zimmer, Küche, Bad","bilden, er bildet, gebildet",-,-,"форма, он формирует, сформированный",Wir bilden Sätze im Perfekt.,Мы образуем предложения в Perfekt.,"bilden, er bildet, gebildet | Wir bilden Sätze im Perfekt.","форма, он формирует, сформированный | Мы образуем предложения в Perfekt.",1,21.07.2026,0,0,Kapitel 8_Поиск квартиры
17.07.2026,"Kap 8_Zimmer, Küche, Bad","Partizip, Partizipien",das,die Partizipien,"Причастие, причастия","Das Partizip von ""machen"" ist ""gemacht"".","Причастие от ""machen"" — ""gemacht"".","das Partizip, Partizipien | Das Partizip von ""machen"" ist ""gemacht"".","Причастие, причастия | Причастие от ""machen"" — ""gemacht"".",1,21.07.2026,0,0,Kapitel 8_Поиск квартиры
17.07.2026,"Kap 8_Zimmer, Küche, Bad",Regel,die,die Regeln,Правило,Diese Regel ist wichtig.,Это правило важно.,die Regel | Diese Regel ist wichtig.,Правило | Это правило важно.,1,21.07.2026,0,0,Kapitel 8_Поиск квартиры
17.07.2026,"Kap 8_Zimmer, Küche, Bad","9 hochtragen, er trägt hoch, hochgetragen",-,-,"9 поднять высоко, он поднимает высоко, поднял высоко",Kannst du den Koffer hochtragen?,Ты можешь поднять чемодан наверх?,"9 hochtragen, er trägt hoch, hochgetragen | Kannst du den Koffer hochtragen?","9 поднять высоко, он поднимает высоко, поднял высоко | Ты можешь поднять чемодан наверх?",1,21.07.2026,0,0,Kapitel 8_Поиск квартиры
17.07.2026,"Kap 8_Zimmer, Küche, Bad","packen, er packt, gepackt",-,-,"Он упаковывает вещи, он упаковал вещи.",Ich muss noch meinen Koffer packen.,Мне еще нужно собрать чемодан.,"packen, er packt, gepackt | Ich muss noch meinen Koffer packen.","Он упаковывает вещи, он упаковал вещи. | Мне еще нужно собрать чемодан.",1,21.07.2026,0,0,Kapitel 8_Поиск квартиры
17.07.2026,"Kap 8_Zimmer, Küche, Bad",schließlich,-,-,окончательно,Schließlich haben wir die Wohnung gefunden.,В конце концов мы нашли квартиру.,schließlich | Schließlich haben wir die Wohnung gefunden.,окончательно | В конце концов мы нашли квартиру.,1,21.07.2026,0,0,Kapitel 8_Поиск квартиры
17.07.2026,"Kap 8_Zimmer, Küche, Bad",zuerst,-,-,первый,"Zuerst essen wir, dann gehen wir ins Kino.","Сначала мы поедим, потом пойдем в кино.","zuerst | Zuerst essen wir, dann gehen wir ins Kino.","первый | Сначала мы поедим, потом пойдем в кино.",1,21.07.2026,0,0,Kapitel 8_Поиск квартиры
17.07.2026,"Kap 8_Zimmer, Küche, Bad",zuletzt,-,-,последний,Zuletzt haben wir noch ein Eis gegessen.,Напоследок мы еще съели мороженое.,zuletzt | Zuletzt haben wir noch ein Eis gegessen.,последний | Напоследок мы еще съели мороженое.,1,21.07.2026,0,0,Kapitel 8_Поиск квартиры
17.07.2026,"Kap 8_Zimmer, Küche, Bad",10 montags,-,-,10 понедельников,Montags habe ich immer viel zu tun.,По понедельникам у меня всегда много дел.,10 montags | Montags habe ich immer viel zu tun.,10 понедельников | По понедельникам у меня всегда много дел.,1,21.07.2026,0,0,Kapitel 8_Поиск квартиры
17.07.2026,"Kap 8_Zimmer, Küche, Bad","sauber, sauberer, am saubersten",-,-,"чистый, чище, самый чистый",Die Wohnung ist jetzt sauber.,Квартира теперь чистая.,"sauber, sauberer, am saubersten | Die Wohnung ist jetzt sauber.","чистый, чище, самый чистый | Квартира теперь чистая.",1,21.07.2026,0,0,Kapitel 8_Поиск квартиры
17.07.2026,"Kap 8_Zimmer, Küche, Bad","vermieten, er vermietet, vermietet",-,-,"аренда, он арендует, аренда",Sie vermietet ein Zimmer an Studenten.,Она сдает комнату студентам.,"vermieten, er vermietet, vermietet | Sie vermietet ein Zimmer an Studenten.","аренда, он арендует, аренда | Она сдает комнату студентам.",1,21.07.2026,0,0,Kapitel 8_Поиск квартиры
17.07.2026,"Kap 8_Zimmer, Küche, Bad","warm, wärmer, am wärmsten",-,-,"теплый, теплее, самый теплый",Das Wetter ist heute sehr warm.,Погода сегодня очень теплая.,"warm, wärmer, am wärmsten | Das Wetter ist heute sehr warm.","теплый, теплее, самый теплый | Погода сегодня очень теплая.",1,21.07.2026,0,0,Kapitel 8_Поиск квартиры
17.07.2026,"Kap 8_Zimmer, Küche, Bad",Aussage,-,die Aussagen,11 заявление,Diese Aussage ist falsch.,Это утверждение неверно.,Aussage | Diese Aussage ist falsch.,11 заявление | Это утверждение неверно.,1,21.07.2026,0,0,Kapitel 8_Поиск квартиры
17.07.2026,"Kap 8_Zimmer, Küche, Bad","leise, leiser, am leisesten",-,-,"тихий, ещё тише, самый тихий",Bitte sprechen Sie leise.,"Пожалуйста, говорите тихо.","leise, leiser, am leisesten | Bitte sprechen Sie leise.","тихий, ещё тише, самый тихий | Пожалуйста, говорите тихо.",1,21.07.2026,0,0,Kapitel 8_Поиск квартиры
17.07.2026,"Kap 8_Zimmer, Küche, Bad",Schlüssel,der,die Schlüssel,Ключ,Ich habe meinen Schlüssel verloren.,Я потерял свой ключ.,der Schlüssel | Ich habe meinen Schlüssel verloren.,Ключ | Я потерял свой ключ.,1,21.07.2026,0,0,Kapitel 8_Поиск квартиры
17.07.2026,"Kap 8_Zimmer, Küche, Bad",Tonne,die,die Tonnen,тонна,Die Mülltonne ist voll.,Мусорный бак полон.,die Tonne | Die Mülltonne ist voll.,тонна | Мусорный бак полон.,1,21.07.2026,0,0,Kapitel 8_Поиск квартиры
17.07.2026,"Kap 8_Zimmer, Küche, Bad","tun, er tut, getan",-,-,"сделать, он делает, сделано",Was kann ich für Sie tun?,Что я могу для вас сделать?,"tun, er tut, getan | Was kann ich für Sie tun?","сделать, он делает, сделано | Что я могу для вас сделать?",1,21.07.2026,0,0,Kapitel 8_Поиск квартиры
17.07.2026,"Kap 8_Zimmer, Küche, Bad","abschließen, er schließt ab, abgeschlossen",-,-,"завершить, он завершает, закончено","Vergiss nicht, die Tür abzuschließen.",Не забудь запереть дверь.,"abschließen, er schließt ab, abgeschlossen | Vergiss nicht, die Tür abzuschließen.","завершить, он завершает, закончено | Не забудь запереть дверь.",1,21.07.2026,0,0,Kapitel 8_Поиск квартиры
17.07.2026,"Kap 8_Zimmer, Küche, Bad","beachten, er beachtet, beachtet",-,-,"он отмечает, он замечает",Bitte beachten Sie die Regeln.,"Пожалуйста, соблюдайте правила.","beachten, er beachtet, beachtet | Bitte beachten Sie die Regeln.","он отмечает, он замечает | Пожалуйста, соблюдайте правила.",1,21.07.2026,0,0,Kapitel 8_Поиск квартиры
17.07.2026,"Kap 8_Zimmer, Küche, Bad",dafür,-,-,для этого,Ich bin dafür.,Я за это.,dafür | Ich bin dafür.,для этого | Я за это.,1,21.07.2026,0,0,Kapitel 8_Поиск квартиры
17.07.2026,"Kap 8_Zimmer, Küche, Bad",dass,-,-,что,"Ich hoffe, dass es dir gut geht.","Я надеюсь, что у тебя все хорошо.","dass | Ich hoffe, dass es dir gut geht.","что | Я надеюсь, что у тебя все хорошо.",1,21.07.2026,0,0,Kapitel 8_Поиск квартиры
17.07.2026,"Kap 8_Zimmer, Küche, Bad","eintragen, er trägt ein, eingetragen",-,-,"войти, он входит, вошел",Bitte tragen Sie Ihren Namen hier ein.,"Пожалуйста, впишите сюда ваше имя.","eintragen, er trägt ein, eingetragen | Bitte tragen Sie Ihren Namen hier ein.","войти, он входит, вошел | Пожалуйста, впишите сюда ваше имя.",1,21.07.2026,0,0,Kapitel 8_Поиск квартиры
17.07.2026,"Kap 8_Zimmer, Küche, Bad",Einzugsparty,die,die Einzugspartys,вечеринка по случаю новоселья,Wir laden euch zu unserer Einzugsparty ein.,Мы приглашаем вас на нашу вечеринку по случаю новоселья.,die Einzugsparty | Wir laden euch zu unserer Einzugsparty ein.,вечеринка по случаю новоселья | Мы приглашаем вас на нашу вечеринку по случаю новоселья.,1,21.07.2026,0,0,Kapitel 8_Поиск квартиры
17.07.2026,"Kap 8_Zimmer, Küche, Bad",Fahrradkeller,der,die Fahrradkeller,Хранение велосипедов,Mein Fahrrad steht im Fahrradkeller.,Мой велосипед стоит в подвале для велосипедов.,der Fahrradkeller | Mein Fahrrad steht im Fahrradkeller.,Хранение велосипедов | Мой велосипед стоит в подвале для велосипедов.,1,21.07.2026,0,0,Kapitel 8_Поиск квартиры
17.07.2026,"Kap 8_Zimmer, Küche, Bad",GmbH,die,die GmbHs,GmbH,Er arbeitet bei einer GmbH.,Он работает в ООО.,die GmbH | Er arbeitet bei einer GmbH.,GmbH | Он работает в ООО.,1,21.07.2026,0,0,Kapitel 8_Поиск квартиры
17.07.2026,"Kap 8_Zimmer, Küche, Bad",Hausgemeinschaft,die,die Hausgemeinschaften,сообщество жителей,Die Hausgemeinschaft ist sehr nett.,Сообщество жильцов очень приятное.,die Hausgemeinschaft | Die Hausgemeinschaft ist sehr nett.,сообщество жителей | Сообщество жильцов очень приятное.,1,21.07.2026,0,0,Kapitel 8_Поиск квартиры
17.07.2026,"Kap 8_Zimmer, Küche, Bad",Hausmeister,der,die Hausmeister,Руководитель строительства,Der Hausmeister repariert das Licht.,Завхоз чинит свет.,der Hausmeister | Der Hausmeister repariert das Licht.,Руководитель строительства | Завхоз чинит свет.,1,21.07.2026,0,0,Kapitel 8_Поиск квартиры
17.07.2026,"Kap 8_Zimmer, Küche, Bad",Hausmeisterin,die,die Hausmeisterinnen,смотритель,Die Hausmeisterin reinigt den Flur.,Завхоз (женщина) убирает коридор.,die Hausmeisterin | Die Hausmeisterin reinigt den Flur.,смотритель | Завхоз (женщина) убирает коридор.,1,21.07.2026,0,0,Kapitel 8_Поиск квартиры
17.07.2026,"Kap 8_Zimmer, Küche, Bad",Hausordnung,die,die Hausordnungen,Правила дома,Die Hausordnung hängt im Flur.,Правила дома висят в коридоре.,die Hausordnung | Die Hausordnung hängt im Flur.,Правила дома | Правила дома висят в коридоре.,1,21.07.2026,0,0,Kapitel 8_Поиск квартиры
17.07.2026,"Kap 8_Zimmer, Küche, Bad",Hausschlüssel,der,die Hausschlüssel,Ключ от дома,Hast du deinen Hausschlüssel?,У тебя есть ключ от дома?,der Hausschlüssel | Hast du deinen Hausschlüssel?,Ключ от дома | У тебя есть ключ от дома?,1,21.07.2026,0,0,Kapitel 8_Поиск квартиры
17.07.2026,"Kap 8_Zimmer, Küche, Bad",Haustür,die,die Haustüren,входная дверь,Die Haustür ist verschlossen.,Входная дверь заперта.,die Haustür | Die Haustür ist verschlossen.,входная дверь | Входная дверь заперта.,1,21.07.2026,0,0,Kapitel 8_Поиск квартиры
17.07.2026,"Kap 8_Zimmer, Küche, Bad",Hausverwaltung,die,die Hausverwaltungen,Управление недвижимостью,Ich rufe die Hausverwaltung an.,Я звоню в домоуправление.,die Hausverwaltung | Ich rufe die Hausverwaltung an.,Управление недвижимостью | Я звоню в домоуправление.,1,21.07.2026,0,0,Kapitel 8_Поиск квартиры
17.07.2026,"Kap 8_Zimmer, Küche, Bad",Heizungsablesung,die,die Heizungsablesungen,Показания счетчика отопления,Morgen ist die Heizungsablesung.,Завтра снятие показаний счетчика отопления.,die Heizungsablesung | Morgen ist die Heizungsablesung.,Показания счетчика отопления | Завтра снятие показаний счетчика отопления.,1,21.07.2026,0,0,Kapitel 8_Поиск квартиры
17.07.2026,"Kap 8_Zimmer, Küche, Bad",Kontakt,der,die Kontakte,контакт,Wir bleiben in Kontakt.,Мы остаемся на связи.,der Kontakt | Wir bleiben in Kontakt.,контакт | Мы остаемся на связи.,1,21.07.2026,0,0,Kapitel 8_Поиск квартиры
17.07.2026,"Kap 8_Zimmer, Küche, Bad",Lärm,der,Sg.,Шум,Der Lärm stört mich.,Шум мне мешает.,der Lärm | Der Lärm stört mich.,Шум | Шум мне мешает.,1,21.07.2026,0,0,Kapitel 8_Поиск квартиры
17.07.2026,"Kap 8_Zimmer, Küche, Bad",Müll,der,Sg.,Мусор,Bringst du bitte den Müll raus?,"Вынесешь, пожалуйста, мусор?",der Müll | Bringst du bitte den Müll raus?,"Мусор | Вынесешь, пожалуйста, мусор?",1,21.07.2026,0,0,Kapitel 8_Поиск квартиры
17.07.2026,"Kap 8_Zimmer, Küche, Bad",Müllplatz,der,die Müllplätze,свалка мусора,Der Müllplatz ist hinter dem Haus.,Место для мусора находится за домом.,der Müllplatz | Der Müllplatz ist hinter dem Haus.,свалка мусора | Место для мусора находится за домом.,1,21.07.2026,0,0,Kapitel 8_Поиск квартиры
17.07.2026,"Kap 8_Zimmer, Küche, Bad",Mülltrennung,die,Sg.,Разделение отходов,Mülltrennung ist wichtig für die Umwelt.,Разделение отходов важно для окружающей среды.,die Mülltrennung | Mülltrennung ist wichtig für die Umwelt.,Разделение отходов | Разделение отходов важно для окружающей среды.,1,21.07.2026,0,0,Kapitel 8_Поиск квартиры
17.07.2026,"Kap 8_Zimmer, Küche, Bad","parken, er parkt, geparkt",-,,"парк, он паркуется, припарковался",Hier dürfen Sie nicht parken.,Здесь парковаться нельзя.,"parken, er parkt, geparkt | Hier dürfen Sie nicht parken.","парк, он паркуется, припарковался | Здесь парковаться нельзя.",1,21.07.2026,0,0,Kapitel 8_Поиск квартиры
17.07.2026,"Kap 8_Zimmer, Küche, Bad","reinigen, er reinigt, gereinigt",-,,"он чистит, чистит",Er reinigt die Fenster.,Он моет окна.,"reinigen, er reinigt, gereinigt | Er reinigt die Fenster.","он чистит, чистит | Он моет окна.",1,21.07.2026,0,0,Kapitel 8_Поиск квартиры
17.07.2026,"Kap 8_Zimmer, Küche, Bad",Ruhe,die,Sg.,Тихий,Ich brauche etwas Ruhe.,Мне нужен покой.,die Ruhe | Ich brauche etwas Ruhe.,Тихий | Мне нужен покой.,1,21.07.2026,0,0,Kapitel 8_Поиск квартиры
17.07.2026,"Kap 8_Zimmer, Küche, Bad","sauber halten, er hält sauber sauber gehalten",-,,"Он поддерживает чистоту, он поддерживает чистоту.",Wir müssen die Küche sauber halten.,Мы должны поддерживать чистоту на кухне.,"sauber halten, er hält sauber sauber gehalten | Wir müssen die Küche sauber halten.","Он поддерживает чистоту, он поддерживает чистоту. | Мы должны поддерживать чистоту на кухне.",1,21.07.2026,0,0,Kapitel 8_Поиск квартиры
17.07.2026,"Kap 8_Zimmer, Küche, Bad","sorgen, er sorgt, gesorgt",-,,"он волнуется, волнуется, волнуется",Ich sorge für die Getränke.,Я позабочусь о напитках.,"sorgen, er sorgt, gesorgt | Ich sorge für die Getränke.","он волнуется, волнуется, волнуется | Я позабочусь о напитках.",1,21.07.2026,0,0,Kapitel 8_Поиск квартиры
17.07.2026,"Kap 8_Zimmer, Küche, Bad","trennen, er trennt, getrennt",-,,"разделять, он разделяет, разделённый",Wir trennen den Müll.,Мы сортируем мусор.,"trennen, er trennt, getrennt | Wir trennen den Müll.","разделять, он разделяет, разделённый | Мы сортируем мусор.",1,21.07.2026,0,0,Kapitel 8_Поиск квартиры
17.07.2026,"Kap 8_Zimmer, Küche, Bad",Treppe,die,die Treppen,Лестница,Ich nehme lieber die Treppe.,Я лучше пойду по лестнице.,die Treppe | Ich nehme lieber die Treppe.,Лестница | Я лучше пойду по лестнице.,1,21.07.2026,0,0,Kapitel 8_Поиск квартиры
17.07.2026,"Kap 8_Zimmer, Küche, Bad",Treppenreinigung,die,die Treppenreinigungen,Чистка лестниц,Die Treppenreinigung ist jeden Freitag.,Уборка лестниц проводится каждую пятницу.,die Treppenreinigung | Die Treppenreinigung ist jeden Freitag.,Чистка лестниц | Уборка лестниц проводится каждую пятницу.,1,21.07.2026,0,0,Kapitel 8_Поиск квартиры
17.07.2026,"Kap 8_Zimmer, Küche, Bad",verboten,-,,"запрещенный ,",Rauchen ist hier verboten.,Курение здесь запрещено.,verboten | Rauchen ist hier verboten.,"запрещенный , | Курение здесь запрещено.",1,21.07.2026,0,0,Kapitel 8_Поиск квартиры
17.07.2026,"Kap 8_Zimmer, Küche, Bad","vermeiden, er vermeidet, vermieden",-,,"избегать, он избегает, избегал",Wir sollten Lärm vermeiden.,Нам следует избегать шума.,"vermeiden, er vermeidet, vermieden | Wir sollten Lärm vermeiden.","избегать, он избегает, избегал | Нам следует избегать шума.",1,21.07.2026,0,0,Kapitel 8_Поиск квартиры
17.07.2026,"Kap 8_Zimmer, Küche, Bad",Waschküche,die,die Waschküchen,туалет,Die Waschmaschine steht in der Waschküche.,Стиральная машина стоит в прачечной.,die Waschküche | Die Waschmaschine steht in der Waschküche.,туалет | Стиральная машина стоит в прачечной.,1,21.07.2026,0,0,Kapitel 8_Поиск квартиры
17.07.2026,"Kap 8_Zimmer, Küche, Bad",Waschzeiten,die,Pl.,Время стирки,Beachten Sie bitte die Waschzeiten.,"Пожалуйста, соблюдайте время стирки.",die Waschzeiten | Beachten Sie bitte die Waschzeiten.,"Время стирки | Пожалуйста, соблюдайте время стирки.",1,21.07.2026,0,0,Kapitel 8_Поиск квартиры
17.07.2026,"Kap 8_Zimmer, Küche, Bad","schnell, schneller, am schnellsten",-,,"быстрый, быстрее, самый быстрый (быстрее всего)","Er läuft schnell, aber sie läuft am schnellsten.","Он бегает быстро, но она бегает быстрее всех.","schnell, schneller, am schnellsten | Er läuft schnell, aber sie läuft am schnellsten.","быстрый, быстрее, самый быстрый (быстрее всего) | Он бегает быстро, но она бегает быстрее всех.",1,21.07.2026,0,0,Kapitel 8_Поиск квартиры
17.07.2026,"Kap 8_Zimmer, Küche, Bad","abfahren, er fährt ab, ist abgefahren",-,,"уйти, он уходит, ушел",Der Zug wird bald abfahren.,Поезд скоро отправится.,"abfahren, er fährt ab, ist abgefahren | Der Zug wird bald abfahren.","уйти, он уходит, ушел | Поезд скоро отправится.",1,21.07.2026,0,0,Kapitel 8_Поиск квартиры
17.07.2026,"Kap 8_Zimmer, Küche, Bad","Ahnung, -en (Keine Ahnung.)",die,die Ahnungen,подсказка (Нет подсказки.),Ich habe keine Ahnung.,Понятия не имею.,"die Ahnung, -en (Keine Ahnung.) | Ich habe keine Ahnung.",подсказка (Нет подсказки.) | Понятия не имею.,1,21.07.2026,0,0,Kapitel 8_Поиск квартиры
17.07.2026,"Kap 8_Zimmer, Küche, Bad","anhalten, er hält an, angehalten",-,,"стоп, он останавливается, остановился",Der Bus muss hier anhalten.,Автобус должен здесь остановиться.,"anhalten, er hält an, angehalten | Der Bus muss hier anhalten.","стоп, он останавливается, остановился | Автобус должен здесь остановиться.",1,21.07.2026,0,0,Kapitel 8_Поиск квартиры
17.07.2026,"Kap 8_Zimmer, Küche, Bad",Halt!,-,,Останавливаться!,Halt! Bleiben Sie stehen!,Стой! Остановитесь!,Halt! | Halt! Bleiben Sie stehen!,Останавливаться! | Стой! Остановитесь!,1,21.07.2026,0,0,Kapitel 8_Поиск квартиры
17.07.2026,"Kap 8_Zimmer, Küche, Bad","Jungs (Jungs, ich bin fertig!)",die,Pl.,"Мальчики (мальчики, с меня хватит!)",Die Jungs spielen Fußball.,Мальчики играют в футбол.,"die Jungs (Jungs, ich bin fertig!) | Die Jungs spielen Fußball.","Мальчики (мальчики, с меня хватит!) | Мальчики играют в футбол.",1,21.07.2026,0,0,Kapitel 8_Поиск квартиры
17.07.2026,"Kap 8_Zimmer, Küche, Bad","passieren, es passiert, ist passiert",-,,"случилось, это случилось, случилось",Was ist passiert?,Что случилось?,"passieren, es passiert, ist passiert | Was ist passiert?","случилось, это случилось, случилось | Что случилось?",1,21.07.2026,0,0,Kapitel 8_Поиск квартиры
17.07.2026,"Kap 8_Zimmer, Küche, Bad","ausräumen, er räumt aus, ausgeräumt",-,,"убраться, он убирается, убрался",Wir müssen das Zimmer ausräumen.,Нам нужно освободить комнату.,"ausräumen, er räumt aus, ausgeräumt | Wir müssen das Zimmer ausräumen.","убраться, он убирается, убрался | Нам нужно освободить комнату.",1,21.07.2026,0,0,Kapitel 8_Поиск квартиры
17.07.2026,"Kap 8_Zimmer, Küche, Bad","ausziehen, er zieht aus, ist ausgezogen",-,,"съехать, он съезжает, уже съехал",Sie zieht aus der Wohnung aus.,Она съезжает из квартиры.,"ausziehen, er zieht aus, ist ausgezogen | Sie zieht aus der Wohnung aus.","съехать, он съезжает, уже съехал | Она съезжает из квартиры.",1,21.07.2026,0,0,Kapitel 8_Поиск квартиры
17.07.2026,"Kap 8_Zimmer, Küche, Bad",Packer,der,die Packer,упаковщик,Der Packer hilft beim Umzug.,Грузчик помогает при переезде.,der Packer | Der Packer hilft beim Umzug.,упаковщик | Грузчик помогает при переезде.,1,21.07.2026,0,0,Kapitel 8_Поиск квартиры
17.07.2026,"Kap 8_Zimmer, Küche, Bad",Packerin,die,die Packerinnen,Пакер,Die Packerin packt die Kisten.,Упаковщица пакует коробки.,die Packerin | Die Packerin packt die Kisten.,Пакер | Упаковщица пакует коробки.,1,21.07.2026,0,0,Kapitel 8_Поиск квартиры
17.07.2026,"Kap 8_Zimmer, Küche, Bad",Hausflur,der,die Hausflure,Коридор,Der Hausflur ist frisch gestrichen.,Коридор в доме свежевыкрашен.,der Hausflur | Der Hausflur ist frisch gestrichen.,Коридор | Коридор в доме свежевыкрашен.,1,21.07.2026,0,0,Kapitel 8_Поиск квартиры
17.07.2026,"Kap 8_Zimmer, Küche, Bad",Speicher,der,die Speicher,память,Wir haben viele alte Sachen auf dem Speicher.,У нас много старых вещей на чердаке.,der Speicher | Wir haben viele alte Sachen auf dem Speicher.,память | У нас много старых вещей на чердаке.,1,21.07.2026,0,0,Kapitel 8_Поиск квартиры
17.07.2026,"Kap 8_Zimmer, Küche, Bad","konjugieren, er konjugiert, konjugiert",-,,"спрягать, он спрягает, спрягает",Kannst du dieses Verb konjugieren?,Ты можешь проспрягать этот глагол?,"konjugieren, er konjugiert, konjugiert | Kannst du dieses Verb konjugieren?","спрягать, он спрягает, спрягает | Ты можешь проспрягать этот глагол?",1,21.07.2026,0,0,Kapitel 8_Поиск квартиры
17.07.2026,"Kap 8_Zimmer, Küche, Bad",Verbendung,die,die Verbendungen,Ассоциация,Achte auf die Verbendung.,Обрати внимание на окончание глагола.,die Verbendung | Achte auf die Verbendung.,Ассоциация | Обрати внимание на окончание глагола.,1,21.07.2026,0,0,Kapitel 8_Поиск квартиры
17.07.2026,"Kap 8_Zimmer, Küche, Bad",Silbenanfang,der,die Silbenanfänge,Начало слога,Betonen Sie den Silbenanfang.,Сделайте ударение на начало слога.,der Silbenanfang | Betonen Sie den Silbenanfang.,Начало слога | Сделайте ударение на начало слога.,1,21.07.2026,0,0,Kapitel 8_Поиск квартиры
17.07.2026,Kap 9_Was ist passiert?,Kapitel 9_События прошлого и биографические данные.,-,die Kapitel,глава,Ich lese Kapitel 9.,Я читаю главу 9.,Kapitel 9_События прошлого и биографические данные. | Ich lese Kapitel 9.,глава | Я читаю главу 9.,1,21.07.2026,0,0,Kapitel 9_События прошлого и биографические данные.
17.07.2026,Kap 9_Was ist passiert?,eigen- (Er will eine eigene Firma haben.),-,-,Он хочет иметь собственную компанию.,Das ist mein eigenes Auto.,Это моя собственная машина.,eigen- (Er will eine eigene Firma haben.) | Das ist mein eigenes Auto.,Он хочет иметь собственную компанию. | Это моя собственная машина.,1,21.07.2026,0,0,Kapitel 9_События прошлого и биографические данные.
17.07.2026,Kap 9_Was ist passiert?,"erfragen, er erfragt, erfragt",-,-,"узнавать, выяснять (путем опроса)",Ich erfrage die Adresse bei ihm.,Я узнаю адрес у него.,"erfragen, er erfragt, erfragt | Ich erfrage die Adresse bei ihm.","узнавать, выяснять (путем опроса) | Я узнаю адрес у него.",1,21.07.2026,0,0,Kapitel 9_События прошлого и биографические данные.
17.07.2026,Kap 9_Was ist passiert?,Lebenslauf,der,die Lebensläufe,резюме,Ich schreibe meinen Lebenslauf.,Я пишу свое резюме.,der Lebenslauf | Ich schreibe meinen Lebenslauf.,резюме | Я пишу свое резюме.,1,21.07.2026,0,0,Kapitel 9_События прошлого и биографические данные.
17.07.2026,Kap 9_Was ist passiert?,"persönlich, persönlicher, am persönlichsten",-,-,личный,Das ist meine persönliche Meinung.,Это мое личное мнение.,"persönlich, persönlicher, am persönlichsten | Das ist meine persönliche Meinung.",личный | Это мое личное мнение.,1,21.07.2026,0,0,Kapitel 9_События прошлого и биографические данные.
17.07.2026,Kap 9_Was ist passiert?,Kindergarten,-,die Kindergärten,детский сад,Mein Sohn geht in den Kindergarten.,Мой сын ходит в детский сад.,Kindergarten | Mein Sohn geht in den Kindergarten.,детский сад | Мой сын ходит в детский сад.,1,21.07.2026,0,0,Kapitel 9_События прошлого и биографические данные.
17.07.2026,Kap 9_Was ist passiert?,Schulfest,das,die Schulfeste,школьный праздник,Wir feiern heute ein Schulfest.,Мы празднуем сегодня школьный праздник.,das Schulfest | Wir feiern heute ein Schulfest.,школьный праздник | Мы празднуем сегодня школьный праздник.,2,29.07.2026,1,1,Kapitel 9_События прошлого и биографические данные.
17.07.2026,Kap 9_Was ist passiert?,"backen, er backt/bäckt, gebacken",-,-,печь,Ich backe einen Kuchen.,Я пеку пирог.,"backen, er backt/bäckt, gebacken | Ich backe einen Kuchen.",печь | Я пеку пирог.,1,21.07.2026,0,0,Kapitel 9_События прошлого и биографические данные.
17.07.2026,Kap 9_Was ist passiert?,"renovieren, er renoviert, renoviert",-,-,"делать ремонт, обновлять",Er renoviert sein Zimmer.,Он делает ремонт в своей комнате.,"renovieren, er renoviert, renoviert | Er renoviert sein Zimmer.","делать ремонт, обновлять | Он делает ремонт в своей комнате.",1,21.07.2026,0,0,Kapitel 9_События прошлого и биографические данные.
17.07.2026,Kap 9_Was ist passiert?,bald (Bis bald!),-,-,скоро,Bis bald!,До скорого!,bald (Bis bald!) | Bis bald!,скоро | До скорого!,1,21.07.2026,0,0,Kapitel 9_События прошлого и биографические данные.
17.07.2026,Kap 9_Was ist passiert?,Hauptstadt,die,die Hauptstädte,столица,Berlin ist die Hauptstadt von Deutschland.,Берлин — столица Германии.,die Hauptstadt | Berlin ist die Hauptstadt von Deutschland.,столица | Берлин — столица Германии.,1,21.07.2026,0,0,Kapitel 9_События прошлого и биографические данные.
17.07.2026,Kap 9_Was ist passiert?,P. S.: (= Post Scriptum),-,P. S.,постскриптум,P. S.: Ich komme morgen um zehn Uhr.,P. S.: Я приду завтра в десять часов.,P. S.: (= Post Scriptum) | P. S.: Ich komme morgen um zehn Uhr.,постскриптум | P. S.: Я приду завтра в десять часов.,1,21.07.2026,0,0,Kapitel 9_События прошлого и биографические данные.
17.07.2026,Kap 9_Was ist passiert?,"spontan, spontaner, am spontansten",-,-,спонтанный,Wir sind heute spontan.,Мы сегодня спонтанны.,"spontan, spontaner, am spontansten | Wir sind heute spontan.",спонтанный | Мы сегодня спонтанны.,1,21.07.2026,0,0,Kapitel 9_События прошлого и биографические данные.
17.07.2026,Kap 9_Was ist passiert?,Wecker,-,die Wecker,будильник,Der Wecker klingelt um sieben Uhr.,Будильник звонит в семь часов.,Wecker | Der Wecker klingelt um sieben Uhr.,будильник | Будильник звонит в семь часов.,1,21.07.2026,0,0,Kapitel 9_События прошлого и биографические данные.
17.07.2026,Kap 9_Was ist passiert?,"wegbringen, er bringt weg, weggebracht",-,-,"относить, уносить, отвозить",Ich bringe den Müll weg.,Я выношу мусор.,"wegbringen, er bringt weg, weggebracht | Ich bringe den Müll weg.","относить, уносить, отвозить | Я выношу мусор.",1,21.07.2026,0,0,Kapitel 9_События прошлого и биографические данные.
17.07.2026,Kap 9_Was ist passiert?,"Geschichte , -en (Carlos erzählt eine Geschichte.)",die,die Geschichten,"история, рассказ",Carlos erzählt eine Geschichte.,Карлос рассказывает историю.,"die Geschichte , -en (Carlos erzählt eine Geschichte.) | Carlos erzählt eine Geschichte.","история, рассказ | Карлос рассказывает историю.",1,21.07.2026,0,0,Kapitel 9_События прошлого и биографические данные.
17.07.2026,Kap 9_Was ist passiert?,"rufen, er ruft, gerufen",-,-,"зови, он зови, звали",Ruf mich morgen an.,Позвони мне завтра.,"rufen, er ruft, gerufen | Ruf mich morgen an.","зови, он зови, звали | Позвони мне завтра.",1,21.07.2026,0,0,Kapitel 9_События прошлого и биографические данные.
17.07.2026,Kap 9_Was ist passiert?,"weitergehen, er geht weiter, ist weitergegangen",-,-,"продолжать идти, идти дальше",Wir gehen weiter.,Мы идем дальше.,"weitergehen, er geht weiter, ist weitergegangen | Wir gehen weiter.","продолжать идти, идти дальше | Мы идем дальше.",1,21.07.2026,0,0,Kapitel 9_События прошлого и биографические данные.
17.07.2026,Kap 9_Was ist passiert?,Bewegung,die,die Bewegungen,движение,Kinder brauchen jeden Tag Bewegung.,Детям каждый день нужно движение.,die Bewegung | Kinder brauchen jeden Tag Bewegung.,движение | Детям каждый день нужно движение.,1,21.07.2026,0,0,Kapitel 9_События прошлого и биографические данные.
17.07.2026,Kap 9_Was ist passiert?,dies,-,-,это,Dies ist mein Buch.,Это моя книга.,dies | Dies ist mein Buch.,это | Это моя книга.,1,21.07.2026,0,0,Kapitel 9_События прошлого и биографические данные.
17.07.2026,Kap 9_Was ist passiert?,genauso,-,-,"точно так же, именно так",Das ist genauso teuer.,Это стоит точно так же.,genauso | Das ist genauso teuer.,"точно так же, именно так | Это стоит точно так же.",1,21.07.2026,0,0,Kapitel 9_События прошлого и биографические данные.
17.07.2026,Kap 9_Was ist passiert?,Test,der,die Tests,"тест, контрольная работа",Wir schreiben einen Test.,Мы пишем контрольную работу.,der Test | Wir schreiben einen Test.,"тест, контрольная работа | Мы пишем контрольную работу.",1,21.07.2026,0,0,Kapitel 9_События прошлого и биографические данные.
17.07.2026,Kap 9_Was ist passiert?,letzt- (letzte Woche),-,-,"последний, прошлый",Letzte Woche war ich in Berlin.,На прошлой неделе я был в Берлине.,letzt- (letzte Woche) | Letzte Woche war ich in Berlin.,"последний, прошлый | На прошлой неделе я был в Берлине.",1,21.07.2026,0,0,Kapitel 9_События прошлого и биографические данные.
17.07.2026,Kap 9_Was ist passiert?,Samstagabend,der,die Samstagabende,субботний вечер,Am Samstagabend gehe ich ins Kino.,В субботний вечер я иду в кино.,der Samstagabend | Am Samstagabend gehe ich ins Kino.,субботний вечер | В субботний вечер я иду в кино.,1,21.07.2026,0,0,Kapitel 9_События прошлого и биографические данные.
17.07.2026,Kap 9_Was ist passiert?,Sonntagmittag,der,die Sonntagmittage,воскресенье в полдень,Am Sonntagmittag essen wir zusammen.,В воскресенье в полдень мы едим вместе.,der Sonntagmittag | Am Sonntagmittag essen wir zusammen.,воскресенье в полдень | В воскресенье в полдень мы едим вместе.,1,21.07.2026,0,0,Kapitel 9_События прошлого и биографические данные.
17.07.2026,Kap 9_Was ist passiert?,h-Laut,der,die h-Laute,звук «h»,Das Wort hat einen h-Laut.,В слове есть звук «h».,der h-Laut | Das Wort hat einen h-Laut.,звук «h» | В слове есть звук «h».,1,21.07.2026,0,0,Kapitel 9_События прошлого и биографические данные.
17.07.2026,Kap 9_Was ist passiert?,Hunger,der,Sg.,голод,Ich habe großen Hunger.,Я очень голоден.,der Hunger | Ich habe großen Hunger.,голод | Я очень голоден.,1,21.07.2026,0,0,Kapitel 9_События прошлого и биографические данные.
17.07.2026,Kap 9_Was ist passiert?,Vokal-Neueinsatz,der,die Vokal-Neueinsätze,начальный гласный звук,Achten Sie auf den Vokal-Neueinsatz.,Обратите внимание на начальный гласный звук.,der Vokal-Neueinsatz | Achten Sie auf den Vokal-Neueinsatz.,начальный гласный звук | Обратите внимание на начальный гласный звук.,1,21.07.2026,0,0,Kapitel 9_События прошлого и биографические данные.
17.07.2026,Kap 9_Was ist passiert?,"Fotoalbum, Fotoalben",das,die Fotoalben,фотоальбом,Wir schauen uns ein Fotoalbum an.,Мы смотрим фотоальбом.,"das Fotoalbum, Fotoalben | Wir schauen uns ein Fotoalbum an.",фотоальбом | Мы смотрим фотоальбом.,1,21.07.2026,0,0,Kapitel 9_События прошлого и биографические данные.
17.07.2026,Kap 9_Was ist passiert?,"beantworten, er beantwortet, beantwortet",-,-,отвечать на (вопрос),Er beantwortet die Frage.,Он отвечает на вопрос.,"beantworten, er beantwortet, beantwortet | Er beantwortet die Frage.",отвечать на (вопрос) | Он отвечает на вопрос.,1,21.07.2026,0,0,Kapitel 9_События прошлого и биографические данные.
17.07.2026,Kap 9_Was ist passiert?,Familienfeier,die,die Familienfeiern,семейный праздник,Wir organisieren eine Familienfeier.,Мы организуем семейный праздник.,die Familienfeier | Wir organisieren eine Familienfeier.,семейный праздник | Мы организуем семейный праздник.,1,21.07.2026,0,0,Kapitel 9_События прошлого и биографические данные.
17.07.2026,Kap 9_Was ist passiert?,"korrigieren, er korrigiert, korrigiert",-,-,исправлять,Der Lehrer korrigiert den Test.,Учитель исправляет тест.,"korrigieren, er korrigiert, korrigiert | Der Lehrer korrigiert den Test.",исправлять | Учитель исправляет тест.,1,21.07.2026,0,0,Kapitel 9_События прошлого и биографические данные.
17.07.2026,Kap 9_Was ist passiert?,Straßenbahnfahrer,der,die Straßenbahnfahrer,водитель трамвая,Der Straßenbahnfahrer ist freundlich.,Водитель трамвая дружелюбен.,der Straßenbahnfahrer | Der Straßenbahnfahrer ist freundlich.,водитель трамвая | Водитель трамвая дружелюбен.,1,21.07.2026,0,0,Kapitel 9_События прошлого и биографические данные.
17.07.2026,Kap 9_Was ist passiert?,Straßenbahnfahrerin,die,die Straßenbahnfahrerinnen,водитель трамвая (женщина),Die Straßenbahnfahrerin fährt vorsichtig.,Водитель трамвая ведет осторожно.,die Straßenbahnfahrerin | Die Straßenbahnfahrerin fährt vorsichtig.,водитель трамвая (женщина) | Водитель трамвая ведет осторожно.,1,21.07.2026,0,0,Kapitel 9_События прошлого и биографические данные.
17.07.2026,Kap 9_Was ist passiert?,Vermutung,die,die Vermutungen,предположение,Ich habe eine Vermutung.,У меня есть предположение.,die Vermutung | Ich habe eine Vermutung.,предположение | У меня есть предположение.,1,21.07.2026,0,0,Kapitel 9_События прошлого и биографические данные.
17.07.2026,Kap 9_Was ist passiert?,Weihnachtsfeier,die,die Weihnachtsfeiern,празднование Рождества,Wir gehen zur Weihnachtsfeier.,Мы идем на празднование Рождества.,die Weihnachtsfeier | Wir gehen zur Weihnachtsfeier.,празднование Рождества | Мы идем на празднование Рождества.,1,21.07.2026,0,0,Kapitel 9_События прошлого и биографические данные.
17.07.2026,Kap 9_Was ist passiert?,Angestellte,der/die,die Angestellten,служащий (-ая),Sie ist Angestellte in einer Firma.,Она служащая в компании.,der/die Angestellte | Sie ist Angestellte in einer Firma.,служащий (-ая) | Она служащая в компании.,1,21.07.2026,0,0,Kapitel 9_События прошлого и биографические данные.
17.07.2026,Kap 9_Was ist passiert?,Ausbildung,die,die Ausbildungen,образование,Er macht eine Ausbildung.,Он получает образование.,die Ausbildung | Er macht eine Ausbildung.,образование | Он получает образование.,1,21.07.2026,0,0,Kapitel 9_События прошлого и биографические данные.
17.07.2026,Kap 9_Was ist passiert?,"ausreisen, er reist aus, ist ausgereist",-,-,выезжать,Sie reist morgen aus.,Она выезжает завтра.,"ausreisen, er reist aus, ist ausgereist | Sie reist morgen aus.",выезжать | Она выезжает завтра.,1,21.07.2026,0,0,Kapitel 9_События прошлого и биографические данные.
17.07.2026,Kap 9_Was ist passiert?,Bauunternehmen,das,die Bauunternehmen,строительная фирма,Er arbeitet in einem Bauunternehmen.,Он работает в строительной фирме.,das Bauunternehmen | Er arbeitet in einem Bauunternehmen.,строительная фирма | Он работает в строительной фирме.,1,21.07.2026,0,0,Kapitel 9_События прошлого и биографические данные.
17.07.2026,Kap 9_Was ist passiert?,Buchhalter,der,die Buchhalter,бухгалтер,Der Buchhalter rechnet.,Бухгалтер считает.,der Buchhalter | Der Buchhalter rechnet.,бухгалтер | Бухгалтер считает.,1,21.07.2026,0,0,Kapitel 9_События прошлого и биографические данные.
17.07.2026,Kap 9_Was ist passiert?,Buchhalterin,die,die Buchhalterinnen,бухгалтер (женщина),Die Buchhalterin arbeitet im Büro.,Бухгалтер работает в офисе.,die Buchhalterin | Die Buchhalterin arbeitet im Büro.,бухгалтер (женщина) | Бухгалтер работает в офисе.,1,21.07.2026,0,0,Kapitel 9_События прошлого и биографические данные.
17.07.2026,Kap 9_Was ist passiert?,Einzelhandel,der,Sg.,розничная торговля,Er arbeitet im Einzelhandel.,Он работает в розничной торговле.,der Einzelhandel | Er arbeitet im Einzelhandel.,розничная торговля | Он работает в розничной торговле.,1,21.07.2026,0,0,Kapitel 9_События прошлого и биографические данные.
17.07.2026,Kap 9_Was ist passiert?,Handel,der,Sg.,торговля,Der Handel floriert.,Торговля процветает.,der Handel | Der Handel floriert.,торговля | Торговля процветает.,1,21.07.2026,0,0,Kapitel 9_События прошлого и биографические данные.
17.07.2026,Kap 9_Was ist passiert?,Handelsschule,die,die Handelsschulen,коммерческое училище,Sie besucht die Handelsschule.,Она посещает коммерческое училище.,die Handelsschule | Sie besucht die Handelsschule.,коммерческое училище | Она посещает коммерческое училище.,1,21.07.2026,0,0,Kapitel 9_События прошлого и биографические данные.
17.07.2026,Kap 9_Was ist passiert?,Industriekaufmann,der,die Industriekaufleute,специалист по снабжению и сбыту на промышленном предприятии,Er lernt Industriekaufmann.,Он учится на специалиста по сбыту.,der Industriekaufmann | Er lernt Industriekaufmann.,специалист по снабжению и сбыту на промышленном предприятии | Он учится на специалиста по сбыту.,1,21.07.2026,0,0,Kapitel 9_События прошлого и биографические данные.
17.07.2026,Kap 9_Was ist passiert?,Industriekauffrau,die,die Industriekaufleute,специалист по снабжению и сбыту (женщина),Sie ist Industriekauffrau.,Она специалист по сбыту.,die Industriekauffrau | Sie ist Industriekauffrau.,специалист по снабжению и сбыту (женщина) | Она специалист по сбыту.,1,21.07.2026,0,0,Kapitel 9_События прошлого и биографические данные.
17.07.2026,Kap 9_Was ist passiert?,Kassierer,der,die Kassierer,кассир,Der Kassierer gibt das Wechselgeld.,Кассир дает сдачу.,der Kassierer | Der Kassierer gibt das Wechselgeld.,кассир | Кассир дает сдачу.,1,21.07.2026,0,0,Kapitel 9_События прошлого и биографические данные.
17.07.2026,Kap 9_Was ist passiert?,Kassiererin,die,die Kassiererinnen,кассир (женщина),Die Kassiererin ist sehr nett.,Кассирша очень милая.,die Kassiererin | Die Kassiererin ist sehr nett.,кассир (женщина) | Кассирша очень милая.,1,21.07.2026,0,0,Kapitel 9_События прошлого и биографические данные.
17.07.2026,Kap 9_Was ist passiert?,Lager,das,die Lager,склад,Die Ware ist im Lager.,Товар на складе.,das Lager | Die Ware ist im Lager.,склад | Товар на складе.,1,21.07.2026,0,0,Kapitel 9_События прошлого и биографические данные.
17.07.2026,Kap 9_Was ist passiert?,Lehrgang,der,die Lehrgänge,курсы,Ich besuche einen Lehrgang.,Я посещаю курсы.,der Lehrgang | Ich besuche einen Lehrgang.,курсы | Я посещаю курсы.,1,21.07.2026,0,0,Kapitel 9_События прошлого и биографические данные.
17.07.2026,Kap 9_Was ist passiert?,Textabschnitt,der,die Textabschnitte,раздел текста,Lesen Sie diesen Textabschnitt.,Прочитайте этот раздел текста.,der Textabschnitt | Lesen Sie diesen Textabschnitt.,раздел текста | Прочитайте этот раздел текста.,1,21.07.2026,0,0,Kapitel 9_События прошлого и биографические данные.
17.07.2026,Kap 9_Was ist passiert?,Umschulung,die,die Umschulungen,переобучение,Er macht eine Umschulung.,Он проходит переобучение.,die Umschulung | Er macht eine Umschulung.,переобучение | Он проходит переобучение.,1,21.07.2026,0,0,Kapitel 9_События прошлого и биографические данные.
17.07.2026,Kap 9_Was ist passiert?,Versand,der,Sg.,отправка,Der Versand ist kostenlos.,Отправка бесплатна.,der Versand | Der Versand ist kostenlos.,отправка | Отправка бесплатна.,1,21.07.2026,0,0,Kapitel 9_События прошлого и биографические данные.
17.07.2026,Kap 9_Was ist passiert?,wieder,-,-,"опять, снова",Er kommt wieder.,Он снова приходит.,wieder | Er kommt wieder.,"опять, снова | Он снова приходит.",1,21.07.2026,0,0,Kapitel 9_События прошлого и биографические данные.
17.07.2026,Kap 9_Was ist passiert?,"ziehen, er zieht, gezogen (Swetlana ist nach Deutschland gezogen.)",-,-,переезжать,Swetlana ist nach Deutschland gezogen.,Светлана переехала в Германию.,"ziehen, er zieht, gezogen (Swetlana ist nach Deutschland gezogen.) | Swetlana ist nach Deutschland gezogen.",переезжать | Светлана переехала в Германию.,1,21.07.2026,0,0,Kapitel 9_События прошлого и биографические данные.
17.07.2026,Kap 9_Was ist passiert?,zunächst,-,-,вначале,Zunächst müssen wir einkaufen.,Вначале мы должны сделать покупки.,zunächst | Zunächst müssen wir einkaufen.,вначале | Вначале мы должны сделать покупки.,1,21.07.2026,0,0,Kapitel 9_События прошлого и биографические данные.
17.07.2026,Kap 9_Was ist passiert?,Ausreise,die,die Ausreisen,выезд,Wir planen unsere Ausreise.,Мы планируем наш выезд.,die Ausreise | Wir planen unsere Ausreise.,выезд | Мы планируем наш выезд.,1,21.07.2026,0,0,Kapitel 9_События прошлого и биографические данные.
17.07.2026,Kap 9_Was ist passiert?,Berufsausbildung,die,die Berufsausbildungen,профессиональное обучение,Er macht eine Berufsausbildung.,Он получает профессиональное образование.,die Berufsausbildung | Er macht eine Berufsausbildung.,профессиональное обучение | Он получает профессиональное образование.,1,21.07.2026,0,0,Kapitel 9_События прошлого и биографические данные.
17.07.2026,Kap 9_Was ist passiert?,Schulbildung,die,Sg.,школьное образование,Eine gute Schulbildung ist wichtig.,Хорошее школьное образование важно.,die Schulbildung | Eine gute Schulbildung ist wichtig.,школьное образование | Хорошее школьное образование важно.,1,21.07.2026,0,0,Kapitel 9_События прошлого и биографические данные.
17.07.2026,Kap 9_Was ist passiert?,Busfahrt,die,die Busfahrten,поездка на автобусе,Die Busfahrt dauert eine Stunde.,Поездка на автобусе длится один час.,die Busfahrt | Die Busfahrt dauert eine Stunde.,поездка на автобусе | Поездка на автобусе длится один час.,1,21.07.2026,0,0,Kapitel 9_События прошлого и биографические данные.
17.07.2026,Kap 9_Was ist passiert?,"Programm, -e (Für Berlin haben sie schon ein Programm.)",das,die Programme,программа,Für Berlin haben sie schon ein Programm.,У них уже есть программа для Берлина.,"das Programm, -e (Für Berlin haben sie schon ein Programm.) | Für Berlin haben sie schon ein Programm.",программа | У них уже есть программа для Берлина.,1,21.07.2026,0,0,Kapitel 9_События прошлого и биографические данные.
17.07.2026,Kap 9_Was ist passiert?,Riesenrad,das,die Riesenräder,колесо обозрения,Wir fahren mit dem Riesenrad.,Мы катаемся на колесе обозрения.,das Riesenrad | Wir fahren mit dem Riesenrad.,колесо обозрения | Мы катаемся на колесе обозрения.,1,21.07.2026,0,0,Kapitel 9_События прошлого и биографические данные.
17.07.2026,Kap 9_Was ist passiert?,"Schluss, ""-e (meist Sg.)",der,die Schlüsse,конец (наконец),Zum Schluss möchte ich noch etwas sagen.,В конце я хочу сказать еще кое-что.,"der Schluss, ""-e (meist Sg.) | Zum Schluss möchte ich noch etwas sagen.",конец (наконец) | В конце я хочу сказать еще кое-что.,1,21.07.2026,0,0,Kapitel 9_События прошлого и биографические данные.
17.07.2026,Kap 9_Was ist passiert?,superbillig,-,-,очень дешёвый,Das Angebot ist superbillig.,Предложение очень дешевое.,superbillig | Das Angebot ist superbillig.,очень дешёвый | Предложение очень дешевое.,1,21.07.2026,0,0,Kapitel 9_События прошлого и биографические данные.
17.07.2026,Kap 9_Was ist passiert?,Weinlokal,das,die Weinlokale,винный погребок,Wir treffen uns heute Abend im Weinlokal.,Мы встречаемся сегодня вечером в винном погребке.,das Weinlokal | Wir treffen uns heute Abend im Weinlokal.,винный погребок | Мы встречаемся сегодня вечером в винном погребке.,1,21.07.2026,0,0,Kapitel 9_События прошлого и биографические данные.
17.07.2026,Kap 9_Was ist passiert?,Wortschatz,der,Sg.,"словарь, вокабуляр",Ich muss meinen Wortschatz erweitern.,Мне нужно расширить свой словарный запас.,der Wortschatz | Ich muss meinen Wortschatz erweitern.,"словарь, вокабуляр | Мне нужно расширить свой словарный запас.",1,21.07.2026,0,0,Kapitel 9_События прошлого и биографические данные.
17.07.2026,Kap 9_Was ist passiert?,"echt, echter, am echtesten",-,-,настоящий,Das ist echtes Gold.,Это настоящее золото.,"echt, echter, am echtesten | Das ist echtes Gold.",настоящий | Это настоящее золото.,1,21.07.2026,0,0,Kapitel 9_События прошлого и биографические данные.
17.07.2026,Kap 9_Was ist passiert?,"indiskret, indiskreter, am indiskretesten",-,-,"нескромный, бестактный",Diese Frage ist sehr indiskret.,Этот вопрос очень бестактный.,"indiskret, indiskreter, am indiskretesten | Diese Frage ist sehr indiskret.","нескромный, бестактный | Этот вопрос очень бестактный.",1,21.07.2026,0,0,Kapitel 9_События прошлого и биографические данные.
17.07.2026,Kap 9_Was ist passiert?,"lachen, er lacht, gelacht",-,-,смеяться,Die Kinder lachen laut.,Дети громко смеются.,"lachen, er lacht, gelacht | Die Kinder lachen laut.",смеяться | Дети громко смеются.,1,21.07.2026,0,0,Kapitel 9_События прошлого и биографические данные.
17.07.2026,Kap 9_Was ist passiert?,"verliebt, verliebter, am verliebtesten",-,-,влюблённый,Er ist frisch verliebt.,Он недавно влюбился.,"verliebt, verliebter, am verliebtesten | Er ist frisch verliebt.",влюблённый | Он недавно влюбился.,1,21.07.2026,0,0,Kapitel 9_События прошлого и биографические данные.
17.07.2026,Kap 9_Was ist passiert?,wirklich (Das ist wirklich schön.),-,-,действительно,Das ist wirklich schön.,Это действительно красиво.,wirklich (Das ist wirklich schön.) | Das ist wirklich schön.,действительно | Это действительно красиво.,1,21.07.2026,0,0,Kapitel 9_События прошлого и биографические данные.
17.07.2026,Kap 9_Was ist passiert?,Altstadt,die,die Altstädte,старая часть города; старый город,Die Altstadt ist sehr schön.,Старый город очень красивый.,die Altstadt | Die Altstadt ist sehr schön.,старая часть города; старый город | Старый город очень красивый.,1,21.07.2026,0,0,Kapitel 9_События прошлого и биографические данные.
17.07.2026,Kap 9_Was ist passiert?,"spazieren, er spaziert, ist spaziert",-,-,гулять,Wir spazieren durch den Park.,Мы гуляем по парку.,"spazieren, er spaziert, ist spaziert | Wir spazieren durch den Park.",гулять | Мы гуляем по парку.,1,21.07.2026,0,0,Kapitel 9_События прошлого и биографические данные.
17.07.2026,Kap 9_Was ist passiert?,Stopp,der,die Stopps,зд.: Стоп!,Wir machen einen kurzen Stopp.,Мы делаем короткую остановку.,der Stopp | Wir machen einen kurzen Stopp.,зд.: Стоп! | Мы делаем короткую остановку.,1,21.07.2026,0,0,Kapitel 9_События прошлого и биографические данные.
17.07.2026,Kap 9_Was ist passiert?,"weiterhören, er hört weiter, weitergehört",-,-,слушать дальше,Wir hören die Geschichte weiter.,Мы слушаем историю дальше.,"weiterhören, er hört weiter, weitergehört | Wir hören die Geschichte weiter.",слушать дальше | Мы слушаем историю дальше.,1,21.07.2026,0,0,Kapitel 9_События прошлого и биографические данные.
17.07.2026,Kap 9_Was ist passiert?,"weiterlesen, er liest weiter, weitergelesen",-,-,читать дальше,Bitte lesen Sie den Text weiter.,"Пожалуйста, читайте текст дальше.","weiterlesen, er liest weiter, weitergelesen | Bitte lesen Sie den Text weiter.","читать дальше | Пожалуйста, читайте текст дальше.",1,21.07.2026,0,0,Kapitel 9_События прошлого и биографические данные.
17.07.2026,Kap 9_Was ist passiert?,"singen, er singt, gesungen",-,-,петь,Sie singt ein schönes Lied.,Она поет красивую песню.,"singen, er singt, gesungen | Sie singt ein schönes Lied.",петь | Она поет красивую песню.,1,21.07.2026,0,0,Kapitel 9_События прошлого и биографические данные.
17.07.2026,Kap 9_Was ist passiert?,"überlegen, er überlegt, überlegt",-,-,думать; размышлять,Ich muss mir das überlegen.,Я должен обдумать это.,"überlegen, er überlegt, überlegt | Ich muss mir das überlegen.",думать; размышлять | Я должен обдумать это.,1,21.07.2026,0,0,Kapitel 9_События прошлого и биографические данные.
17.07.2026,Kap 9_Was ist passiert?,Ausnahme,die,die Ausnahmen,исключение,Das ist eine Ausnahme.,Это исключение.,die Ausnahme | Das ist eine Ausnahme.,исключение | Это исключение.,1,21.07.2026,0,0,Kapitel 9_События прошлого и биографические данные.
17.07.2026,Kap 9_Was ist passiert?,Zustandsveränderung,die,die Zustandsveränderungen,изменение состояния,Das Wasser zeigt eine Zustandsveränderung.,Вода показывает изменение состояния.,die Zustandsveränderung | Das Wasser zeigt eine Zustandsveränderung.,изменение состояния | Вода показывает изменение состояния.,1,21.07.2026,0,0,Kapitel 9_События прошлого и биографические данные.
17.07.2026,Kap 9_Was ist passiert?,Alkohol,der,Sg.,алкоголь,Er trinkt keinen Alkohol.,Он не пьет алкоголь.,der Alkohol | Er trinkt keinen Alkohol.,алкоголь | Он не пьет алкоголь.,1,21.07.2026,0,0,Kapitel 9_События прошлого и биографические данные.
17.07.2026,Kap 9_Was ist passiert?,Wortanfang,der,die Wortanfänge,начало слова,Der Buchstabe steht am Wortanfang.,Буква стоит в начале слова.,der Wortanfang | Der Buchstabe steht am Wortanfang.,начало слова | Буква стоит в начале слова.,1,21.07.2026,0,0,Kapitel 9_События прошлого и биографические данные.
17.07.2026,Прошлое и Биография,Raststätte 3,-,-,-,Wir machen Pause an der Raststätte.,Мы делаем перерыв на зоне отдыха.,Raststätte 3 | Wir machen Pause an der Raststätte.,- | Мы делаем перерыв на зоне отдыха.,1,21.07.2026,0,0,Kapitel 9_События прошлого и биографические данные.
17.07.2026,Прошлое и Биография,endlich,-,-,наконец,Endlich bist du da!,Наконец-то ты здесь!,endlich | Endlich bist du da!,наконец | Наконец-то ты здесь!,1,21.07.2026,0,0,Kapitel 9_События прошлого и биографические данные.
17.07.2026,Прошлое и Биография,"lächeln, er lächelt, gelächelt",-,-,улыбаться,Sie lächelt freundlich.,Она приветливо улыбается.,"lächeln, er lächelt, gelächelt | Sie lächelt freundlich.",улыбаться | Она приветливо улыбается.,1,21.07.2026,0,0,Kapitel 9_События прошлого и биографические данные.
17.07.2026,Прошлое и Биография,Makler,der,die Makler,маклер,Der Makler zeigt uns die Wohnung.,Маклер показывает нам квартиру.,der Makler | Der Makler zeigt uns die Wohnung.,маклер | Маклер показывает нам квартиру.,1,21.07.2026,0,0,Kapitel 9_События прошлого и биографические данные.
17.07.2026,Прошлое и Биография,Maklerin,die,die Maklerinnen,маклер (женщина),Die Maklerin hat viele Angebote.,Женщина-маклер имеет много предложений.,die Maklerin | Die Maklerin hat viele Angebote.,маклер (женщина) | Женщина-маклер имеет много предложений.,1,21.07.2026,0,0,Kapitel 9_События прошлого и биографические данные.
17.07.2026,Kap 10_ Ich arbeite bei ...,Kapitel 10_Работа и профессии,-,die Kapitel,глава,Wir lesen Kapitel 10 im Kursbuch.,Мы читаем 10-ю главу в учебнике.,Kapitel 10_Работа и профессии | Wir lesen Kapitel 10 im Kursbuch.,глава | Мы читаем 10-ю главу в учебнике.,1,21.07.2026,0,0,Kapitel 10_Работа и профессии
17.07.2026,Kap 10_ Ich arbeite bei ...,Außendienst,der,Sg.,выездные работы; наружная служба,Er arbeitet im Außendienst.,Он работает на выезде.,der Außendienst | Er arbeitet im Außendienst.,выездные работы; наружная служба | Он работает на выезде.,1,21.07.2026,0,0,Kapitel 10_Работа и профессии
17.07.2026,Kap 10_ Ich arbeite bei ...,beruflich,-,-,профессиональный; служебный,Beruflich bin ich viel unterwegs.,По работе я много в разъездах.,beruflich | Beruflich bin ich viel unterwegs.,профессиональный; служебный | По работе я много в разъездах.,1,21.07.2026,0,0,Kapitel 10_Работа и профессии
17.07.2026,Kap 10_ Ich arbeite bei ...,Elektriker,der,die Elektriker,электрик,Der Elektriker repariert das Licht.,Электрик чинит свет.,der Elektriker | Der Elektriker repariert das Licht.,электрик | Электрик чинит свет.,1,21.07.2026,0,0,Kapitel 10_Работа и профессии
17.07.2026,Kap 10_ Ich arbeite bei ...,Elektrikerin,die,die Elektrikerinnen,электрик (женщина),Die Elektrikerin installiert die Steckdose.,Женщина-электрик устанавливает розетку.,die Elektrikerin | Die Elektrikerin installiert die Steckdose.,электрик (женщина) | Женщина-электрик устанавливает розетку.,1,21.07.2026,0,0,Kapitel 10_Работа и профессии
17.07.2026,Kap 10_ Ich arbeite bei ...,Fehler,der,die Fehler,ошибка,Ich habe einen Fehler gemacht.,Я сделал ошибку.,der Fehler | Ich habe einen Fehler gemacht.,ошибка | Я сделал ошибку.,1,21.07.2026,0,0,Kapitel 10_Работа и профессии
17.07.2026,Kap 10_ Ich arbeite bei ...,"gefallen, er gefällt, gefallen",-,-,нравиться,Das Buch gefällt mir.,Эта книга мне нравится.,"gefallen, er gefällt, gefallen | Das Buch gefällt mir.",нравиться | Эта книга мне нравится.,1,21.07.2026,0,0,Kapitel 10_Работа и профессии
17.07.2026,Kap 10_ Ich arbeite bei ...,Job,der,die Jobs,работа,Er sucht einen neuen Job.,Он ищет новую работу.,der Job | Er sucht einen neuen Job.,работа | Он ищет новую работу.,1,21.07.2026,0,0,Kapitel 10_Работа и профессии
17.07.2026,Kap 10_ Ich arbeite bei ...,Lohnabrechnung,die,die Lohnabrechnungen,расчёт заработной платы,Ich habe meine Lohnabrechnung bekommen.,Я получил расчет заработной платы.,die Lohnabrechnung | Ich habe meine Lohnabrechnung bekommen.,расчёт заработной платы | Я получил расчет заработной платы.,1,21.07.2026,0,0,Kapitel 10_Работа и профессии
17.07.2026,Kap 10_ Ich arbeite bei ...,Telefongespräch,das,die Telefongespräche,телефонный разговор,Das Telefongespräch war sehr wichtig.,Телефонный разговор был очень важным.,das Telefongespräch | Das Telefongespräch war sehr wichtig.,телефонный разговор | Телефонный разговор был очень важным.,1,21.07.2026,0,0,Kapitel 10_Работа и профессии
17.07.2026,Kap 10_ Ich arbeite bei ...,"verbinden, er verbindet, verbunden (am Telefon)",-,-,соединять,Können Sie mich bitte verbinden?,Не могли бы вы меня соединить?,"verbinden, er verbindet, verbunden (am Telefon) | Können Sie mich bitte verbinden?",соединять | Не могли бы вы меня соединить?,1,21.07.2026,0,0,Kapitel 10_Работа и профессии
17.07.2026,Kap 10_ Ich arbeite bei ...,Erzieher,der,die Erzieher,воспитатель,Der Erzieher spielt mit den Kindern.,Воспитатель играет с детьми.,der Erzieher | Der Erzieher spielt mit den Kindern.,воспитатель | Воспитатель играет с детьми.,1,21.07.2026,0,0,Kapitel 10_Работа и профессии
17.07.2026,Kap 10_ Ich arbeite bei ...,Erzieherin,die,die Erzieherinnen,воспитательница,Die Erzieherin liest ein Buch vor.,Воспитательница читает книгу вслух.,die Erzieherin | Die Erzieherin liest ein Buch vor.,воспитательница | Воспитательница читает книгу вслух.,1,21.07.2026,0,0,Kapitel 10_Работа и профессии
17.07.2026,Kap 10_ Ich arbeite bei ...,Hotelfachmann,der,die Hotelfachmänner,специалист по гостиничному бизнесу,Der Hotelfachmann organisiert das Event.,Специалист по гостиничному бизнесу организует мероприятие.,der Hotelfachmann | Der Hotelfachmann organisiert das Event.,специалист по гостиничному бизнесу | Специалист по гостиничному бизнесу организует мероприятие.,1,21.07.2026,0,0,Kapitel 10_Работа и профессии
17.07.2026,Kap 10_ Ich arbeite bei ...,Hotelfachfrau,die,die Hotelfachfrauen,специалист по гостиничному бизнесу (женщина),Die Hotelfachfrau arbeitet an der Rezeption.,Специалистка по гостиничному бизнесу работает на стойке регистрации.,die Hotelfachfrau | Die Hotelfachfrau arbeitet an der Rezeption.,специалист по гостиничному бизнесу (женщина) | Специалистка по гостиничному бизнесу работает на стойке регистрации.,1,21.07.2026,0,0,Kapitel 10_Работа и профессии
17.07.2026,Kap 10_ Ich arbeite bei ...,Kellnerin,die,die Kellnerinnen,официантка,Die Kellnerin bringt das Essen.,Официантка приносит еду.,die Kellnerin | Die Kellnerin bringt das Essen.,официантка | Официантка приносит еду.,1,21.07.2026,0,0,Kapitel 10_Работа и профессии
17.07.2026,Kap 10_ Ich arbeite bei ...,Köchin,die,die Köchinnen,повариха,Die Köchin kocht eine Suppe.,Повариха варит суп.,die Köchin | Die Köchin kocht eine Suppe.,повариха | Повариха варит суп.,1,21.07.2026,0,0,Kapitel 10_Работа и профессии
17.07.2026,Kap 10_ Ich arbeite bei ...,Kraftfahrzeugmechaniker,der,die Kraftfahrzeugmechaniker,автомеханик,Der Kraftfahrzeugmechaniker repariert den Motor.,Автомеханик чинит двигатель.,der Kraftfahrzeugmechaniker | Der Kraftfahrzeugmechaniker repariert den Motor.,автомеханик | Автомеханик чинит двигатель.,1,21.07.2026,0,0,Kapitel 10_Работа и профессии
17.07.2026,Kap 10_ Ich arbeite bei ...,Kraftfahrzeugmechanikerin,die,die Kraftfahrzeugmechanikerinnen,автомеханик (женщина),Die Kraftfahrzeugmechanikerin prüft die Bremsen.,Женщина-автомеханик проверяет тормоза.,die Kraftfahrzeugmechanikerin | Die Kraftfahrzeugmechanikerin prüft die Bremsen.,автомеханик (женщина) | Женщина-автомеханик проверяет тормоза.,1,21.07.2026,0,0,Kapitel 10_Работа и профессии
17.07.2026,Kap 10_ Ich arbeite bei ...,Raumpfleger,der,die Raumpfleger,уборщик,Der Raumpfleger putzt das Büro.,Уборщик моет офис.,der Raumpfleger | Der Raumpfleger putzt das Büro.,уборщик | Уборщик моет офис.,1,21.07.2026,0,0,Kapitel 10_Работа и профессии
17.07.2026,Kap 10_ Ich arbeite bei ...,Raumpflegerin,die,die Raumpflegerinnen,уборщица,Die Raumpflegerin reinigt den Flur.,Уборщица моет коридор.,die Raumpflegerin | Die Raumpflegerin reinigt den Flur.,уборщица | Уборщица моет коридор.,1,21.07.2026,0,0,Kapitel 10_Работа и профессии
17.07.2026,Kap 10_ Ich arbeite bei ...,Buchhaltung,die,die Buchhaltungen,бухгалтерия,Die Buchhaltung prüft die Rechnungen.,Бухгалтерия проверяет счета.,die Buchhaltung | Die Buchhaltung prüft die Rechnungen.,бухгалтерия | Бухгалтерия проверяет счета.,1,21.07.2026,0,0,Kapitel 10_Работа и профессии
17.07.2026,Kap 10_ Ich arbeite bei ...,"reparieren, er repariert, repariert",-,-,ремонтировать,Er repariert das Auto.,Он ремонтирует машину.,"reparieren, er repariert, repariert | Er repariert das Auto.",ремонтировать | Он ремонтирует машину.,1,21.07.2026,0,0,Kapitel 10_Работа и профессии
17.07.2026,Kap 10_ Ich arbeite bei ...,Arbeitsalltag,der,Sg.,рабочие будни,Mein Arbeitsalltag ist sehr stressig.,Мои рабочие будни очень напряженные.,der Arbeitsalltag | Mein Arbeitsalltag ist sehr stressig.,рабочие будни | Мои рабочие будни очень напряженные.,1,21.07.2026,0,0,Kapitel 10_Работа и профессии
17.07.2026,Kap 10_ Ich arbeite bei ...,"3 beraten, er berät, beraten",-,-,консультировать,Der Verkäufer berät die Kunden.,Продавец консультирует клиентов.,"3 beraten, er berät, beraten | Der Verkäufer berät die Kunden.",консультировать | Продавец консультирует клиентов.,1,21.07.2026,0,0,Kapitel 10_Работа и профессии
17.07.2026,Kap 10_ Ich arbeite bei ...,Bereitschaftsdienst,der,die Bereitschaftsdienste,дежурство,Der Arzt hat heute Bereitschaftsdienst.,У врача сегодня дежурство.,der Bereitschaftsdienst | Der Arzt hat heute Bereitschaftsdienst.,дежурство | У врача сегодня дежурство.,1,21.07.2026,0,0,Kapitel 10_Работа и профессии
17.07.2026,Kap 10_ Ich arbeite bei ...,Computerproblem,das,die Computerprobleme,проблема с компьютером,Ich habe ein Computerproblem.,У меня проблема с компьютером.,das Computerproblem | Ich habe ein Computerproblem.,проблема с компьютером | У меня проблема с компьютером.,1,21.07.2026,0,0,Kapitel 10_Работа и профессии
17.07.2026,Kap 10_ Ich arbeite bei ...,"dabeihaben, er hat dabei, dabeigehabt",-,-,иметь при себе,Hast du Geld dabei?,У тебя есть с собой деньги?,"dabeihaben, er hat dabei, dabeigehabt | Hast du Geld dabei?",иметь при себе | У тебя есть с собой деньги?,1,21.07.2026,0,0,Kapitel 10_Работа и профессии
17.07.2026,Kap 10_ Ich arbeite bei ...,"genau, genauer, am genau(e)sten",-,-,точно,Das ist genau richtig.,Это абсолютно верно.,"genau, genauer, am genau(e)sten | Das ist genau richtig.",точно | Это абсолютно верно.,1,21.07.2026,0,0,Kapitel 10_Работа и профессии
17.07.2026,Kap 10_ Ich arbeite bei ...,Gleitzeit,die,Sg.,скользящий график,In unserer Firma gibt es Gleitzeit.,В нашей фирме есть скользящий график.,die Gleitzeit | In unserer Firma gibt es Gleitzeit.,скользящий график | В нашей фирме есть скользящий график.,1,21.07.2026,0,0,Kapitel 10_Работа и профессии
17.07.2026,Kap 10_ Ich arbeite bei ...,Homepage,die,die Homepages,"домашняя страница (в Интернете), сайт",Die Homepage der Firma ist neu.,Домашняя страница фирмы новая.,die Homepage | Die Homepage der Firma ist neu.,"домашняя страница (в Интернете), сайт | Домашняя страница фирмы новая.",1,21.07.2026,0,0,Kapitel 10_Работа и профессии
17.07.2026,Kap 10_ Ich arbeite bei ...,Kauf,der,die Käufe,покупка,Der Kauf des Autos war teuer.,Покупка машины была дорогой.,der Kauf | Der Kauf des Autos war teuer.,покупка | Покупка машины была дорогой.,1,21.07.2026,0,0,Kapitel 10_Работа и профессии
17.07.2026,Kap 10_ Ich arbeite bei ...,"pflegen, er pflegt, gepflegt",-,-,заниматься чем-л.; поддерживать что-л.,Sie pflegt ihre kranke Mutter.,Она ухаживает за больной матерью.,"pflegen, er pflegt, gepflegt | Sie pflegt ihre kranke Mutter.",заниматься чем-л.; поддерживать что-л. | Она ухаживает за больной матерью.,1,21.07.2026,0,0,Kapitel 10_Работа и профессии
17.07.2026,Kap 10_ Ich arbeite bei ...,"schlecht, schlechter, am schlechtesten",-,-,плохой; плохо,Das Wetter ist heute schlecht.,Погода сегодня плохая.,"schlecht, schlechter, am schlechtesten | Das Wetter ist heute schlecht.",плохой; плохо | Погода сегодня плохая.,1,21.07.2026,0,0,Kapitel 10_Работа и профессии
17.07.2026,Kap 10_ Ich arbeite bei ...,"selbstständig, selbstständiger, am selbstständigsten",-,-,самостоятельный,Er arbeitet selbstständig.,Он работает самостоятельно.,"selbstständig, selbstständiger, am selbstständigsten | Er arbeitet selbstständig.",самостоятельный | Он работает самостоятельно.,1,21.07.2026,0,0,Kapitel 10_Работа и профессии
17.07.2026,Kap 10_ Ich arbeite bei ...,Betrieb,der,die Betriebe,предприятие,Er arbeitet in einem großen Betrieb.,Он работает на крупном предприятии.,der Betrieb | Er arbeitet in einem großen Betrieb.,предприятие | Он работает на крупном предприятии.,1,21.07.2026,0,0,Kapitel 10_Работа и профессии
17.07.2026,Kap 10_ Ich arbeite bei ...,dabei,-,-,при этом,Ich bin dabei.,Я участвую. (Я при этом.),dabei | Ich bin dabei.,при этом | Я участвую. (Я при этом.),1,21.07.2026,0,0,Kapitel 10_Работа и профессии
17.07.2026,Kap 10_ Ich arbeite bei ...,deshalb,-,-,поэтому,"Ich bin krank, deshalb bleibe ich im Bett.","Я болен, поэтому остаюсь в постели.","deshalb | Ich bin krank, deshalb bleibe ich im Bett.","поэтому | Я болен, поэтому остаюсь в постели.",1,21.07.2026,0,0,Kapitel 10_Работа и профессии
17.07.2026,Kap 10_ Ich arbeite bei ...,hoffentlich,-,-,надеюсь,Hoffentlich wird das Wetter besser.,"Надеюсь, погода улучшится.",hoffentlich | Hoffentlich wird das Wetter besser.,"надеюсь | Надеюсь, погода улучшится.",1,21.07.2026,0,0,Kapitel 10_Работа и профессии
17.07.2026,Kap 10_ Ich arbeite bei ...,"klappen, er klappt, hat geklappt (Hoffentlich klappt es.)",-,-,получаться,Hoffentlich klappt es.,Надеюсь это получится.,"klappen, er klappt, hat geklappt (Hoffentlich klappt es.) | Hoffentlich klappt es.",получаться | Надеюсь это получится.,1,21.07.2026,0,0,Kapitel 10_Работа и профессии
17.07.2026,Kap 10_ Ich arbeite bei ...,Meister,der,die Meister,мастер,Der Meister kontrolliert die Arbeit.,Мастер проверяет работу.,der Meister | Der Meister kontrolliert die Arbeit.,мастер | Мастер проверяет работу.,1,21.07.2026,0,0,Kapitel 10_Работа и профессии
17.07.2026,Kap 10_ Ich arbeite bei ...,Meisterin,die,die Meisterinnen,мастер (женщина),Die Meisterin leitet das Team.,Женщина-мастер руководит командой.,die Meisterin | Die Meisterin leitet das Team.,мастер (женщина) | Женщина-мастер руководит командой.,1,21.07.2026,0,0,Kapitel 10_Работа и профессии
17.07.2026,Kap 10_ Ich arbeite bei ...,Meisterprüfung,die,die Meisterprüfungen,экзамен на звание мастера,Er hat die Meisterprüfung bestanden.,Он сдал экзамен на звание мастера.,die Meisterprüfung | Er hat die Meisterprüfung bestanden.,экзамен на звание мастера | Он сдал экзамен на звание мастера.,1,21.07.2026,0,0,Kapitel 10_Работа и профессии
17.07.2026,Kap 10_ Ich arbeite bei ...,Montage,die,die Montagen,монтаж,Die Montage der Möbel dauert lange.,Монтаж мебели длится долго.,die Montage | Die Montage der Möbel dauert lange.,монтаж | Монтаж мебели длится долго.,1,21.07.2026,0,0,Kapitel 10_Работа и профессии
17.07.2026,Kap 10_ Ich arbeite bei ...,Stundenlohn,der,die Stundenlöhne,заработок в час,Der Stundenlohn ist gestiegen.,Почасовая оплата выросла.,der Stundenlohn | Der Stundenlohn ist gestiegen.,заработок в час | Почасовая оплата выросла.,1,21.07.2026,0,0,Kapitel 10_Работа и профессии
17.07.2026,Kap 10_ Ich arbeite bei ...,Überstunde,die,die Überstunden,сверхурочный час,Ich muss heute eine Überstunde machen.,Сегодня я должен отработать один сверхурочный час.,die Überstunde | Ich muss heute eine Überstunde machen.,сверхурочный час | Сегодня я должен отработать один сверхурочный час.,1,21.07.2026,0,0,Kapitel 10_Работа и профессии
17.07.2026,Kap 10_ Ich arbeite bei ...,arbeitslos,-,-,безработный,Er ist zurzeit arbeitslos.,В настоящее время он безработный.,arbeitslos | Er ist zurzeit arbeitslos.,безработный | В настоящее время он безработный.,1,21.07.2026,0,0,Kapitel 10_Работа и профессии
17.07.2026,Kap 10_ Ich arbeite bei ...,Bewerbung,die,die Bewerbungen,заявление о приёме на работу; резюме,Ich schreibe eine Bewerbung.,Я пишу резюме.,die Bewerbung | Ich schreibe eine Bewerbung.,заявление о приёме на работу; резюме | Я пишу резюме.,1,21.07.2026,0,0,Kapitel 10_Работа и профессии
17.07.2026,Kap 10_ Ich arbeite bei ...,Bezahlung,die,die Bezahlungen,оплата,Die Bezahlung ist sehr gut.,Оплата очень хорошая.,die Bezahlung | Die Bezahlung ist sehr gut.,оплата | Оплата очень хорошая.,1,21.07.2026,0,0,Kapitel 10_Работа и профессии
17.07.2026,Kap 10_ Ich arbeite bei ...,"hierbleiben, er bleibt hier, ist hiergeblieben",-,-,оставаться здесь,Wir müssen heute hierbleiben.,Сегодня мы должны остаться здесь.,"hierbleiben, er bleibt hier, ist hiergeblieben | Wir müssen heute hierbleiben.",оставаться здесь | Сегодня мы должны остаться здесь.,1,21.07.2026,0,0,Kapitel 10_Работа и профессии
17.07.2026,Kap 10_ Ich arbeite bei ...,Putzfrau,die,die Putzfrauen,уборщица,Die Putzfrau kommt am Freitag.,Уборщица приходит в пятницу.,die Putzfrau | Die Putzfrau kommt am Freitag.,уборщица | Уборщица приходит в пятницу.,1,21.07.2026,0,0,Kapitel 10_Работа и профессии
17.07.2026,Kap 10_ Ich arbeite bei ...,sogar,-,-,даже,Er hat sogar am Wochenende gearbeitet.,Он работал даже в выходные.,sogar | Er hat sogar am Wochenende gearbeitet.,даже | Он работал даже в выходные.,1,21.07.2026,0,0,Kapitel 10_Работа и профессии
17.07.2026,Kap 10_ Ich arbeite bei ...,"Stelle, -n (Arbeitsstelle, Arbeitsplatz)",die,die Stellen,"место, должность, рабочее место",Ich suche eine neue Stelle.,Я ищу новую работу.,"die Stelle, -n (Arbeitsstelle, Arbeitsplatz) | Ich suche eine neue Stelle.","место, должность, рабочее место | Я ищу новую работу.",1,21.07.2026,0,0,Kapitel 10_Работа и профессии
17.07.2026,Kap 10_ Ich arbeite bei ...,"wechseln, er wechselt, gewechselt",-,-,менять(-ся),Ich möchte Geld wechseln.,Я хочу обменять деньги.,"wechseln, er wechselt, gewechselt | Ich möchte Geld wechseln.",менять(-ся) | Я хочу обменять деньги.,1,21.07.2026,0,0,Kapitel 10_Работа и профессии
17.07.2026,Kap 10_ Ich arbeite bei ...,"Zeitarbeitsfirma, Zeitarbeitsfirmen",die,die Zeitarbeitsfirmen,агентство временной занятости,Ich arbeite bei einer Zeitarbeitsfirma.,Я работаю в агентстве временной занятости.,"die Zeitarbeitsfirma, Zeitarbeitsfirmen | Ich arbeite bei einer Zeitarbeitsfirma.",агентство временной занятости | Я работаю в агентстве временной занятости.,1,21.07.2026,0,0,Kapitel 10_Работа и профессии
17.07.2026,Kap 10_ Ich arbeite bei ...,zum Glück,-,-,к счастью,Zum Glück ist das Wetter heute schön.,"К счастью, сегодня хорошая погода.",zum Glück | Zum Glück ist das Wetter heute schön.,"к счастью | К счастью, сегодня хорошая погода.",1,21.07.2026,0,0,Kapitel 10_Работа и профессии
17.07.2026,Kap 10_ Ich arbeite bei ...,Großstadt,die,die Großstädte,большой город,Berlin ist eine große Großstadt.,Берлин — это большой город.,die Großstadt | Berlin ist eine große Großstadt.,большой город | Берлин — это большой город.,1,21.07.2026,0,0,Kapitel 10_Работа и профессии
17.07.2026,Kap 10_ Ich arbeite bei ...,samstags,-,-,по субботам,Ich arbeite nicht samstags.,Я не работаю по субботам.,samstags | Ich arbeite nicht samstags.,по субботам | Я не работаю по субботам.,1,21.07.2026,0,0,Kapitel 10_Работа и профессии
17.07.2026,Kap 10_ Ich arbeite bei ...,Seite 13Kapitelwortschatz,-,Seiten,страница,Bitte lesen Sie Seite 13.,"Пожалуйста, прочитайте страницу 13.",Seite 13Kapitelwortschatz | Bitte lesen Sie Seite 13.,"страница | Пожалуйста, прочитайте страницу 13.",1,21.07.2026,0,0,Kapitel 10_Работа и профессии
17.07.2026,Kap 10_ Ich arbeite bei ...,"5 anmelden, er meldet an, angemeldet",-,-,"заявлять, уведомлять о чём-л.",Ich möchte mich für den Deutschkurs anmelden.,Я хочу записаться на курс немецкого языка.,"5 anmelden, er meldet an, angemeldet | Ich möchte mich für den Deutschkurs anmelden.","заявлять, уведомлять о чём-л. | Я хочу записаться на курс немецкого языка.",1,21.07.2026,0,0,Kapitel 10_Работа и профессии
17.07.2026,Kap 10_ Ich arbeite bei ...,einverstanden (Sie ist mit der Miete einverstanden.),-,-,согласный,Sie ist mit der Miete einverstanden.,Она согласна с арендной платой.,einverstanden (Sie ist mit der Miete einverstanden.) | Sie ist mit der Miete einverstanden.,согласный | Она согласна с арендной платой.,1,21.07.2026,0,0,Kapitel 10_Работа и профессии
17.07.2026,Kap 10_ Ich arbeite bei ...,Hochzeitsreise,die,die Hochzeitsreisen,свадебная поездка,Wir machen eine Hochzeitsreise nach Italien.,Мы едем в свадебное путешествие в Италию.,die Hochzeitsreise | Wir machen eine Hochzeitsreise nach Italien.,свадебная поездка | Мы едем в свадебное путешествие в Италию.,1,21.07.2026,0,0,Kapitel 10_Работа и профессии
17.07.2026,Kap 10_ Ich arbeite bei ...,Sommerferien,die,Pl.,летние каникулы,Ich mag die Sommerferien.,Я люблю летние каникулы.,die Sommerferien | Ich mag die Sommerferien.,летние каникулы | Я люблю летние каникулы.,1,21.07.2026,0,0,Kapitel 10_Работа и профессии
17.07.2026,Kap 10_ Ich arbeite bei ...,Wievielte,die,die Wievielten,какой по счету,Der Wievielte ist heute?,Какое сегодня число?,die Wievielte | Der Wievielte ist heute?,какой по счету | Какое сегодня число?,1,21.07.2026,0,0,Kapitel 10_Работа и профессии
17.07.2026,Kap 10_ Ich arbeite bei ...,Ach-Laut,der,die Ach-Laute,ах-звук (звук [x]),Das Wort „Buch“ hat einen Ach-Laut.,В слове «Buch» есть ах-звук.,der Ach-Laut | Das Wort „Buch“ hat einen Ach-Laut.,ах-звук (звук [x]) | В слове «Buch» есть ах-звук.,1,21.07.2026,0,0,Kapitel 10_Работа и профессии
17.07.2026,Kap 10_ Ich arbeite bei ...,Ich-Laut,der,die Ich-Laute,их-звук (звук [ç] в немецком языке),Das Wort „ich“ hat einen Ich-Laut.,В слове «ich» есть их-звук.,der Ich-Laut | Das Wort „ich“ hat einen Ich-Laut.,их-звук (звук [ç] в немецком языке) | В слове «ich» есть их-звук.,1,21.07.2026,0,0,Kapitel 10_Работа и профессии
17.07.2026,Kap 10_ Ich arbeite bei ...,Mechaniker,der,die Mechaniker,механик,Der Mechaniker repariert mein Auto.,Механик ремонтирует мою машину.,der Mechaniker | Der Mechaniker repariert mein Auto.,механик | Механик ремонтирует мою машину.,1,21.07.2026,0,0,Kapitel 10_Работа и профессии
17.07.2026,Kap 10_ Ich arbeite bei ...,Mechanikerin,die,die Mechanikerinnen,механик (женщина),Die Mechanikerin repariert mein Auto.,Механик чинит мою машину.,die Mechanikerin | Die Mechanikerin repariert mein Auto.,механик (женщина) | Механик чинит мою машину.,1,21.07.2026,0,0,Kapitel 10_Работа и профессии
17.07.2026,Kap 10_ Ich arbeite bei ...,Sachbearbeiter,der,die Sachbearbeiter,"специалист, сотрудник (по работе с документами)",Der Sachbearbeiter prüft meinen Antrag.,Специалист проверяет мое заявление.,der Sachbearbeiter | Der Sachbearbeiter prüft meinen Antrag.,"специалист, сотрудник (по работе с документами) | Специалист проверяет мое заявление.",1,21.07.2026,0,0,Kapitel 10_Работа и профессии
17.07.2026,Kap 10_ Ich arbeite bei ...,Sachbearbeiterin,die,die Sachbearbeiterinnen,"специалист, сотрудник (по работе с документами, женщина)",Die Sachbearbeiterin hilft mir bei dem Formular.,Специалистка помогает мне с бланком.,die Sachbearbeiterin | Die Sachbearbeiterin hilft mir bei dem Formular.,"специалист, сотрудник (по работе с документами, женщина) | Специалистка помогает мне с бланком.",1,21.07.2026,0,0,Kapitel 10_Работа и профессии
17.07.2026,Kap 10_ Ich arbeite bei ...,"7 anstrengend anstrengender, am anstrengendsten",-,-,утомительный,Die Arbeit ist sehr anstrengend.,Работа очень утомительная.,"7 anstrengend anstrengender, am anstrengendsten | Die Arbeit ist sehr anstrengend.",утомительный | Работа очень утомительная.,1,21.07.2026,0,0,Kapitel 10_Работа и профессии
17.07.2026,Kap 10_ Ich arbeite bei ...,"aufhören, er hört auf, aufgehört",-,-,"прекращать, переставать",Er hört auf zu arbeiten.,Он перестает работать.,"aufhören, er hört auf, aufgehört | Er hört auf zu arbeiten.","прекращать, переставать | Он перестает работать.",1,21.07.2026,0,0,Kapitel 10_Работа и профессии
17.07.2026,Kap 10_ Ich arbeite bei ...,"auswählen, er wählt aus, ausgewählt",-,-,выбирать,Sie können ein Geschenk auswählen.,Вы можете выбрать подарок.,"auswählen, er wählt aus, ausgewählt | Sie können ein Geschenk auswählen.",выбирать | Вы можете выбрать подарок.,1,21.07.2026,0,0,Kapitel 10_Работа и профессии
17.07.2026,Kap 10_ Ich arbeite bei ...,"bezahlt , (Der Job ist gut bezahlt.)",-,-,оплачиваемый,Der Job ist gut bezahlt.,Работа хорошо оплачивается.,"bezahlt , (Der Job ist gut bezahlt.) | Der Job ist gut bezahlt.",оплачиваемый | Работа хорошо оплачивается.,1,21.07.2026,0,0,Kapitel 10_Работа и профессии
17.07.2026,Kap 10_ Ich arbeite bei ...,"einteilen, er teilt ein, eingeteilt",-,-,распределять,Wir müssen die Arbeit einteilen.,Мы должны распределить работу.,"einteilen, er teilt ein, eingeteilt | Wir müssen die Arbeit einteilen.",распределять | Мы должны распределить работу.,1,21.07.2026,0,0,Kapitel 10_Работа и профессии
17.07.2026,Kap 10_ Ich arbeite bei ...,"frisch, frischer, am frischesten",-,-,свежий,Das Brot ist ganz frisch.,Хлеб совсем свежий.,"frisch, frischer, am frischesten | Das Brot ist ganz frisch.",свежий | Хлеб совсем свежий.,1,21.07.2026,0,0,Kapitel 10_Работа и профессии
17.07.2026,Kap 10_ Ich arbeite bei ...,"kreativ, kreativer, am kreativsten",-,-,творческий,Sie ist sehr kreativ.,Она очень творческая.,"kreativ, kreativer, am kreativsten | Sie ist sehr kreativ.",творческий | Она очень творческая.,1,21.07.2026,0,0,Kapitel 10_Работа и профессии
17.07.2026,Kap 10_ Ich arbeite bei ...,Luft,die,die Lüfte,воздух,Die Luft hier ist sehr sauber.,Воздух здесь очень чистый.,die Luft | Die Luft hier ist sehr sauber.,воздух | Воздух здесь очень чистый.,1,21.07.2026,0,0,Kapitel 10_Работа и профессии
17.07.2026,Kap 10_ Ich arbeite bei ...,"sicher, sicherer, am sichersten",-,-,"безопасный, надежный, уверенный",Ich bin sicher.,Я уверен.,"sicher, sicherer, am sichersten | Ich bin sicher.","безопасный, надежный, уверенный | Я уверен.",1,21.07.2026,0,0,Kapitel 10_Работа и профессии
17.07.2026,Kap 10_ Ich arbeite bei ...,Pantomime,die,die Pantomimen,пантомима,Er spielt Pantomime.,Он играет пантомиму.,die Pantomime | Er spielt Pantomime.,пантомима | Он играет пантомиму.,1,21.07.2026,0,0,Kapitel 10_Работа и профессии
17.07.2026,Kap 10_ Ich arbeite bei ...,"erfinden, er erfindet, erfunden",-,-,придумывать,Er erfindet eine neue Maschine.,Он изобретает новую машину.,"erfinden, er erfindet, erfunden | Er erfindet eine neue Maschine.",придумывать | Он изобретает новую машину.,1,21.07.2026,0,0,Kapitel 10_Работа и профессии
17.07.2026,Kap 10_ Ich arbeite bei ...,Sänger,der,die Sänger,певец,Der Sänger hat eine tolle Stimme.,У певца отличный голос.,der Sänger | Der Sänger hat eine tolle Stimme.,певец | У певца отличный голос.,1,21.07.2026,0,0,Kapitel 10_Работа и профессии
17.07.2026,Kap 10_ Ich arbeite bei ...,Sängerin,die,die Sängerinnen,певица,Die Sängerin singt wunderschön.,Певица поет чудесно.,die Sängerin | Die Sängerin singt wunderschön.,певица | Певица поет чудесно.,1,21.07.2026,0,0,Kapitel 10_Работа и профессии
17.07.2026,Kap 10_ Ich arbeite bei ...,8 selektiv,-,-,выборочный,Das ist ein selektiver Prozess.,Это выборочный процесс.,8 selektiv | Das ist ein selektiver Prozess.,выборочный | Это выборочный процесс.,1,21.07.2026,0,0,Kapitel 10_Работа и профессии
17.07.2026,Kap 10_ Ich arbeite bei ...,abgeschlossen,-,-,законченный,Das Projekt ist abgeschlossen.,Проект завершен.,abgeschlossen | Das Projekt ist abgeschlossen.,законченный | Проект завершен.,1,21.07.2026,0,0,Kapitel 10_Работа и профессии
17.07.2026,Kap 10_ Ich arbeite bei ...,Abrechnung,die,die Abrechnungen,расчёт,Ich mache die Abrechnung.,Я делаю расчет.,die Abrechnung | Ich mache die Abrechnung.,расчёт | Я делаю расчет.,1,21.07.2026,0,0,Kapitel 10_Работа и профессии
17.07.2026,Kap 10_ Ich arbeite bei ...,Anforderung,die,die Anforderungen,требование,Das ist eine hohe Anforderung.,Это высокое требование.,die Anforderung | Das ist eine hohe Anforderung.,требование | Это высокое требование.,1,21.07.2026,0,0,Kapitel 10_Работа и профессии
17.07.2026,Kap 10_ Ich arbeite bei ...,"angenehm, angenehmer, am angenehmsten",-,-,приятный,Das Wetter ist heute angenehm.,Погода сегодня приятная.,"angenehm, angenehmer, am angenehmsten | Das Wetter ist heute angenehm.",приятный | Погода сегодня приятная.,1,21.07.2026,0,0,Kapitel 10_Работа и профессии
17.07.2026,Kap 10_ Ich arbeite bei ...,Ausbau,der,Sg.,"расширение, развитие",Der Ausbau der Straße dauert lange.,Расширение дороги длится долго.,der Ausbau | Der Ausbau der Straße dauert lange.,"расширение, развитие | Расширение дороги длится долго.",1,21.07.2026,0,0,Kapitel 10_Работа и профессии
17.07.2026,Kap 10_ Ich arbeite bei ...,"auszeichnen (sich), er zeichnet sich aus, hat sich ausgezeichnet (Handwerkliche",-,-,отличаться,Er zeichnet sich durch Fleiß aus.,Он отличается прилежанием.,"auszeichnen (sich), er zeichnet sich aus, hat sich ausgezeichnet (Handwerkliche | Er zeichnet sich durch Fleiß aus.",отличаться | Он отличается прилежанием.,1,21.07.2026,0,0,Kapitel 10_Работа и профессии
17.07.2026,Kap 10_ Ich arbeite bei ...,Fähigkeiten zeichnen ihn aus.),-,-,-,Seine Fähigkeiten zeichnen ihn aus.,Его способности выделяют его.,Fähigkeiten zeichnen ihn aus.) | Seine Fähigkeiten zeichnen ihn aus.,- | Его способности выделяют его.,1,21.07.2026,0,0,Kapitel 10_Работа и профессии
17.07.2026,Kap 10_ Ich arbeite bei ...,befristet,-,-,ограниченный сроком,Der Vertrag ist befristet.,Договор ограничен сроком.,befristet | Der Vertrag ist befristet.,ограниченный сроком | Договор ограничен сроком.,1,21.07.2026,0,0,Kapitel 10_Работа и профессии
17.07.2026,Kap 10_ Ich arbeite bei ...,Bekannte,der/die,die Bekannten,знакомый (-ая),Er ist ein guter Bekannter von mir.,Он мой хороший знакомый.,der/die Bekannte | Er ist ein guter Bekannter von mir.,знакомый (-ая) | Он мой хороший знакомый.,1,21.07.2026,0,0,Kapitel 10_Работа и профессии
17.07.2026,Kap 10_ Ich arbeite bei ...,Bereich,der,die Bereiche,область,In diesem Bereich kenne ich mich aus.,В этой области я разбираюсь.,der Bereich | In diesem Bereich kenne ich mich aus.,область | В этой области я разбираюсь.,1,21.07.2026,0,0,Kapitel 10_Работа и профессии
17.07.2026,Kap 10_ Ich arbeite bei ...,"bieten, er bietet, geboten",-,-,предлагать,Die Firma bietet gute Chancen.,Фирма предлагает хорошие шансы.,"bieten, er bietet, geboten | Die Firma bietet gute Chancen.",предлагать | Фирма предлагает хорошие шансы.,1,21.07.2026,0,0,Kapitel 10_Работа и профессии
17.07.2026,Kap 10_ Ich arbeite bei ...,Buchhandel,der,Sg.,книготорговля,Er arbeitet im Buchhandel.,Он работает в книготорговле.,der Buchhandel | Er arbeitet im Buchhandel.,книготорговля | Он работает в книготорговле.,1,21.07.2026,0,0,Kapitel 10_Работа и профессии
17.07.2026,Kap 10_ Ich arbeite bei ...,Buchhändler,der,die Buchhändler,книготорговец,Der Buchhändler empfiehlt ein Buch.,Книготорговец рекомендует книгу.,der Buchhändler | Der Buchhändler empfiehlt ein Buch.,книготорговец | Книготорговец рекомендует книгу.,1,21.07.2026,0,0,Kapitel 10_Работа и профессии
17.07.2026,Kap 10_ Ich arbeite bei ...,Buchhändlerin,die,die Buchhändlerinnen,книготорговец (женщина),Die Buchhändlerin ist sehr nett.,Книготорговец (женщина) очень милая.,die Buchhändlerin | Die Buchhändlerin ist sehr nett.,книготорговец (женщина) | Книготорговец (женщина) очень милая.,1,21.07.2026,0,0,Kapitel 10_Работа и профессии
17.07.2026,Kap 10_ Ich arbeite bei ...,Buchhandlung,die,die Buchhandlungen,книжный магазин,Ich kaufe ein Buch in der Buchhandlung.,Я покупаю книгу в книжном магазине.,die Buchhandlung | Ich kaufe ein Buch in der Buchhandlung.,книжный магазин | Я покупаю книгу в книжном магазине.,1,21.07.2026,0,0,Kapitel 10_Работа и профессии
17.07.2026,Kap 10_ Ich arbeite bei ...,Dame,die,die Damen,дама,Die Dame trägt einen Hut.,Дама носит шляпу.,die Dame | Die Dame trägt einen Hut.,дама | Дама носит шляпу.,1,21.07.2026,0,0,Kapitel 10_Работа и профессии
17.07.2026,Kap 10_ Ich arbeite bei ...,Datenverarbeitung,die,Sg.,обработка данных,Die Datenverarbeitung ist wichtig.,Обработка данных важна.,die Datenverarbeitung | Die Datenverarbeitung ist wichtig.,обработка данных | Обработка данных важна.,1,21.07.2026,0,0,Kapitel 10_Работа и профессии
17.07.2026,Kap 10_ Ich arbeite bei ...,Design,das,die Designs,дизайн,Das Design gefällt mir sehr.,Дизайн мне очень нравится.,das Design | Das Design gefällt mir sehr.,дизайн | Дизайн мне очень нравится.,1,21.07.2026,0,0,Kapitel 10_Работа и профессии
17.07.2026,Kap 10_ Ich arbeite bei ...,Deutschkenntnisse,die,Pl.,знания немецкого языка,Meine Deutschkenntnisse sind gut.,Мои знания немецкого языка хорошие.,die Deutschkenntnisse | Meine Deutschkenntnisse sind gut.,знания немецкого языка | Мои знания немецкого языка хорошие.,1,21.07.2026,0,0,Kapitel 10_Работа и профессии
17.07.2026,Kap 10_ Ich arbeite bei ...,Direktor,der,die Direktoren,директор,Der Direktor hält eine Rede.,Директор произносит речь.,der Direktor | Der Direktor hält eine Rede.,директор | Директор произносит речь.,1,21.07.2026,0,0,Kapitel 10_Работа и профессии
17.07.2026,Kap 10_ Ich arbeite bei ...,Direktorin,die,die Direktorinnen,директор (женщина),Die Direktorin leitet die Schule.,Директор (женщина) руководит школой.,die Direktorin | Die Direktorin leitet die Schule.,директор (женщина) | Директор (женщина) руководит школой.,1,21.07.2026,0,0,Kapitel 10_Работа и профессии
17.07.2026,Kap 10_ Ich arbeite bei ...,einsatzfreudig,-,-,готовый к работе с полной отдачей,Er ist ein einsatzfreudiger Mitarbeiter.,"Он сотрудник, готовый работать с полной отдачей.",einsatzfreudig | Er ist ein einsatzfreudiger Mitarbeiter.,"готовый к работе с полной отдачей | Он сотрудник, готовый работать с полной отдачей.",1,21.07.2026,0,0,Kapitel 10_Работа и профессии
17.07.2026,Kap 10_ Ich arbeite bei ...,"engagiert, engagierter, am engagiertesten",-,-,"активный, заинтересованный",Sie ist sehr engagiert.,Она очень активна.,"engagiert, engagierter, am engagiertesten | Sie ist sehr engagiert.","активный, заинтересованный | Она очень активна.",1,21.07.2026,0,0,Kapitel 10_Работа и профессии
17.07.2026,Kap 10_ Ich arbeite bei ...,Erfahrung,die,die Erfahrungen,опыт,Ich habe viel Erfahrung in diesem Beruf.,У меня большой опыт в этой профессии.,die Erfahrung | Ich habe viel Erfahrung in diesem Beruf.,опыт | У меня большой опыт в этой профессии.,1,21.07.2026,0,0,Kapitel 10_Работа и профессии
17.07.2026,Kap 10_ Ich arbeite bei ...,"fachkundige, fachkundiger, am fachkundigsten",-,-,компетентный,Wir brauchen fachkundige Beratung.,Нам нужна компетентная консультация.,"fachkundige, fachkundiger, am fachkundigsten | Wir brauchen fachkundige Beratung.",компетентный | Нам нужна компетентная консультация.,1,21.07.2026,0,0,Kapitel 10_Работа и профессии
17.07.2026,Kap 10_ Ich arbeite bei ...,Fähigkeit,die,die Fähigkeiten,способность,Das ist eine besondere Fähigkeit.,Это особая способность.,die Fähigkeit | Das ist eine besondere Fähigkeit.,способность | Это особая способность.,1,21.07.2026,0,0,Kapitel 10_Работа и профессии
17.07.2026,Kap 10_ Ich arbeite bei ...,Festanstellung,die,die Festanstellungen,постоянное место работы,Er sucht eine Festanstellung.,Он ищет постоянную работу.,die Festanstellung | Er sucht eine Festanstellung.,постоянное место работы | Он ищет постоянную работу.,1,21.07.2026,0,0,Kapitel 10_Работа и профессии
17.07.2026,Kap 10_ Ich arbeite bei ...,"freundlich, freundlicher, am freundlichsten",-,-,приветливый,Der Kellner ist sehr freundlich.,Официант очень приветливый.,"freundlich, freundlicher, am freundlichsten | Der Kellner ist sehr freundlich.",приветливый | Официант очень приветливый.,1,21.07.2026,0,0,Kapitel 10_Работа и профессии
17.07.2026,Kap 10_ Ich arbeite bei ...,Führerschein,der,die Führerscheine,водительские права,Ich mache gerade meinen Führerschein.,Я сейчас получаю водительские права.,der Führerschein | Ich mache gerade meinen Führerschein.,водительские права | Я сейчас получаю водительские права.,1,21.07.2026,0,0,Kapitel 10_Работа и профессии
17.07.2026,Kap 10_ Ich arbeite bei ...,"garantieren, er garantiert, garantiert",-,-,гарантировать,Wir garantieren beste Qualität.,Мы гарантируем лучшее качество.,"garantieren, er garantiert, garantiert | Wir garantieren beste Qualität.",гарантировать | Мы гарантируем лучшее качество.,1,21.07.2026,0,0,Kapitel 10_Работа и профессии
17.07.2026,Kap 10_ Ich arbeite bei ...,Gastronomie,die,Sg.,гастрономия,Er arbeitet in der Gastronomie.,Он работает в сфере гастрономии.,die Gastronomie | Er arbeitet in der Gastronomie.,гастрономия | Он работает в сфере гастрономии.,1,21.07.2026,0,0,Kapitel 10_Работа и профессии
17.07.2026,Kap 10_ Ich arbeite bei ...,handwerklich,-,-,ремесленный,Er ist handwerklich sehr geschickt.,Он очень искусен в ремесле.,handwerklich | Er ist handwerklich sehr geschickt.,ремесленный | Он очень искусен в ремесле.,1,21.07.2026,0,0,Kapitel 10_Работа и профессии
17.07.2026,Kap 10_ Ich arbeite bei ...,"Hochschulstudium, Hochschulstudien",das,die Hochschulstudien,высшее образование,Ein Hochschulstudium dauert mehrere Jahre.,Высшее образование длится несколько лет.,"das Hochschulstudium, Hochschulstudien | Ein Hochschulstudium dauert mehrere Jahre.",высшее образование | Высшее образование длится несколько лет.,1,21.07.2026,0,0,Kapitel 10_Работа и профессии
17.07.2026,Kap 10_ Ich arbeite bei ...,Imbissverkäufer,der,die Imbissverkäufer,продавец в закусочной,Der Imbissverkäufer macht gute Currywurst.,Продавец в закусочной делает хорошую карривурст.,der Imbissverkäufer | Der Imbissverkäufer macht gute Currywurst.,продавец в закусочной | Продавец в закусочной делает хорошую карривурст.,1,21.07.2026,0,0,Kapitel 10_Работа и профессии
17.07.2026,Kap 10_ Ich arbeite bei ...,Imbissverkäuferin,die,die Imbissverkäuferinnen,продавец в закусочной (женщина),Die Imbissverkäuferin ist schnell.,Продавец в закусочной (женщина) работает быстро.,die Imbissverkäuferin | Die Imbissverkäuferin ist schnell.,продавец в закусочной (женщина) | Продавец в закусочной (женщина) работает быстро.,1,21.07.2026,0,0,Kapitel 10_Работа и профессии
17.07.2026,Kap 10_ Ich arbeite bei ...,Informatik,die,Sg.,информатика,Sie studiert Informatik.,Она изучает информатику.,die Informatik | Sie studiert Informatik.,информатика | Она изучает информатику.,1,21.07.2026,0,0,Kapitel 10_Работа и профессии
17.07.2026,Kap 10_ Ich arbeite bei ...,"jung, jünger, am jüngsten",-,-,молодой,Mein Bruder ist noch sehr jung.,Мой брат еще очень молод.,"jung, jünger, am jüngsten | Mein Bruder ist noch sehr jung.",молодой | Мой брат еще очень молод.,1,21.07.2026,0,0,Kapitel 10_Работа и профессии
17.07.2026,Kap 10_ Ich arbeite bei ...,kommunikationsfreudig,-,-,общительный,Sie ist kommunikationsfreudig und offen.,Она общительна и открыта.,kommunikationsfreudig | Sie ist kommunikationsfreudig und offen.,общительный | Она общительна и открыта.,1,21.07.2026,0,0,Kapitel 10_Работа и профессии
17.07.2026,Kap 10_ Ich arbeite bei ...,kundenorientiert,-,-,ориентированный на клиента,Unser Service ist kundenorientiert.,Наш сервис ориентирован на клиента.,kundenorientiert | Unser Service ist kundenorientiert.,ориентированный на клиента | Наш сервис ориентирован на клиента.,1,21.07.2026,0,0,Kapitel 10_Работа и профессии
17.07.2026,Kap 10_ Ich arbeite bei ...,Mitarbeiter,der,die Mitarbeiter,сотрудник,Wir haben 50 Mitarbeiter.,У нас 50 сотрудников.,der Mitarbeiter | Wir haben 50 Mitarbeiter.,сотрудник | У нас 50 сотрудников.,1,21.07.2026,0,0,Kapitel 10_Работа и профессии
17.07.2026,Kap 10_ Ich arbeite bei ...,Mitarbeiterin,die,die Mitarbeiterinnen,сотрудница,Die neue Mitarbeiterin ist sehr nett.,Новая сотрудница очень приятная.,die Mitarbeiterin | Die neue Mitarbeiterin ist sehr nett.,сотрудница | Новая сотрудница очень приятная.,1,21.07.2026,0,0,Kapitel 10_Работа и профессии
17.07.2026,Kap 10_ Ich arbeite bei ...,Möbelkundendienst,der,die Möbelkundendienste,службa по обслуживанию клиентов (мебель),Rufen Sie den Möbelkundendienst an.,Позвоните в службу обслуживания мебели.,der Möbelkundendienst | Rufen Sie den Möbelkundendienst an.,службa по обслуживанию клиентов (мебель) | Позвоните в службу обслуживания мебели.,1,21.07.2026,0,0,Kapitel 10_Работа и профессии
17.07.2026,Kap 10_ Ich arbeite bei ...,präsent,-,-,присутствующий,Er ist im Meeting präsent.,Он присутствует на встрече.,präsent | Er ist im Meeting präsent.,присутствующий | Он присутствует на встрече.,1,21.07.2026,0,0,Kapitel 10_Работа и профессии
17.07.2026,Kap 10_ Ich arbeite bei ...,Programmiersprache,die,die Programmiersprachen,язык программирования,Python ist eine Programmiersprache.,Python — это язык программирования.,die Programmiersprache | Python ist eine Programmiersprache.,язык программирования | Python — это язык программирования.,1,21.07.2026,0,0,Kapitel 10_Работа и профессии
17.07.2026,Kap 10_ Ich arbeite bei ...,Programmierung,die,die Programmierungen,программирование,Die Programmierung ist kompliziert.,Программирование сложное.,die Programmierung | Die Programmierung ist kompliziert.,программирование | Программирование сложное.,1,21.07.2026,0,0,Kapitel 10_Работа и профессии
17.07.2026,Kap 10_ Ich arbeite bei ...,"qualifiziert, qualifizierter, am qualifiziertesten",-,-,квалифицированный,Wir suchen qualifiziertes Personal.,Мы ищем квалифицированный персонал.,"qualifiziert, qualifizierter, am qualifiziertesten | Wir suchen qualifiziertes Personal.",квалифицированный | Мы ищем квалифицированный персонал.,1,21.07.2026,0,0,Kapitel 10_Работа и профессии
17.07.2026,Kap 10_ Ich arbeite bei ...,Reinigungsfrau,die,die Reinigungsfrauen,уборщица,Die Reinigungsfrau kommt jeden Morgen.,Уборщица приходит каждое утро.,die Reinigungsfrau | Die Reinigungsfrau kommt jeden Morgen.,уборщица | Уборщица приходит каждое утро.,1,21.07.2026,0,0,Kapitel 10_Работа и профессии
17.07.2026,Kap 10_ Ich arbeite bei ...,Schichtdienst,der,die Schichtdienste,сменная работа,Er arbeitet im Schichtdienst.,Он работает посменно.,der Schichtdienst | Er arbeitet im Schichtdienst.,сменная работа | Он работает посменно.,1,21.07.2026,0,0,Kapitel 10_Работа и профессии
17.07.2026,Kap 10_ Ich arbeite bei ...,Schreiner,der,die Schreiner,столяр,Der Schreiner macht einen Tisch.,Столяр делает стол.,der Schreiner | Der Schreiner macht einen Tisch.,столяр | Столяр делает стол.,1,21.07.2026,0,0,Kapitel 10_Работа и профессии
17.07.2026,Kap 10_ Ich arbeite bei ...,Schreinerin,die,die Schreinerinnen,столяр (женщина),Die Schreinerin repariert den Stuhl.,Женщина-столяр чинит стул.,die Schreinerin | Die Schreinerin repariert den Stuhl.,столяр (женщина) | Женщина-столяр чинит стул.,1,21.07.2026,0,0,Kapitel 10_Работа и профессии
17.07.2026,Kap 10_ Ich arbeite bei ...,Schreinerausbildung,die,die Schreinerausbildungen,обучение столярному делу,Er macht eine Schreinerausbildung.,Он учится на столяра.,die Schreinerausbildung | Er macht eine Schreinerausbildung.,обучение столярному делу | Он учится на столяра.,1,21.07.2026,0,0,Kapitel 10_Работа и профессии
17.07.2026,Kap 10_ Ich arbeite bei ...,Service,der,die Services,сервис,Der Service im Hotel war super.,Сервис в отеле был супер.,der Service | Der Service im Hotel war super.,сервис | Сервис в отеле был супер.,1,21.07.2026,0,0,Kapitel 10_Работа и профессии
17.07.2026,Kap 10_ Ich arbeite bei ...,Sofortbeginn,der,Sg.,немедленное начало,Wir suchen Mitarbeiter mit Sofortbeginn.,Мы ищем сотрудников с возможностью немедленного начала работы.,der Sofortbeginn | Wir suchen Mitarbeiter mit Sofortbeginn.,немедленное начало | Мы ищем сотрудников с возможностью немедленного начала работы.,1,21.07.2026,0,0,Kapitel 10_Работа и профессии
17.07.2026,Kap 10_ Ich arbeite bei ...,sofortig,-,-,немедленный,Ich brauche eine sofortige Antwort.,Мне нужен немедленный ответ.,sofortig | Ich brauche eine sofortige Antwort.,немедленный | Мне нужен немедленный ответ.,1,21.07.2026,0,0,Kapitel 10_Работа и профессии
17.07.2026,Kap 10_ Ich arbeite bei ...,Spedition,die,die Speditionen,экспедиция,Die Spedition liefert die Möbel.,Экспедиторская компания доставляет мебель.,die Spedition | Die Spedition liefert die Möbel.,экспедиция | Экспедиторская компания доставляет мебель.,1,21.07.2026,0,0,Kapitel 10_Работа и профессии
17.07.2026,Kap 10_ Ich arbeite bei ...,Speditionsbranche,die,die Speditionsbranchen,экспедиторская отрасль,Er arbeitet in der Speditionsbranche.,Он работает в экспедиторской отрасли.,die Speditionsbranche | Er arbeitet in der Speditionsbranche.,экспедиторская отрасль | Он работает в экспедиторской отрасли.,1,21.07.2026,0,0,Kapitel 10_Работа и профессии
17.07.2026,Kap 10_ Ich arbeite bei ...,Spezialitätenbäckerei,die,die Spezialitätenbäckereien,пекарня фирменных изделий,Wir kaufen Brot in der Spezialitätenbäckerei.,Мы покупаем хлеб в пекарне фирменных изделий.,die Spezialitätenbäckerei | Wir kaufen Brot in der Spezialitätenbäckerei.,пекарня фирменных изделий | Мы покупаем хлеб в пекарне фирменных изделий.,1,21.07.2026,0,0,Kapitel 10_Работа и профессии
17.07.2026,Kap 10_ Ich arbeite bei ...,"Stadtmitte, -n (meist Sg.)",die,die Stadtmitten,центр города,Wir wohnen in der Stadtmitte.,Мы живем в центре города.,"die Stadtmitte, -n (meist Sg.) | Wir wohnen in der Stadtmitte.",центр города | Мы живем в центре города.,1,21.07.2026,0,0,Kapitel 10_Работа и профессии
17.07.2026,Kap 10_ Ich arbeite bei ...,Team,das,die Teams,команда,Wir sind ein gutes Team.,Мы хорошая команда.,das Team | Wir sind ein gutes Team.,команда | Мы хорошая команда.,1,21.07.2026,0,0,Kapitel 10_Работа и профессии
17.07.2026,Kap 10_ Ich arbeite bei ...,teamorientiert,-,-,ориентированный на работу в команде,Sie arbeitet sehr teamorientiert.,Она работает очень ориентированно на команду.,teamorientiert | Sie arbeitet sehr teamorientiert.,ориентированный на работу в команде | Она работает очень ориентированно на команду.,1,21.07.2026,0,0,Kapitel 10_Работа и профессии
17.07.2026,Kap 10_ Ich arbeite bei ...,Telefonservice,der,Sg.,телефонный сервис,Der Telefonservice ist rund um die Uhr erreichbar.,Телефонный сервис доступен круглосуточно.,der Telefonservice | Der Telefonservice ist rund um die Uhr erreichbar.,телефонный сервис | Телефонный сервис доступен круглосуточно.,1,21.07.2026,0,0,Kapitel 10_Работа и профессии
17.07.2026,Kap 10_ Ich arbeite bei ...,Telefonstimme,die,die Telefonstimmen,голос по телефону,Sie hat eine angenehme Telefonstimme.,У нее приятный голос по телефону.,die Telefonstimme | Sie hat eine angenehme Telefonstimme.,голос по телефону | У нее приятный голос по телефону.,1,21.07.2026,0,0,Kapitel 10_Работа и профессии
17.07.2026,Kap 10_ Ich arbeite bei ...,"üblich, üblicher, am üblichsten",-,-,стандартный; общепринятый,Das ist hier so üblich.,Здесь так принято.,"üblich, üblicher, am üblichsten | Das ist hier so üblich.",стандартный; общепринятый | Здесь так принято.,1,21.07.2026,0,0,Kapitel 10_Работа и профессии
17.07.2026,Kap 10_ Ich arbeite bei ...,Unterlagen,die,Pl.,документация,Bitte bringen Sie Ihre Unterlagen mit.,"Пожалуйста, принесите ваши документы.",die Unterlagen | Bitte bringen Sie Ihre Unterlagen mit.,"документация | Пожалуйста, принесите ваши документы.",1,21.07.2026,0,0,Kapitel 10_Работа и профессии
17.07.2026,Kap 10_ Ich arbeite bei ...,Vollzeitstelle,die,die Vollzeitstellen,место работы на полный рабочий день,Ich suche eine Vollzeitstelle.,Я ищу работу на полный рабочий день.,die Vollzeitstelle | Ich suche eine Vollzeitstelle.,место работы на полный рабочий день | Я ищу работу на полный рабочий день.,1,21.07.2026,0,0,Kapitel 10_Работа и профессии
17.07.2026,Kap 10_ Ich arbeite bei ...,Voraussetzung,die,die Voraussetzungen,предпосылка,Gute Deutschkenntnisse sind Voraussetzung.,Хорошее знание немецкого языка является обязательным условием.,die Voraussetzung | Gute Deutschkenntnisse sind Voraussetzung.,предпосылка | Хорошее знание немецкого языка является обязательным условием.,1,21.07.2026,0,0,Kapitel 10_Работа и профессии
17.07.2026,Kap 10_ Ich arbeite bei ...,Vorteil,der,die Vorteile,преимущество,Das ist ein großer Vorteil.,Это большое преимущество.,der Vorteil | Das ist ein großer Vorteil.,преимущество | Это большое преимущество.,1,21.07.2026,0,0,Kapitel 10_Работа и профессии
17.07.2026,Kap 10_ Ich arbeite bei ...,Web-Service,der,Sg.,веб-сервис,Der Web-Service funktioniert nicht.,Веб-сервис не работает.,der Web-Service | Der Web-Service funktioniert nicht.,веб-сервис | Веб-сервис не работает.,1,21.07.2026,0,0,Kapitel 10_Работа и профессии
17.07.2026,Kap 10_ Ich arbeite bei ...,Weiterentwicklung,die,die Weiterentwicklungen,дальнейшее развитие,Die Weiterentwicklung des Projekts ist wichtig.,Дальнейшее развитие проекта важно.,die Weiterentwicklung | Die Weiterentwicklung des Projekts ist wichtig.,дальнейшее развитие | Дальнейшее развитие проекта важно.,1,21.07.2026,0,0,Kapitel 10_Работа и профессии
17.07.2026,Kap 10_ Ich arbeite bei ...,Wissenschaftler,der,die Wissenschaftler,учёный,Der Wissenschaftler macht ein Experiment.,Ученый проводит эксперимент.,der Wissenschaftler | Der Wissenschaftler macht ein Experiment.,учёный | Ученый проводит эксперимент.,1,21.07.2026,0,0,Kapitel 10_Работа и профессии
17.07.2026,Kap 10_ Ich arbeite bei ...,Wissenschaftlerin,die,die Wissenschaftlerinnen,учёный (женщина),Die Wissenschaftlerin hält einen Vortrag.,Женщина-ученый читает лекцию.,die Wissenschaftlerin | Die Wissenschaftlerin hält einen Vortrag.,учёный (женщина) | Женщина-ученый читает лекцию.,1,21.07.2026,0,0,Kapitel 10_Работа и профессии
17.07.2026,Kap 10_ Ich arbeite bei ...,"zentral, zentraler, am zentralsten",-,-,центральный,Die Lage der Wohnung ist sehr zentral.,Расположение квартиры очень центральное.,"zentral, zentraler, am zentralsten | Die Lage der Wohnung ist sehr zentral.",центральный | Расположение квартиры очень центральное.,1,21.07.2026,0,0,Kapitel 10_Работа и профессии
17.07.2026,Kap 10_ Ich arbeite bei ...,"zusammenarbeiten, er arbeitet zusammen, zusammengearbeitet",-,-,сотрудничать,Wir müssen gut zusammenarbeiten.,Мы должны хорошо сотрудничать.,"zusammenarbeiten, er arbeitet zusammen, zusammengearbeitet | Wir müssen gut zusammenarbeiten.",сотрудничать | Мы должны хорошо сотрудничать.,1,21.07.2026,0,0,Kapitel 10_Работа и профессии
17.07.2026,Kap 10_ Ich arbeite bei ...,"zuverlässig, zuverlässiger, am zuverlässigsten",-,-,надёжный,Er ist ein zuverlässiger Mitarbeiter.,Он надежный сотрудник.,"zuverlässig, zuverlässiger, am zuverlässigsten | Er ist ein zuverlässiger Mitarbeiter.",надёжный | Он надежный сотрудник.,1,21.07.2026,0,0,Kapitel 10_Работа и профессии
17.07.2026,Kap 10_ Ich arbeite bei ...,möglich,-,-,возможный,Ist das möglich?,Это возможно?,möglich | Ist das möglich?,возможный | Это возможно?,1,21.07.2026,0,0,Kapitel 10_Работа и профессии
17.07.2026,Kap 10_ Ich arbeite bei ...,Plakat,das,die Plakate,плакат,Das Plakat hängt an der Wand.,Плакат висит на стене.,das Plakat | Das Plakat hängt an der Wand.,плакат | Плакат висит на стене.,1,21.07.2026,0,0,Kapitel 10_Работа и профессии
17.07.2026,Kap 10_ Ich arbeite bei ...,Regionalzeitung,die,die Regionalzeitungen,региональная газета,Ich lese jeden Morgen die Regionalzeitung.,Каждое утро я читаю региональную газету.,die Regionalzeitung | Ich lese jeden Morgen die Regionalzeitung.,региональная газета | Каждое утро я читаю региональную газету.,1,21.07.2026,0,0,Kapitel 10_Работа и профессии
17.07.2026,Kap 10_ Ich arbeite bei ...,"9 anstellen, er stellt an, angestellt",-,-,принимать на работу,Wir stellen neue Mitarbeiter an.,Мы принимаем на работу новых сотрудников.,"9 anstellen, er stellt an, angestellt | Wir stellen neue Mitarbeiter an.",принимать на работу | Мы принимаем на работу новых сотрудников.,1,21.07.2026,0,0,Kapitel 10_Работа и профессии
17.07.2026,Kap 10_ Ich arbeite bei ...,Anstellung,die,die Anstellungen,"устройство, приём на работу",Er hat eine feste Anstellung.,У него постоянное место работы.,die Anstellung | Er hat eine feste Anstellung.,"устройство, приём на работу | У него постоянное место работы.",1,21.07.2026,0,0,Kapitel 10_Работа и профессии
17.07.2026,Kap 10_ Ich arbeite bei ...,"nachschlagen, er schlägt nach, nachgeschlagen",-,-,смотреть (в словаре),Du kannst das Wort im Wörterbuch nachschlagen.,Ты можешь посмотреть это слово в словаре.,"nachschlagen, er schlägt nach, nachgeschlagen | Du kannst das Wort im Wörterbuch nachschlagen.",смотреть (в словаре) | Ты можешь посмотреть это слово в словаре.,1,21.07.2026,0,0,Kapitel 10_Работа и профессии
17.07.2026,Kap 10_ Ich arbeite bei ...,Arbeitsvertrag,der,die Arbeitsverträge,трудовой договор,Ich habe den Arbeitsvertrag unterschrieben.,Я подписал трудовой договор.,der Arbeitsvertrag | Ich habe den Arbeitsvertrag unterschrieben.,трудовой договор | Я подписал трудовой договор.,1,21.07.2026,0,0,Kapitel 10_Работа и профессии
17.07.2026,Kap 10_ Ich arbeite bei ...,Provision,die,die Provisionen,"фиксированный оклад от продаж, проценты от сделок, комиссионные",Er bekommt eine hohe Provision.,Он получает высокие комиссионные.,die Provision | Er bekommt eine hohe Provision.,"фиксированный оклад от продаж, проценты от сделок, комиссионные | Он получает высокие комиссионные.",1,21.07.2026,0,0,Kapitel 10_Работа и профессии
17.07.2026,Kap 10_ Ich arbeite bei ...,brutto,-,-,брутто,Das Gehalt ist 3000 Euro brutto.,Зарплата составляет 3000 евро брутто.,brutto | Das Gehalt ist 3000 Euro brutto.,брутто | Зарплата составляет 3000 евро брутто.,1,21.07.2026,0,0,Kapitel 10_Работа и профессии
17.07.2026,Kap 10_ Ich arbeite bei ...,Künstler,der,die Künstler,"деятель (-ница) искусств (художник, артист и т.п.)",Der Künstler malt ein schönes Bild.,Художник рисует красивую картину.,der Künstler | Der Künstler malt ein schönes Bild.,"деятель (-ница) искусств (художник, артист и т.п.) | Художник рисует красивую картину.",1,21.07.2026,0,0,Kapitel 10_Работа и профессии
17.07.2026,Kap 10_ Ich arbeite bei ...,Künstlerin,die,die Künstlerinnen,"художница, артистка",Die Künstlerin hat eine Ausstellung.,У художницы выставка.,die Künstlerin | Die Künstlerin hat eine Ausstellung.,"художница, артистка | У художницы выставка.",1,21.07.2026,0,0,Kapitel 10_Работа и профессии
17.07.2026,Kap 10_ Ich arbeite bei ...,Politiker,der,die Politiker,политик,Der Politiker hält eine Rede.,Политик произносит речь.,der Politiker | Der Politiker hält eine Rede.,политик | Политик произносит речь.,1,21.07.2026,0,0,Kapitel 10_Работа и профессии
17.07.2026,Kap 10_ Ich arbeite bei ...,Politikerin,die,die Politikerinnen,политик (женщина),Die Politikerin gibt ein Interview.,Женщина-политик дает интервью.,die Politikerin | Die Politikerin gibt ein Interview.,политик (женщина) | Женщина-политик дает интервью.,1,21.07.2026,0,0,Kapitel 10_Работа и профессии
17.07.2026,Kap 10_ Ich arbeite bei ...,Apparat,der,die Apparate,аппарат; зд.: телефон,Wer ist am Apparat?,Кто у аппарата?,der Apparat | Wer ist am Apparat?,аппарат; зд.: телефон | Кто у аппарата?,1,21.07.2026,0,0,Kapitel 10_Работа и профессии
17.07.2026,Kap 10_ Ich arbeite bei ...,"nachfragen, er fragt nach, nachgefragt",-,-,спрашивать о чём-л.,Ich werde bei der Firma nachfragen.,Я спрошу в фирме.,"nachfragen, er fragt nach, nachgefragt | Ich werde bei der Firma nachfragen.",спрашивать о чём-л. | Я спрошу в фирме.,1,21.07.2026,0,0,Kapitel 10_Работа и профессии
17.07.2026,Kap 10_ Ich arbeite bei ...,"reagieren, er reagiert, reagiert",-,-,реагировать,Er reagiert sehr schnell.,Он реагирует очень быстро.,"reagieren, er reagiert, reagiert | Er reagiert sehr schnell.",реагировать | Он реагирует очень быстро.,1,21.07.2026,0,0,Kapitel 10_Работа и профессии
17.07.2026,Kap 10_ Ich arbeite bei ...,"verwählen (sich), er verwählt sich, hat sich verwählt",-,-,набрать неправиль-ный номер,"Entschuldigung, ich habe mich verwählt.","Извините, я ошибся номером.","verwählen (sich), er verwählt sich, hat sich verwählt | Entschuldigung, ich habe mich verwählt.","набрать неправиль-ный номер | Извините, я ошибся номером.",1,21.07.2026,0,0,Kapitel 10_Работа и профессии
17.07.2026,Kap 10_ Ich arbeite bei ...,Zusammenfassung,die,die Zusammenfassungen,обобщение; резюме,Ich schreibe eine kurze Zusammenfassung.,Я пишу краткое резюме.,die Zusammenfassung | Ich schreibe eine kurze Zusammenfassung.,обобщение; резюме | Я пишу краткое резюме.,1,21.07.2026,0,0,Kapitel 10_Работа и профессии
17.07.2026,Kap 11_ Gesund und fit,Kapitel 11_Здоровье и фитнес,-,-,-,Wir beginnen mit Kapitel 11.,Мы начинаем 11 главу.,Kapitel 11_Здоровье и фитнес | Wir beginnen mit Kapitel 11.,- | Мы начинаем 11 главу.,1,21.07.2026,0,0,Kapitel 11_Здоровье и фитнес
17.07.2026,Kap 11_ Gesund und fit,Ärztin,die,die Ärztinnen,врач (женщина),Die Ärztin verschreibt ein Medikament.,Врач выписывает лекарство.,die Ärztin | Die Ärztin verschreibt ein Medikament.,врач (женщина) | Врач выписывает лекарство.,1,21.07.2026,0,0,Kapitel 11_Здоровье и фитнес
17.07.2026,Kap 11_ Gesund und fit,"benennen, er benennt, benannt",-,-,называть,Bitte benennen Sie die Körperteile.,"Пожалуйста, назовите части тела.","benennen, er benennt, benannt | Bitte benennen Sie die Körperteile.","называть | Пожалуйста, назовите части тела.",1,21.07.2026,0,0,Kapitel 11_Здоровье и фитнес
17.07.2026,Kap 11_ Gesund und fit,Brust,die,die Brüste,грудь,Sie hat Schmerzen in der Brust.,У нее боли в груди.,die Brust | Sie hat Schmerzen in der Brust.,грудь | У нее боли в груди.,1,21.07.2026,0,0,Kapitel 11_Здоровье и фитнес
17.07.2026,Kap 11_ Gesund und fit,"fit, fitter, am fittesten",-,,в хорошей форме,Er ist sehr fit.,Он в очень хорошей форме.,"fit, fitter, am fittesten | Er ist sehr fit.",в хорошей форме | Он в очень хорошей форме.,1,21.07.2026,0,0,Kapitel 11_Здоровье и фитнес
17.07.2026,Kap 11_ Gesund und fit,"gesund, gesünder, am gesündesten",-,,здоровый,Obst und Gemüse sind gesund.,Фрукты и овощи полезны для здоровья.,"gesund, gesünder, am gesündesten | Obst und Gemüse sind gesund.",здоровый | Фрукты и овощи полезны для здоровья.,1,21.07.2026,0,0,Kapitel 11_Здоровье и фитнес
17.07.2026,Kap 11_ Gesund und fit,Gesundheitsproblem,das,die Gesundheitsprobleme,проблема со здоровьем,Er hat ein ernstes Gesundheitsproblem.,У него серьезная проблема со здоровьем.,das Gesundheitsproblem | Er hat ein ernstes Gesundheitsproblem.,проблема со здоровьем | У него серьезная проблема со здоровьем.,1,21.07.2026,0,0,Kapitel 11_Здоровье и фитнес
17.07.2026,Kap 11_ Gesund und fit,Herz,das,die Herzen,сердце,Mein Herz schlägt schnell.,Мое сердце бьется быстро.,das Herz | Mein Herz schlägt schnell.,сердце | Мое сердце бьется быстро.,1,21.07.2026,0,0,Kapitel 11_Здоровье и фитнес
17.07.2026,Kap 11_ Gesund und fit,Knie,das,die Knie,колено,Mein rechtes Knie tut weh.,Мое правое колено болит.,das Knie | Mein rechtes Knie tut weh.,колено | Мое правое колено болит.,1,21.07.2026,0,0,Kapitel 11_Здоровье и фитнес
17.07.2026,Kap 11_ Gesund und fit,Körperteil,der,die Körperteile,часть тела,Der Arm ist ein Körperteil.,Рука — это часть тела.,der Körperteil | Der Arm ist ein Körperteil.,часть тела | Рука — это часть тела.,1,21.07.2026,0,0,Kapitel 11_Здоровье и фитнес
17.07.2026,Kap 11_ Gesund und fit,Po,der,die Pos,"зад, разг. попа",Das Baby hat einen roten Po.,У ребенка красная попа.,der Po | Das Baby hat einen roten Po.,"зад, разг. попа | У ребенка красная попа.",1,21.07.2026,0,0,Kapitel 11_Здоровье и фитнес
17.07.2026,Kap 11_ Gesund und fit,Schulter,die,die Schultern,плечо,Er hat breite Schultern.,У него широкие плечи.,die Schulter | Er hat breite Schultern.,плечо | У него широкие плечи.,1,21.07.2026,0,0,Kapitel 11_Здоровье и фитнес
17.07.2026,Kap 11_ Gesund und fit,"vereinbaren, er vereinbart, vereinbart",-,,договариваться о чём-л.,Wir müssen einen Termin vereinbaren.,Нам нужно договориться о встрече.,"vereinbaren, er vereinbart, vereinbart | Wir müssen einen Termin vereinbaren.",договариваться о чём-л. | Нам нужно договориться о встрече.,1,21.07.2026,0,0,Kapitel 11_Здоровье и фитнес
17.07.2026,Kap 11_ Gesund und fit,Zehe,die,die Zehen,палец ноги,Ich habe mir die Zehe gestoßen.,Я ушиб палец на ноге.,die Zehe | Ich habe mir die Zehe gestoßen.,палец ноги | Я ушиб палец на ноге.,1,21.07.2026,0,0,Kapitel 11_Здоровье и фитнес
17.07.2026,Kap 11_ Gesund und fit,2 zehnmal,-,,десять раз,Ich habe das schon zehnmal gesagt.,Я сказал это уже десять раз.,2 zehnmal | Ich habe das schon zehnmal gesagt.,десять раз | Я сказал это уже десять раз.,1,21.07.2026,0,0,Kapitel 11_Здоровье и фитнес
17.07.2026,Kap 11_ Gesund und fit,Basis,die,Sg.,основа,Vertrauen ist die Basis einer guten Beziehung.,Доверие — это основа хороших отношений.,die Basis | Vertrauen ist die Basis einer guten Beziehung.,основа | Доверие — это основа хороших отношений.,1,21.07.2026,0,0,Kapitel 11_Здоровье и фитнес
17.07.2026,Kap 11_ Gesund und fit,Trainingsplan,der,die Trainingspläne,план тренировок,Mein Trainer hat einen neuen Trainingsplan erstellt.,Мой тренер составил новый план тренировок.,der Trainingsplan | Mein Trainer hat einen neuen Trainingsplan erstellt.,план тренировок | Мой тренер составил новый план тренировок.,1,21.07.2026,0,0,Kapitel 11_Здоровье и фитнес
17.07.2026,Kap 11_ Gesund und fit,Fitness-Studio,das,die Fitness-Studios,фитнес-центр,Ich gehe dreimal pro Woche ins Fitness-Studio.,Я хожу в фитнес-центр три раза в неделю.,das Fitness-Studio | Ich gehe dreimal pro Woche ins Fitness-Studio.,фитнес-центр | Я хожу в фитнес-центр три раза в неделю.,1,21.07.2026,0,0,Kapitel 11_Здоровье и фитнес
17.07.2026,Kap 11_ Gesund und fit,"abnehmen, er nimmt ab, abgenommen",-,,"худеть, снимать, принимать",Ich möchte abnehmen.,Я хочу похудеть.,"abnehmen, er nimmt ab, abgenommen | Ich möchte abnehmen.","худеть, снимать, принимать | Я хочу похудеть.",1,21.07.2026,0,0,Kapitel 11_Здоровье и фитнес
17.07.2026,Kap 11_ Gesund und fit,Basisprogramm,das,die Basisprogramme,базовая программа,Das Basisprogramm ist sehr einfach.,Базовая программа очень простая.,das Basisprogramm | Das Basisprogramm ist sehr einfach.,базовая программа | Базовая программа очень простая.,1,21.07.2026,0,0,Kapitel 11_Здоровье и фитнес
17.07.2026,Kap 11_ Gesund und fit,Diät,die,die Diäten,диета,Ich mache eine Diät.,Я на диете.,die Diät | Ich mache eine Diät.,диета | Я на диете.,1,21.07.2026,0,0,Kapitel 11_Здоровье и фитнес
17.07.2026,Kap 11_ Gesund und fit,"dick, dicker, am dicksten",-,,толстый,Dieser Mann ist sehr dick.,Этот мужчина очень толстый.,"dick, dicker, am dicksten | Dieser Mann ist sehr dick.",толстый | Этот мужчина очень толстый.,1,21.07.2026,0,0,Kapitel 11_Здоровье и фитнес
17.07.2026,Kap 11_ Gesund und fit,"duzen, er duzt, geduzt",-,,обращаться на «ты»,Wir duzen uns.,Мы обращаемся друг к другу на «ты».,"duzen, er duzt, geduzt | Wir duzen uns.",обращаться на «ты» | Мы обращаемся друг к другу на «ты».,1,21.07.2026,0,0,Kapitel 11_Здоровье и фитнес
17.07.2026,Kap 11_ Gesund und fit,genug,-,,достаточно,Ich habe genug Zeit.,У меня достаточно времени.,genug | Ich habe genug Zeit.,достаточно | У меня достаточно времени.,1,21.07.2026,0,0,Kapitel 11_Здоровье и фитнес
17.07.2026,Kap 11_ Gesund und fit,"joggen, er joggt, ist gejoggt",-,,бегать трусцой,Ich jogge jeden Morgen im Park.,Я бегаю трусцой каждое утро в парке.,"joggen, er joggt, ist gejoggt | Ich jogge jeden Morgen im Park.",бегать трусцой | Я бегаю трусцой каждое утро в парке.,1,21.07.2026,0,0,Kapitel 11_Здоровье и фитнес
17.07.2026,Kap 11_ Gesund und fit,"kicken, er kickt, gekickt",-,,"пинать, играть в футбол",Wir kicken heute im Park.,Мы сегодня играем в футбол в парке.,"kicken, er kickt, gekickt | Wir kicken heute im Park.","пинать, играть в футбол | Мы сегодня играем в футбол в парке.",1,21.07.2026,0,0,Kapitel 11_Здоровье и фитнес
17.07.2026,Kap 11_ Gesund und fit,Kondition,die,die Konditionen,"физическая форма, состояние, условия",Ich habe eine gute Kondition.,У меня хорошая физическая форма.,die Kondition | Ich habe eine gute Kondition.,"физическая форма, состояние, условия | У меня хорошая физическая форма.",1,21.07.2026,0,0,Kapitel 11_Здоровье и фитнес
17.07.2026,Kap 11_ Gesund und fit,Radfahren,das,Sg.,катание на велосипеде,Ich mag das Radfahren im Sommer.,Я люблю кататься на велосипеде летом.,das Radfahren | Ich mag das Radfahren im Sommer.,катание на велосипеде | Я люблю кататься на велосипеде летом.,1,21.07.2026,0,0,Kapitel 11_Здоровье и фитнес
17.07.2026,Kap 11_ Gesund und fit,Rückenproblem,das,die Rückenprobleme,проблема со спиной,Ich habe ein Rückenproblem.,У меня проблема со спиной.,das Rückenproblem | Ich habe ein Rückenproblem.,проблема со спиной | У меня проблема со спиной.,1,21.07.2026,0,0,Kapitel 11_Здоровье и фитнес
17.07.2026,Kap 11_ Gesund und fit,"testen, er testet, getestet",-,,"тестировать, проверять",Er testet das neue Auto.,Он тестирует новую машину.,"testen, er testet, getestet | Er testet das neue Auto.","тестировать, проверять | Он тестирует новую машину.",1,21.07.2026,0,0,Kapitel 11_Здоровье и фитнес
17.07.2026,Kap 11_ Gesund und fit,Fußball,-,die Fußbälle,футбол,Ich spiele am Wochenende gerne Fußball.,Я люблю играть в футбол на выходных.,Fußball | Ich spiele am Wochenende gerne Fußball.,футбол | Я люблю играть в футбол на выходных.,1,21.07.2026,0,0,Kapitel 11_Здоровье и фитнес
17.07.2026,Kap 11_ Gesund und fit,Gymnastik,die,Sg.,гимнастика,Ich mache jeden Morgen Gymnastik.,Я делаю гимнастику каждое утро.,die Gymnastik | Ich mache jeden Morgen Gymnastik.,гимнастика | Я делаю гимнастику каждое утро.,1,28.07.2026,1,0,Kapitel 11_Здоровье и фитнес
17.07.2026,Kap 11_ Gesund und fit,"laufen, er läuft, ist gelaufen",-,,"бежать, идти",Ich laufe jeden Morgen im Park.,Я бегаю каждое утро в парке.,"laufen, er läuft, ist gelaufen | Ich laufe jeden Morgen im Park.","бежать, идти | Я бегаю каждое утро в парке.",1,21.07.2026,0,0,Kapitel 11_Здоровье и фитнес
17.07.2026,Kap 11_ Gesund und fit,"regelmäßig, regelmäßiger, am regelmäßigsten",-,,"регулярно, регулярный",Ich trinke regelmäßig Wasser.,Я регулярно пью воду.,"regelmäßig, regelmäßiger, am regelmäßigsten | Ich trinke regelmäßig Wasser.","регулярно, регулярный | Я регулярно пью воду.",1,21.07.2026,0,0,Kapitel 11_Здоровье и фитнес
17.07.2026,Kap 11_ Gesund und fit,Zahnarzt,der,die Zahnärzte,стоматолог,Ich gehe heute zum Zahnarzt.,Я иду сегодня к стоматологу.,der Zahnarzt | Ich gehe heute zum Zahnarzt.,стоматолог | Я иду сегодня к стоматологу.,1,21.07.2026,0,0,Kapitel 11_Здоровье и фитнес
17.07.2026,Kap 11_ Gesund und fit,Zahnärztin,die,die Zahnärztinnen,стоматолог (женщина),Meine Zahnärztin ist sehr nett.,Мой стоматолог (женщина) очень милая.,die Zahnärztin | Meine Zahnärztin ist sehr nett.,стоматолог (женщина) | Мой стоматолог (женщина) очень милая.,1,21.07.2026,0,0,Kapitel 11_Здоровье и фитнес
17.07.2026,Kap 11_ Gesund und fit,Hausärztin,die,die Hausärztinnen,домашний врач (женщина),Ich muss heute zu meiner Hausärztin gehen.,Мне нужно сегодня пойти к моему домашнему врачу.,die Hausärztin | Ich muss heute zu meiner Hausärztin gehen.,домашний врач (женщина) | Мне нужно сегодня пойти к моему домашнему врачу.,1,21.07.2026,0,0,Kapitel 11_Здоровье и фитнес
17.07.2026,Kap 11_ Gesund und fit,Apotheker,der,die Apotheker,"аптекарь, фармацевт",Der Apotheker gibt mir die Medizin.,Аптекарь дает мне лекарство.,der Apotheker | Der Apotheker gibt mir die Medizin.,"аптекарь, фармацевт | Аптекарь дает мне лекарство.",1,21.07.2026,0,0,Kapitel 11_Здоровье и фитнес
17.07.2026,Kap 11_ Gesund und fit,Apothekerin,die,die Apothekerinnen,аптекарь (женщина),Die Apothekerin hat mir eine Salbe empfohlen.,Аптекарь порекомендовала мне мазь.,die Apothekerin | Die Apothekerin hat mir eine Salbe empfohlen.,аптекарь (женщина) | Аптекарь порекомендовала мне мазь.,1,21.07.2026,0,0,Kapitel 11_Здоровье и фитнес
17.07.2026,Kap 11_ Gesund und fit,Krankmeldung,die,die Krankmeldungen,"больничный лист, справка о болезни",Ich schicke meinem Chef die Krankmeldung.,Я отправляю своему начальнику справку о болезни.,die Krankmeldung | Ich schicke meinem Chef die Krankmeldung.,"больничный лист, справка о болезни | Я отправляю своему начальнику справку о болезни.",1,21.07.2026,0,0,Kapitel 11_Здоровье и фитнес
17.07.2026,Kap 11_ Gesund und fit,Röntgenarzt,der,die Röntgenärzte,рентгенолог,Der Röntgenarzt untersucht die Bilder.,Рентгенолог изучает снимки.,der Röntgenarzt | Der Röntgenarzt untersucht die Bilder.,рентгенолог | Рентгенолог изучает снимки.,1,21.07.2026,0,0,Kapitel 11_Здоровье и фитнес
17.07.2026,Kap 11_ Gesund und fit,Röntgenärztin,die,die Röntgenärztinnen,рентгенолог (женщина),Die Röntgenärztin erklärt mir das Ergebnis.,Рентгенолог объясняет мне результат.,die Röntgenärztin | Die Röntgenärztin erklärt mir das Ergebnis.,рентгенолог (женщина) | Рентгенолог объясняет мне результат.,1,21.07.2026,0,0,Kapitel 11_Здоровье и фитнес
17.07.2026,Kap 11_ Gesund und fit,"schicken, er schickt, geschickt",-,,направлять; посылать,Der Arzt schickt mich zum Spezialisten.,Врач направляет меня к специалисту.,"schicken, er schickt, geschickt | Der Arzt schickt mich zum Spezialisten.",направлять; посылать | Врач направляет меня к специалисту.,1,21.07.2026,0,0,Kapitel 11_Здоровье и фитнес
17.07.2026,Kap 11_ Gesund und fit,Sprechstundenhilfe,die,die Sprechstundenhilfen,помощник (-ца) врача во время приёма,Die Sprechstundenhilfe gibt mir einen Termin.,Помощник врача назначает мне время приема.,die Sprechstundenhilfe | Die Sprechstundenhilfe gibt mir einen Termin.,помощник (-ца) врача во время приёма | Помощник врача назначает мне время приема.,1,21.07.2026,0,0,Kapitel 11_Здоровье и фитнес
17.07.2026,Kap 11_ Gesund und fit,Sprechzimmer,das,die Sprechzimmer,приёмная,Bitte warten Sie im Sprechzimmer.,"Пожалуйста, подождите в приемной.",das Sprechzimmer | Bitte warten Sie im Sprechzimmer.,"приёмная | Пожалуйста, подождите в приемной.",1,21.07.2026,0,0,Kapitel 11_Здоровье и фитнес
17.07.2026,Kap 11_ Gesund und fit,Überweisung,die,die Überweisungen,направление,Ich brauche eine Überweisung zum Augenarzt.,Мне нужно направление к окулисту.,die Überweisung | Ich brauche eine Überweisung zum Augenarzt.,направление | Мне нужно направление к окулисту.,1,21.07.2026,0,0,Kapitel 11_Здоровье и фитнес
17.07.2026,Kap 11_ Gesund und fit,Wartezimmer,das,die Wartezimmer,помещение для ожидания; приёмная,Das Wartezimmer ist heute sehr voll.,Сегодня в приемной очень много людей.,das Wartezimmer | Das Wartezimmer ist heute sehr voll.,помещение для ожидания; приёмная | Сегодня в приемной очень много людей.,1,21.07.2026,0,0,Kapitel 11_Здоровье и фитнес
17.07.2026,Kap 11_ Gesund und fit,dreimal,-,,три раза,Nehmen Sie die Tabletten dreimal täglich.,Принимайте таблетки три раза в день.,dreimal | Nehmen Sie die Tabletten dreimal täglich.,три раза | Принимайте таблетки три раза в день.,1,21.07.2026,0,0,Kapitel 11_Здоровье и фитнес
17.07.2026,Kap 11_ Gesund und fit,erst (Wir müssen erst mal röntgen.),-,,сначала,Wir müssen erst mal röntgen.,Сначала нужно сделать рентген.,erst (Wir müssen erst mal röntgen.) | Wir müssen erst mal röntgen.,сначала | Сначала нужно сделать рентген.,1,21.07.2026,0,0,Kapitel 11_Здоровье и фитнес
17.07.2026,Kap 11_ Gesund und fit,"fehlen, er fehlt, gefehlt (Was fehlt Ihnen denn?)",-,,жаловаться (о здоровье),Was fehlt Ihnen denn?,На что вы жалуетесь?,"fehlen, er fehlt, gefehlt (Was fehlt Ihnen denn?) | Was fehlt Ihnen denn?",жаловаться (о здоровье) | На что вы жалуетесь?,1,21.07.2026,0,0,Kapitel 11_Здоровье и фитнес
17.07.2026,Kap 11_ Gesund und fit,"krankschreiben, er schreibt krank, krankgeschrieben",-,,выписать больничный лист,Der Arzt wird mich krankschreiben.,Врач выпишет мне больничный.,"krankschreiben, er schreibt krank, krankgeschrieben | Der Arzt wird mich krankschreiben.",выписать больничный лист | Врач выпишет мне больничный.,1,21.07.2026,0,0,Kapitel 11_Здоровье и фитнес
17.07.2026,Kap 11_ Gesund und fit,Mahlzeit,die,die Mahlzeiten,приём пищи,Nehmen Sie die Tablette nach der Mahlzeit ein.,Принимайте таблетку после еды.,die Mahlzeit | Nehmen Sie die Tablette nach der Mahlzeit ein.,приём пищи | Принимайте таблетку после еды.,1,21.07.2026,0,0,Kapitel 11_Здоровье и фитнес
17.07.2026,Kap 11_ Gesund und fit,oben,-,,сверху,Das Buch liegt oben auf dem Regal.,Книга лежит наверху на полке.,oben | Das Buch liegt oben auf dem Regal.,сверху | Книга лежит наверху на полке.,1,21.07.2026,0,0,Kapitel 11_Здоровье и фитнес
17.07.2026,Kap 11_ Gesund und fit,"röntgen, er röntgt, geröntgt",-,,делать рентгеновский снимок,Wir müssen Ihren Fuß röntgen.,Нам нужно сделать рентген вашей ноги.,"röntgen, er röntgt, geröntgt | Wir müssen Ihren Fuß röntgen.",делать рентгеновский снимок | Нам нужно сделать рентген вашей ноги.,1,21.07.2026,0,0,Kapitel 11_Здоровье и фитнес
17.07.2026,Kap 11_ Gesund und fit,Salbe,die,die Salben,мазь,Diese Salbe hilft gegen Schmerzen.,Эта мазь помогает от боли.,die Salbe | Diese Salbe hilft gegen Schmerzen.,мазь | Эта мазь помогает от боли.,1,21.07.2026,0,0,Kapitel 11_Здоровье и фитнес
17.07.2026,Kap 11_ Gesund und fit,Schmerztablette,die,die Schmerztabletten,таблетка от боли,Ich nehme eine Schmerztablette gegen Kopfschmerzen.,Я принимаю таблетку от боли в голове.,die Schmerztablette | Ich nehme eine Schmerztablette gegen Kopfschmerzen.,таблетка от боли | Я принимаю таблетку от боли в голове.,1,21.07.2026,0,0,Kapitel 11_Здоровье и фитнес
17.07.2026,Kap 11_ Gesund und fit,"spazieren gehen, er geht spazieren, ist spazieren gegangen",-,,гулять,Wir gehen im Park spazieren.,Мы идем гулять в парк.,"spazieren gehen, er geht spazieren, ist spazieren gegangen | Wir gehen im Park spazieren.",гулять | Мы идем гулять в парк.,1,21.07.2026,0,0,Kapitel 11_Здоровье и фитнес
17.07.2026,Kap 11_ Gesund und fit,"wehtun, er tut weh, wehgetan",-,,болеть,Mein Kopf tut weh.,У меня болит голова.,"wehtun, er tut weh, wehgetan | Mein Kopf tut weh.",болеть | У меня болит голова.,1,21.07.2026,0,0,Kapitel 11_Здоровье и фитнес
17.07.2026,Kap 11_ Gesund und fit,Bauchschmerz,der,die Bauchschmerzen,боль в животе,Ich habe starke Bauchschmerzen.,У меня сильная боль в животе.,der Bauchschmerz | Ich habe starke Bauchschmerzen.,боль в животе | У меня сильная боль в животе.,1,21.07.2026,0,0,Kapitel 11_Здоровье и фитнес
17.07.2026,Kap 11_ Gesund und fit,"Dr. (= Doktor, -en)",-,,сокр. доктор,Dr. Müller ist heute nicht da.,Доктора Мюллера сегодня нет.,"Dr. (= Doktor, -en) | Dr. Müller ist heute nicht da.",сокр. доктор | Доктора Мюллера сегодня нет.,1,21.07.2026,0,0,Kapitel 11_Здоровье и фитнес
17.07.2026,Kap 11_ Gesund und fit,Schlaftablette,die,die Schlaftabletten,снотворное,Er nimmt manchmal eine Schlaftablette.,Иногда он принимает снотворное.,die Schlaftablette | Er nimmt manchmal eine Schlaftablette.,снотворное | Иногда он принимает снотворное.,1,21.07.2026,0,0,Kapitel 11_Здоровье и фитнес
17.07.2026,Kap 11_ Gesund und fit,"schlimm, schlimmer, am schlimmsten",-,,плохо,Es ist nicht so schlimm.,Это не так уж плохо.,"schlimm, schlimmer, am schlimmsten | Es ist nicht so schlimm.",плохо | Это не так уж плохо.,1,21.07.2026,0,0,Kapitel 11_Здоровье и фитнес
17.07.2026,Kap 11_ Gesund und fit,"stark, stärker, am stärksten",-,,сильный,Er ist sehr stark.,Он очень сильный.,"stark, stärker, am stärksten | Er ist sehr stark.",сильный | Он очень сильный.,1,21.07.2026,0,0,Kapitel 11_Здоровье и фитнес
17.07.2026,Kap 11_ Gesund und fit,"stellen, er stellt, gestellt (Der Arzt stellt Fragen.)",-,,зд.: задавать (вопросы),Der Arzt stellt Fragen.,Врач задает вопросы.,"stellen, er stellt, gestellt (Der Arzt stellt Fragen.) | Der Arzt stellt Fragen.",зд.: задавать (вопросы) | Врач задает вопросы.,1,21.07.2026,0,0,Kapitel 11_Здоровье и фитнес
17.07.2026,Kap 11_ Gesund und fit,"7 sollen, er soll, sollen/gesollt",-,,долженствовать,Sie sollen viel Wasser trinken.,Вам следует пить много воды.,"7 sollen, er soll, sollen/gesollt | Sie sollen viel Wasser trinken.",долженствовать | Вам следует пить много воды.,1,21.07.2026,0,0,Kapitel 11_Здоровье и фитнес
17.07.2026,Kap 11_ Gesund und fit,Doktor,der,die Doktoren,доктор,Der Doktor wird Sie gleich untersuchen.,Доктор сейчас вас осмотрит.,der Doktor | Der Doktor wird Sie gleich untersuchen.,доктор | Доктор сейчас вас осмотрит.,1,21.07.2026,0,0,Kapitel 11_Здоровье и фитнес
17.07.2026,Kap 11_ Gesund und fit,Doktorin,die,die Doktorinnen,доктор (женщина),Frau Doktorin Müller ist eine gute Ärztin.,Доктор Мюллер — хороший врач.,die Doktorin | Frau Doktorin Müller ist eine gute Ärztin.,доктор (женщина) | Доктор Мюллер — хороший врач.,1,21.07.2026,0,0,Kapitel 11_Здоровье и фитнес
17.07.2026,Kap 11_ Gesund und fit,"Fall , ""-e (auf keinen Fall)",der,die Fälle,случай (ни в коем случае),In diesem Fall müssen wir warten.,В этом случае мы должны подождать.,"der Fall , ""-e (auf keinen Fall) | In diesem Fall müssen wir warten.",случай (ни в коем случае) | В этом случае мы должны подождать.,1,21.07.2026,0,0,Kapitel 11_Здоровье и фитнес
17.07.2026,Kap 11_ Gesund und fit,"rauchen, er raucht, geraucht",-,,курить,Rauchen ist ungesund.,Курить вредно для здоровья.,"rauchen, er raucht, geraucht | Rauchen ist ungesund.",курить | Курить вредно для здоровья.,1,21.07.2026,0,0,Kapitel 11_Здоровье и фитнес
17.07.2026,Kap 11_ Gesund und fit,"Bescheid sagen, er sagt Bescheid, er hat Bescheid gesagt",-,,поставить в известность,Bitte sagen Sie mir Bescheid.,"Пожалуйста, дайте мне знать.","Bescheid sagen, er sagt Bescheid, er hat Bescheid gesagt | Bitte sagen Sie mir Bescheid.","поставить в известность | Пожалуйста, дайте мне знать.",1,21.07.2026,0,0,Kapitel 11_Здоровье и фитнес
17.07.2026,Kap 11_ Gesund und fit,"heiß, heißer, am heißesten",-,,горячий,Der Tee ist sehr heiß.,Чай очень горячий.,"heiß, heißer, am heißesten | Der Tee ist sehr heiß.",горячий | Чай очень горячий.,1,21.07.2026,0,0,Kapitel 11_Здоровье и фитнес
17.07.2026,Kap 11_ Gesund und fit,Honig,der,Sg.,мёд,Ich trinke Tee mit Honig.,Я пью чай с медом.,der Honig | Ich trinke Tee mit Honig.,мёд | Я пью чай с медом.,1,21.07.2026,0,0,Kapitel 11_Здоровье и фитнес
17.07.2026,Kap 11_ Gesund und fit,Orthopäde,der,die Orthopäden,ортопед,Der Orthopäde hat meinen Rücken untersucht.,Ортопед осмотрел мою спину.,der Orthopäde | Der Orthopäde hat meinen Rücken untersucht.,ортопед | Ортопед осмотрел мою спину.,1,21.07.2026,0,0,Kapitel 11_Здоровье и фитнес
17.07.2026,Kap 11_ Gesund und fit,Orthopädin,die,die Orthopädinnen,ортопед (женщина),Meine Orthopädin hat mir Übungen gezeigt.,Мой ортопед показала мне упражнения.,die Orthopädin | Meine Orthopädin hat mir Übungen gezeigt.,ортопед (женщина) | Мой ортопед показала мне упражнения.,1,21.07.2026,0,0,Kapitel 11_Здоровье и фитнес
17.07.2026,Kap 11_ Gesund und fit,Anweisung,die,die Anweisungen,указание,Bitte folgen Sie den Anweisungen des Arztes.,"Пожалуйста, следуйте указаниям врача.",die Anweisung | Bitte folgen Sie den Anweisungen des Arztes.,"указание | Пожалуйста, следуйте указаниям врача.",1,21.07.2026,0,0,Kapitel 11_Здоровье и фитнес
17.07.2026,Kap 11_ Gesund und fit,"hinfallen, er fällt hin, ist hingefallen",-,,падать,"Pass auf, dass du nicht hinfällst!","Осторожно, не упади!","hinfallen, er fällt hin, ist hingefallen | Pass auf, dass du nicht hinfällst!","падать | Осторожно, не упади!",1,21.07.2026,0,0,Kapitel 11_Здоровье и фитнес
17.07.2026,Kap 11_ Gesund und fit,Ihr-Form,die,die Ihr-Formen,"форма «вы» (2 л., мн. ч.)",Wir üben heute die Ihr-Form.,Сегодня мы тренируем форму «вы».,die Ihr-Form | Wir üben heute die Ihr-Form.,"форма «вы» (2 л., мн. ч.) | Сегодня мы тренируем форму «вы».",1,21.07.2026,0,0,Kapitel 11_Здоровье и фитнес
17.07.2026,Kap 11_ Gesund und fit,draußen,-,,на улице,Die Kinder spielen draußen.,Дети играют на улице.,draußen | Die Kinder spielen draußen.,на улице | Дети играют на улице.,1,21.07.2026,0,0,Kapitel 11_Здоровье и фитнес
17.07.2026,Kap 11_ Gesund und fit,Durst,der,Sg.,жажда,Ich habe großen Durst.,У меня сильная жажда.,der Durst | Ich habe großen Durst.,жажда | У меня сильная жажда.,1,21.07.2026,0,0,Kapitel 11_Здоровье и фитнес
17.07.2026,Kap 11_ Gesund und fit,Kopfschmerz,der,die Kopfschmerzen,головная боль,Ein starker Kopfschmerz quält mich.,Меня мучает сильная головная боль.,der Kopfschmerz | Ein starker Kopfschmerz quält mich.,головная боль | Меня мучает сильная головная боль.,1,21.07.2026,0,0,Kapitel 11_Здоровье и фитнес
17.07.2026,Kap 11_ Gesund und fit,Vorsicht,die,Sg.,зд.: осторожно!,Vorsicht an der Bahnsteigkante!,Осторожно на краю платформы!,die Vorsicht | Vorsicht an der Bahnsteigkante!,зд.: осторожно! | Осторожно на краю платформы!,1,21.07.2026,0,0,Kapitel 11_Здоровье и фитнес
17.07.2026,Kap 11_ Gesund und fit,"9 absagen, er sagt ab, abgesagt",-,,отменять,Ich muss den Termin absagen.,Я должен отменить встречу.,"9 absagen, er sagt ab, abgesagt | Ich muss den Termin absagen.",отменять | Я должен отменить встречу.,1,21.07.2026,0,0,Kapitel 11_Здоровье и фитнес
17.07.2026,Kap 11_ Gesund und fit,"verschieben, er verschiebt, verschoben",-,,переносить,Können wir das Treffen verschieben?,Мы можем перенести встречу?,"verschieben, er verschiebt, verschoben | Können wir das Treffen verschieben?",переносить | Мы можем перенести встречу?,1,21.07.2026,0,0,Kapitel 11_Здоровье и фитнес
17.07.2026,Kap 11_ Gesund und fit,"krank, kränker, am kränksten",-,,больной,Er ist heute krank.,Он сегодня болен.,"krank, kränker, am kränksten | Er ist heute krank.",больной | Он сегодня болен.,1,21.07.2026,0,0,Kapitel 11_Здоровье и фитнес
17.07.2026,Kap 11_ Gesund und fit,"Praxis, Praxen",die,die Praxen,частная практика врача,Die Praxis ist am Wochenende geschlossen.,Практика закрыта в выходные.,"die Praxis, Praxen | Die Praxis ist am Wochenende geschlossen.",частная практика врача | Практика закрыта в выходные.,1,21.07.2026,0,0,Kapitel 11_Здоровье и фитнес
17.07.2026,Kap 11_ Gesund und fit,Vorsorge,die,Sg.,профилактика,Vorsorge ist besser als heilen.,Профилактика лучше лечения.,die Vorsorge | Vorsorge ist besser als heilen.,профилактика | Профилактика лучше лечения.,1,21.07.2026,0,0,Kapitel 11_Здоровье и фитнес
17.07.2026,Kap 11_ Gesund und fit,Pünktlichkeit,die,Sg.,пунктуальность,Pünktlichkeit ist in Deutschland sehr wichtig.,Пунктуальность очень важна в Германии.,die Pünktlichkeit | Pünktlichkeit ist in Deutschland sehr wichtig.,пунктуальность | Пунктуальность очень важна в Германии.,1,21.07.2026,0,0,Kapitel 11_Здоровье и фитнес
17.07.2026,Kap 11_ Gesund und fit,"denken, er denkt, gedacht",-,,думать,Was denkst du darüber?,Что ты об этом думаешь?,"denken, er denkt, gedacht | Was denkst du darüber?",думать | Что ты об этом думаешь?,1,21.07.2026,0,0,Kapitel 11_Здоровье и фитнес
17.07.2026,Kap 11_ Gesund und fit,"treffen, er trifft, getroffen",-,,встречать,Wir treffen uns um acht Uhr.,Мы встречаемся в восемь часов.,"treffen, er trifft, getroffen | Wir treffen uns um acht Uhr.",встречать | Мы встречаемся в восемь часов.,1,21.07.2026,0,0,Kapitel 11_Здоровье и фитнес
17.07.2026,Kap 11_ Gesund und fit,Augenarzt,der,die Augenärzte,"глазной врач, окулист",Ich muss zum Augenarzt gehen.,Мне нужно сходить к окулисту.,der Augenarzt | Ich muss zum Augenarzt gehen.,"глазной врач, окулист | Мне нужно сходить к окулисту.",1,21.07.2026,0,0,Kapitel 11_Здоровье и фитнес
17.07.2026,Kap 11_ Gesund und fit,Augenärztin,die,die Augenärztinnen,окулист (женщина),Die Augenärztin hat meine Augen untersucht.,Окулист проверила мои глаза.,die Augenärztin | Die Augenärztin hat meine Augen untersucht.,окулист (женщина) | Окулист проверила мои глаза.,1,21.07.2026,0,0,Kapitel 11_Здоровье и фитнес
17.07.2026,Kap 11_ Gesund und fit,Feuerwehr,die,die Feuerwehren,пожарная охрана,Rufen Sie die Feuerwehr!,Вызовите пожарных!,die Feuerwehr | Rufen Sie die Feuerwehr!,пожарная охрана | Вызовите пожарных!,1,21.07.2026,0,0,Kapitel 11_Здоровье и фитнес
17.07.2026,Kap 11_ Gesund und fit,Internist,der,die Internisten,терапевт,Der Internist macht ein EKG.,Терапевт делает ЭКГ.,der Internist | Der Internist macht ein EKG.,терапевт | Терапевт делает ЭКГ.,1,21.07.2026,0,0,Kapitel 11_Здоровье и фитнес
17.07.2026,Kap 11_ Gesund und fit,Internistin,die,die Internistinnen,терапевт (женщина),Die Internistin hat mir Medikamente verschrieben.,Терапевт выписала мне лекарства.,die Internistin | Die Internistin hat mir Medikamente verschrieben.,терапевт (женщина) | Терапевт выписала мне лекарства.,1,21.07.2026,0,0,Kapitel 11_Здоровье и фитнес
17.07.2026,Kap 11_ Gesund und fit,Notdienst,der,die Notdienste,аварийная служба; скорая помощь,Am Wochenende müssen Sie den Notdienst anrufen.,В выходные вам нужно звонить в скорую помощь.,der Notdienst | Am Wochenende müssen Sie den Notdienst anrufen.,аварийная служба; скорая помощь | В выходные вам нужно звонить в скорую помощь.,1,21.07.2026,0,0,Kapitel 11_Здоровье и фитнес
17.07.2026,Kap 11_ Gesund und fit,Notrufnummer,die,die Notrufnummern,телефонный номер для срочного вызова,Die Notrufnummer in Europa ist 112.,Номер службы экстренной помощи в Европе — 112.,die Notrufnummer | Die Notrufnummer in Europa ist 112.,телефонный номер для срочного вызова | Номер службы экстренной помощи в Европе — 112.,1,21.07.2026,0,0,Kapitel 11_Здоровье и фитнес
17.07.2026,Kap 11_ Gesund und fit,Mittwochnachmittag,der,die Mittwochnachmittage,среду после обеда,Am Mittwochnachmittag habe ich frei.,В среду после обеда я свободен.,der Mittwochnachmittag | Am Mittwochnachmittag habe ich frei.,среду после обеда | В среду после обеда я свободен.,1,21.07.2026,0,0,Kapitel 11_Здоровье и фитнес
17.07.2026,Kap 11_ Gesund und fit,Karies,der,Sg.,кариес,Der Zahnarzt hat Karies gefunden.,Стоматолог нашел кариес.,der Karies | Der Zahnarzt hat Karies gefunden.,кариес | Стоматолог нашел кариес.,1,21.07.2026,0,0,Kapitel 11_Здоровье и фитнес
17.07.2026,Kap 11_ Gesund und fit,"untersuchen, er untersucht, untersucht",-,,обследовать; исследовать,Der Arzt muss dich untersuchen.,Врач должен тебя осмотреть.,"untersuchen, er untersucht, untersucht | Der Arzt muss dich untersuchen.",обследовать; исследовать | Врач должен тебя осмотреть.,1,21.07.2026,0,0,Kapitel 11_Здоровье и фитнес
17.07.2026,Kap 11_ Gesund und fit,"13 ankommen, es kommt an, ist angekommen (Es kommt darauf an.)",-,,зависеть,Es kommt darauf an.,Это зависит от обстоятельств.,"13 ankommen, es kommt an, ist angekommen (Es kommt darauf an.) | Es kommt darauf an.",зависеть | Это зависит от обстоятельств.,1,21.07.2026,0,0,Kapitel 11_Здоровье и фитнес
17.07.2026,Kap 11_ Gesund und fit,Club,der,die Clubs,клуб,Wir gehen heute Abend in einen Club.,Сегодня вечером мы идем в клуб.,der Club | Wir gehen heute Abend in einen Club.,клуб | Сегодня вечером мы идем в клуб.,1,21.07.2026,0,0,Kapitel 11_Здоровье и фитнес
17.07.2026,Kap 11_ Gesund und fit,"damit (Ich rauche, aber ich will damit aufhören.)",-,,с этим (покончить),"Ich rauche, aber ich will damit aufhören.","Я курю, но хочу с этим покончить.","damit (Ich rauche, aber ich will damit aufhören.) | Ich rauche, aber ich will damit aufhören.","с этим (покончить) | Я курю, но хочу с этим покончить.",1,21.07.2026,0,0,Kapitel 11_Здоровье и фитнес
17.07.2026,Kap 11_ Gesund und fit,Fitnessraum,der,die Fitnessräume,тренажёрный зал,Das Hotel hat einen eigenen Fitnessraum.,В отеле есть собственный тренажерный зал.,der Fitnessraum | Das Hotel hat einen eigenen Fitnessraum.,тренажёрный зал | В отеле есть собственный тренажерный зал.,1,21.07.2026,0,0,Kapitel 11_Здоровье и фитнес
17.07.2026,Kap 11_ Gesund und fit,Fitness-Umfrage,die,die Fitness-Umfragen,опрос о спортивной форме,Ich nehme an einer Fitness-Umfrage teil.,Я участвую в опросе о физической форме.,die Fitness-Umfrage | Ich nehme an einer Fitness-Umfrage teil.,опрос о спортивной форме | Я участвую в опросе о физической форме.,1,21.07.2026,0,0,Kapitel 11_Здоровье и фитнес
17.07.2026,Kap 11_ Gesund und fit,früher,-,,раньше,Früher war alles anders.,Раньше всё было по-другому.,früher | Früher war alles anders.,раньше | Раньше всё было по-другому.,1,21.07.2026,0,0,Kapitel 11_Здоровье и фитнес
17.07.2026,Kap 11_ Gesund und fit,gegen (+ A.) (Sie spielt Tennis gegen ihn.),-,,зд.: против,Sie spielt Tennis gegen ihn.,Она играет в теннис против него.,gegen (+ A.) (Sie spielt Tennis gegen ihn.) | Sie spielt Tennis gegen ihn.,зд.: против | Она играет в теннис против него.,1,21.07.2026,0,0,Kapitel 11_Здоровье и фитнес
17.07.2026,Kap 11_ Gesund und fit,Gemüseladen,der,die Gemüseläden,овощной магазин,Ich kaufe Tomaten im Gemüseladen.,Я покупаю помидоры в овощном магазине.,der Gemüseladen | Ich kaufe Tomaten im Gemüseladen.,овощной магазин | Я покупаю помидоры в овощном магазине.,1,21.07.2026,0,0,Kapitel 11_Здоровье и фитнес
17.07.2026,Kap 11_ Gesund und fit,Geschäftsmann,der,die Geschäftsmänner,бизнесмен,Er ist ein erfolgreicher Geschäftsmann.,Он успешный бизнесмен.,der Geschäftsmann | Er ist ein erfolgreicher Geschäftsmann.,бизнесмен | Он успешный бизнесмен.,1,21.07.2026,0,0,Kapitel 11_Здоровье и фитнес
17.07.2026,Kap 11_ Gesund und fit,Geschäftsfrau,die,die Geschäftsfrauen,женщина-бизнесмен,Sie ist eine bekannte Geschäftsfrau.,Она известная бизнесвумен.,die Geschäftsfrau | Sie ist eine bekannte Geschäftsfrau.,женщина-бизнесмен | Она известная бизнесвумен.,1,21.07.2026,0,0,Kapitel 11_Здоровье и фитнес
17.07.2026,Kap 11_ Gesund und fit,Gesundheitsmagazin,das,die Gesundheitsmagazine,журнал о здоровье и здоровом образе жизни,Ich lese gerne ein Gesundheitsmagazin.,Я люблю читать журнал о здоровье.,das Gesundheitsmagazin | Ich lese gerne ein Gesundheitsmagazin.,журнал о здоровье и здоровом образе жизни | Я люблю читать журнал о здоровье.,1,21.07.2026,0,0,Kapitel 11_Здоровье и фитнес
17.07.2026,Kap 11_ Gesund und fit,Haut,die,Sg.,кожа,Sie hat sehr weiche Haut.,У нее очень мягкая кожа.,die Haut | Sie hat sehr weiche Haut.,кожа | У нее очень мягкая кожа.,1,21.07.2026,0,0,Kapitel 11_Здоровье и фитнес
17.07.2026,Kap 11_ Gesund und fit,"hingehen, er geht hin, ist hingegangen",-,,ходить куда-л.,Möchtest du hingehen?,Ты хочешь туда пойти?,"hingehen, er geht hin, ist hingegangen | Möchtest du hingehen?",ходить куда-л. | Ты хочешь туда пойти?,1,21.07.2026,0,0,Kapitel 11_Здоровье и фитнес
17.07.2026,Kap 11_ Gesund und fit,Kantinenessen,das,die Kantinenessen,питание в столовой,Das Kantinenessen schmeckt heute gut.,Еда в столовой сегодня вкусная.,das Kantinenessen | Das Kantinenessen schmeckt heute gut.,питание в столовой | Еда в столовой сегодня вкусная.,1,21.07.2026,0,0,Kapitel 11_Здоровье и фитнес
17.07.2026,Kap 11_ Gesund und fit,kaufmännisch,-,,коммерческий,Er macht eine kaufmännische Ausbildung.,Он получает коммерческое образование.,kaufmännisch | Er macht eine kaufmännische Ausbildung.,коммерческий | Он получает коммерческое образование.,1,21.07.2026,0,0,Kapitel 11_Здоровье и фитнес
17.07.2026,Kap 11_ Gesund und fit,Lesetraining,das,die Lesetrainings,тренировка чтения,Wir machen heute ein Lesetraining.,Сегодня мы проводим тренировку чтения.,das Lesetraining | Wir machen heute ein Lesetraining.,тренировка чтения | Сегодня мы проводим тренировку чтения.,1,21.07.2026,0,0,Kapitel 11_Здоровье и фитнес
17.07.2026,Kap 11_ Gesund und fit,Müsli,das,die Müslis,мюсли,Ich esse Müsli zum Frühstück.,Я ем мюсли на завтрак.,das Müsli | Ich esse Müsli zum Frühstück.,мюсли | Я ем мюсли на завтрак.,1,21.07.2026,0,0,Kapitel 11_Здоровье и фитнес
17.07.2026,Kap 11_ Gesund und fit,"normal, normaler, am normalsten",-,,обычный; обыкновенный,Das ist ein ganz normaler Tag.,Это совершенно обычный день.,"normal, normaler, am normalsten | Das ist ein ganz normaler Tag.",обычный; обыкновенный | Это совершенно обычный день.,1,21.07.2026,0,0,Kapitel 11_Здоровье и фитнес
17.07.2026,Kap 11_ Gesund und fit,oder so,-,,зд.: или что-то в этом роде,Wir können ins Kino gehen oder so.,Мы можем пойти в кино или что-то в этом роде.,oder so | Wir können ins Kino gehen oder so.,зд.: или что-то в этом роде | Мы можем пойти в кино или что-то в этом роде.,1,21.07.2026,0,0,Kapitel 11_Здоровье и фитнес
17.07.2026,Kap 11_ Gesund und fit,Rückenschmerz,der,die Rückenschmerzen,боль в спине,Er leidet oft an Rückenschmerzen.,Он часто страдает от болей в спине.,der Rückenschmerz | Er leidet oft an Rückenschmerzen.,боль в спине | Он часто страдает от болей в спине.,1,21.07.2026,0,0,Kapitel 11_Здоровье и фитнес
17.07.2026,Kap 11_ Gesund und fit,Schülerin,die,die Schülerinnen,школьница,Die Schülerin macht ihre Hausaufgaben.,Школьница делает домашнее задание.,die Schülerin | Die Schülerin macht ihre Hausaufgaben.,школьница | Школьница делает домашнее задание.,1,21.07.2026,0,0,Kapitel 11_Здоровье и фитнес
17.07.2026,Kap 11_ Gesund und fit,Sonnenstudio,das,die Sonnenstudios,солярий,Sie geht jede Woche ins Sonnenstudio.,Она ходит в солярий каждую неделю.,das Sonnenstudio | Sie geht jede Woche ins Sonnenstudio.,солярий | Она ходит в солярий каждую неделю.,1,21.07.2026,0,0,Kapitel 11_Здоровье и фитнес
17.07.2026,Kap 11_ Gesund und fit,Stress,der,Sg.,стресс,Ich habe viel Stress bei der Arbeit.,У меня много стресса на работе.,der Stress | Ich habe viel Stress bei der Arbeit.,стресс | У меня много стресса на работе.,1,21.07.2026,0,0,Kapitel 11_Здоровье и фитнес
17.07.2026,Kap 11_ Gesund und fit,Verein,der,die Vereine,клуб (напр. спортивный); общество,Er spielt Fußball in einem Verein.,Он играет в футбол в клубе.,der Verein | Er spielt Fußball in einem Verein.,клуб (напр. спортивный); общество | Он играет в футбол в клубе.,1,21.07.2026,0,0,Kapitel 11_Здоровье и фитнес
17.07.2026,Kap 11_ Gesund und fit,Volleyball,das,Sg.,волейбол,Wir spielen Volleyball am Strand.,Мы играем в волейбол на пляже.,das Volleyball | Wir spielen Volleyball am Strand.,волейбол | Мы играем в волейбол на пляже.,1,21.07.2026,0,0,Kapitel 11_Здоровье и фитнес
17.07.2026,Kap 11_ Gesund und fit,Volleyballverein,der,die Volleyballvereine,волейбольный клуб,Sie ist Mitglied im Volleyballverein.,Она состоит в волейбольном клубе.,der Volleyballverein | Sie ist Mitglied im Volleyballverein.,волейбольный клуб | Она состоит в волейбольном клубе.,1,21.07.2026,0,0,Kapitel 11_Здоровье и фитнес
17.07.2026,Kap 11_ Gesund und fit,global,-,,глобальный,Das ist ein globales Problem.,Это глобальная проблема.,global | Das ist ein globales Problem.,глобальный | Это глобальная проблема.,1,21.07.2026,0,0,Kapitel 11_Здоровье и фитнес
17.07.2026,Kap 11_ Gesund und fit,"aktiv, aktiver, am aktivsten",-,,активный,Er ist sportlich sehr aktiv.,Он очень активен в спорте.,"aktiv, aktiver, am aktivsten | Er ist sportlich sehr aktiv.",активный | Он очень активен в спорте.,1,21.07.2026,0,0,Kapitel 11_Здоровье и фитнес
17.07.2026,Kap 11_ Gesund und fit,Berufskrankheit,die,die Berufskrankheiten,профессиональная болезнь,Stress ist eine häufige Berufskrankheit.,Стресс — частая профессиональная болезнь.,die Berufskrankheit | Stress ist eine häufige Berufskrankheit.,профессиональная болезнь | Стресс — частая профессиональная болезнь.,1,21.07.2026,0,0,Kapitel 11_Здоровье и фитнес
17.07.2026,Kap 11_ Gesund und fit,Biobauer,der,die Biobauern,«биофермер»,Der Biobauer verkauft frisches Gemüse.,Биофермер продает свежие овощи.,der Biobauer | Der Biobauer verkauft frisches Gemüse.,«биофермер» | Биофермер продает свежие овощи.,1,21.07.2026,0,0,Kapitel 11_Здоровье и фитнес
17.07.2026,Kap 11_ Gesund und fit,Biobäuerin,die,die Biobäuerinnen,«биофермер» (женщина),Die Biobäuerin arbeitet auf dem Feld.,Биофермер работает в поле.,die Biobäuerin | Die Biobäuerin arbeitet auf dem Feld.,«биофермер» (женщина) | Биофермер работает в поле.,1,21.07.2026,0,0,Kapitel 11_Здоровье и фитнес
17.07.2026,Kap 11_ Gesund und fit,Biogemüse,das,Sg.,экологически чистые овощи,Wir kaufen nur Biogemüse.,Мы покупаем только экологически чистые овощи.,das Biogemüse | Wir kaufen nur Biogemüse.,экологически чистые овощи | Мы покупаем только экологически чистые овощи.,1,21.07.2026,0,0,Kapitel 11_Здоровье и фитнес
17.07.2026,Kap 11_ Gesund und fit,Ernährung,die,Sg.,питание,Gesunde Ernährung ist wichtig.,Здоровое питание важно.,die Ernährung | Gesunde Ernährung ist wichtig.,питание | Здоровое питание важно.,1,21.07.2026,0,0,Kapitel 11_Здоровье и фитнес
17.07.2026,Kap 11_ Gesund und fit,Ex-Möbelpacker,der,die Ex-Möbelpacker,бывший упаковщик мебели,Der Ex-Möbelpacker hat Rückenprobleme.,У бывшего грузчика проблемы со спиной.,der Ex-Möbelpacker | Der Ex-Möbelpacker hat Rückenprobleme.,бывший упаковщик мебели | У бывшего грузчика проблемы со спиной.,1,21.07.2026,0,0,Kapitel 11_Здоровье и фитнес
17.07.2026,Kap 11_ Gesund und fit,Ex-Möbelpackerin,die,die Ex-Möbelpackerinnen,бывшая упаковщица мебели,"Sie arbeitet jetzt im Büro, sie ist Ex-Möbelpackerin.","Сейчас она работает в офисе, она бывшая упаковщица мебели.","die Ex-Möbelpackerin | Sie arbeitet jetzt im Büro, sie ist Ex-Möbelpackerin.","бывшая упаковщица мебели | Сейчас она работает в офисе, она бывшая упаковщица мебели.",1,21.07.2026,0,0,Kapitel 11_Здоровье и фитнес
17.07.2026,Kap 11_ Gesund und fit,Frührentner,der,die Frührentner,"человек, ушедший на пенсию раньше времени",Er ist mit 55 Jahren Frührentner geworden.,Он стал досрочным пенсионером в 55 лет.,der Frührentner | Er ist mit 55 Jahren Frührentner geworden.,"человек, ушедший на пенсию раньше времени | Он стал досрочным пенсионером в 55 лет.",1,21.07.2026,0,0,Kapitel 11_Здоровье и фитнес
17.07.2026,Kap 11_ Gesund und fit,Frührentnerin,die,die Frührentnerinnen,"женщина, ушедшая на пенсию раньше времени",Die Frührentnerin reist viel.,Досрочная пенсионерка много путешествует.,die Frührentnerin | Die Frührentnerin reist viel.,"женщина, ушедшая на пенсию раньше времени | Досрочная пенсионерка много путешествует.",1,21.07.2026,0,0,Kapitel 11_Здоровье и фитнес
17.07.2026,Kap 11_ Gesund und fit,Milchprodukt,das,die Milchprodukte,молочный продукт,Käse und Joghurt sind Milchprodukte.,Сыр и йогурт — это молочные продукты.,das Milchprodukt | Käse und Joghurt sind Milchprodukte.,молочный продукт | Сыр и йогурт — это молочные продукты.,1,21.07.2026,0,0,Kapitel 11_Здоровье и фитнес
17.07.2026,Kap 11_ Gesund und fit,mindestens,-,,по меньшей мере,Du musst mindestens acht Stunden schlafen.,Ты должен спать как минимум восемь часов.,mindestens | Du musst mindestens acht Stunden schlafen.,по меньшей мере | Ты должен спать как минимум восемь часов.,1,21.07.2026,0,0,Kapitel 11_Здоровье и фитнес
17.07.2026,Kap 11_ Gesund und fit,Möbelpacker,der,die Möbelpacker,упаковщик мебели,Die Möbelpacker tragen das Sofa in den dritten Stock.,Грузчики несут диван на третий этаж.,der Möbelpacker | Die Möbelpacker tragen das Sofa in den dritten Stock.,упаковщик мебели | Грузчики несут диван на третий этаж.,1,21.07.2026,0,0,Kapitel 11_Здоровье и фитнес
17.07.2026,Kap 11_ Gesund und fit,Möbelpackerin,die,die Möbelpackerinnen,упаковщица мебели,Die Möbelpackerin ist sehr stark.,Упаковщица мебели очень сильная.,die Möbelpackerin | Die Möbelpackerin ist sehr stark.,упаковщица мебели | Упаковщица мебели очень сильная.,1,21.07.2026,0,0,Kapitel 11_Здоровье и фитнес
17.07.2026,Kap 11_ Gesund und fit,Mountainbikefahren,das,Sg.,езда на горном велосипеде (маунтенбайке),Mountainbikefahren ist sein Hobby.,Езда на горном велосипеде — его хобби.,das Mountainbikefahren | Mountainbikefahren ist sein Hobby.,езда на горном велосипеде (маунтенбайке) | Езда на горном велосипеде — его хобби.,1,21.07.2026,0,0,Kapitel 11_Здоровье и фитнес
17.07.2026,Kap 11_ Gesund und fit,Nichtraucher,der,die Nichtraucher,некурящий,Er ist überzeugter Nichtraucher.,Он убежденный некурящий.,der Nichtraucher | Er ist überzeugter Nichtraucher.,некурящий | Он убежденный некурящий.,1,21.07.2026,0,0,Kapitel 11_Здоровье и фитнес
17.07.2026,Kap 11_ Gesund und fit,Nichtraucherin,die,die Nichtraucherinnen,некурящая,Als Nichtraucherin mag sie keinen Rauch.,"Как некурящая, она не любит дым.",die Nichtraucherin | Als Nichtraucherin mag sie keinen Rauch.,"некурящая | Как некурящая, она не любит дым.",1,21.07.2026,0,0,Kapitel 11_Здоровье и фитнес
17.07.2026,Kap 11_ Gesund und fit,paar (Wir fahren ein paar Tage in den Urlaub.),-,,несколько,Wir fahren ein paar Tage in den Urlaub.,Мы едем на несколько дней в отпуск.,paar (Wir fahren ein paar Tage in den Urlaub.) | Wir fahren ein paar Tage in den Urlaub.,несколько | Мы едем на несколько дней в отпуск.,1,21.07.2026,0,0,Kapitel 11_Здоровье и фитнес
17.07.2026,Kap 11_ Gesund und fit,"Sauna, Saunen",die,die Saunen,сауна,Wir gehen am Wochenende in die Sauna.,На выходных мы идем в сауну.,"die Sauna, Saunen | Wir gehen am Wochenende in die Sauna.",сауна | На выходных мы идем в сауну.,1,21.07.2026,0,0,Kapitel 11_Здоровье и фитнес
17.07.2026,Kap 11_ Gesund und fit,"schlank, schlanker, am schlanksten",-,,стройный,Sie ist sehr schlank.,Она очень стройная.,"schlank, schlanker, am schlanksten | Sie ist sehr schlank.",стройный | Она очень стройная.,1,21.07.2026,0,0,Kapitel 11_Здоровье и фитнес
17.07.2026,Kap 11_ Gesund und fit,Skifahren,das,Sg.,катание на лыжах,Ich liebe Skifahren im Winter.,Я люблю кататься на лыжах зимой.,das Skifahren | Ich liebe Skifahren im Winter.,катание на лыжах | Я люблю кататься на лыжах зимой.,1,21.07.2026,0,0,Kapitel 11_Здоровье и фитнес
17.07.2026,Kap 11_ Gesund und fit,sonntags,-,,по воскресеньям,Sonntags schlafe ich lange.,По воскресеньям я сплю долго.,sonntags | Sonntags schlafe ich lange.,по воскресеньям | По воскресеньям я сплю долго.,1,21.07.2026,0,0,Kapitel 11_Здоровье и фитнес
17.07.2026,Kap 11_ Gesund und fit,Spaziergang,der,die Spaziergänge,прогулка,Wir machen einen Spaziergang im Park.,Мы идем на прогулку в парк.,der Spaziergang | Wir machen einen Spaziergang im Park.,прогулка | Мы идем на прогулку в парк.,1,21.07.2026,0,0,Kapitel 11_Здоровье и фитнес
17.07.2026,Kap 11_ Gesund und fit,Squash,das,Sg.,сквош,Er spielt jeden Dienstag Squash.,Он играет в сквош каждый вторник.,das Squash | Er spielt jeden Dienstag Squash.,сквош | Он играет в сквош каждый вторник.,1,21.07.2026,0,0,Kapitel 11_Здоровье и фитнес
17.07.2026,Kap 11_ Gesund und fit,usw. (= und so weiter),-,,и так далее,"Wir brauchen Äpfel, Bananen, Orangen usw.","Нам нужны яблоки, бананы, апельсины и так далее.","usw. (= und so weiter) | Wir brauchen Äpfel, Bananen, Orangen usw.","и так далее | Нам нужны яблоки, бананы, апельсины и так далее.",1,21.07.2026,0,0,Kapitel 11_Здоровье и фитнес
17.07.2026,Kap 11_ Gesund und fit,Vegetarier,der,die Vegetarier,вегетарианец,"Er isst kein Fleisch, er ist Vegetarier.","Он не ест мясо, он вегетарианец.","der Vegetarier | Er isst kein Fleisch, er ist Vegetarier.","вегетарианец | Он не ест мясо, он вегетарианец.",1,21.07.2026,0,0,Kapitel 11_Здоровье и фитнес
17.07.2026,Kap 11_ Gesund und fit,Vegetarierin,die,die Vegetarierinnen,вегетарианка,Meine Schwester ist Vegetarierin.,Моя сестра — вегетарианка.,die Vegetarierin | Meine Schwester ist Vegetarierin.,вегетарианка | Моя сестра — вегетарианка.,1,21.07.2026,0,0,Kapitel 11_Здоровье и фитнес
17.07.2026,Kap 11_ Gesund und fit,"zunehmen, er nimmt zu, zugenommen",-,,прибавлять в весе; поправляться,Ich habe im Urlaub zwei Kilo zugenommen.,В отпуске я поправился на два килограмма.,"zunehmen, er nimmt zu, zugenommen | Ich habe im Urlaub zwei Kilo zugenommen.",прибавлять в весе; поправляться | В отпуске я поправился на два килограмма.,1,21.07.2026,0,0,Kapitel 11_Здоровье и фитнес
17.07.2026,Kap 11_ Gesund und fit,"detailliert, detaillierter, am detailliertesten",-,,детальный,Das ist ein detaillierter Plan.,Это детальный план.,"detailliert, detaillierter, am detailliertesten | Das ist ein detaillierter Plan.",детальный | Это детальный план.,1,21.07.2026,0,0,Kapitel 11_Здоровье и фитнес
17.07.2026,Kap 11_ Gesund und fit,"Skala, Skalen",die,die Skalen,шкала,Bewerten Sie den Schmerz auf einer Skala von 1 bis 10.,Оцените боль по шкале от 1 до 10.,"die Skala, Skalen | Bewerten Sie den Schmerz auf einer Skala von 1 bis 10.",шкала | Оцените боль по шкале от 1 до 10.,1,21.07.2026,0,0,Kapitel 11_Здоровье и фитнес
17.07.2026,Kap 11_ Gesund und fit,"ungesund, ungesünder, am ungesündesten",-,,нездоровый; вредный для здоровья,Zu viel Zucker ist ungesund.,Слишком много сахара вредно для здоровья.,"ungesund, ungesünder, am ungesündesten | Zu viel Zucker ist ungesund.",нездоровый; вредный для здоровья | Слишком много сахара вредно для здоровья.,1,21.07.2026,0,0,Kapitel 11_Здоровье и фитнес
17.07.2026,Kap 11_ Gesund und fit,"Beschwerde, -n (Welche Beschwerden haben Sie?)",die,die Beschwerden,жалоба,Welche Beschwerden haben Sie?,На что вы жалуетесь?,"die Beschwerde, -n (Welche Beschwerden haben Sie?) | Welche Beschwerden haben Sie?",жалоба | На что вы жалуетесь?,1,21.07.2026,0,0,Kapitel 11_Здоровье и фитнес
17.07.2026,Kap 11_ Gesund und fit,"Besserung (Sg,) (Gute Besserung!)",die,Sg.,выздоровление,Gute Besserung!,Выздоравливайте!,"die Besserung (Sg,) (Gute Besserung!) | Gute Besserung!",выздоровление | Выздоравливайте!,1,21.07.2026,0,0,Kapitel 11_Здоровье и фитнес
17.07.2026,Kap 11_ Gesund und fit,hinten,-,,"сзади, позади",Das Auto steht hinten.,Машина стоит сзади.,hinten | Das Auto steht hinten.,"сзади, позади | Машина стоит сзади.",1,21.07.2026,0,0,Kapitel 11_Здоровье и фитнес
17.07.2026,Kap 11_ Gesund und fit,Patientin,die,die Patientinnen,пациентка,Die Patientin spricht mit dem Arzt.,Пациентка разговаривает с врачом.,die Patientin | Die Patientin spricht mit dem Arzt.,пациентка | Пациентка разговаривает с врачом.,1,21.07.2026,0,0,Kapitel 11_Здоровье и фитнес
17.07.2026,Kap 11_ Gesund und fit,unten,-,,внизу,Der Hund ist unten.,Собака внизу.,unten | Der Hund ist unten.,внизу | Собака внизу.,1,21.07.2026,0,0,Kapitel 11_Здоровье и фитнес
17.07.2026,Kap 11_ Gesund und fit,Bedarf,der,die Bedarfe,потребность,Wir haben einen großen Bedarf an Wasser.,У нас большая потребность в воде.,der Bedarf | Wir haben einen großen Bedarf an Wasser.,потребность | У нас большая потребность в воде.,1,21.07.2026,0,0,Kapitel 11_Здоровье и фитнес
17.07.2026,Kap 11_ Gesund und fit,stündlich,-,,"ежечасно, каждый час",Der Bus fährt stündlich.,Автобус ходит каждый час.,stündlich | Der Bus fährt stündlich.,"ежечасно, каждый час | Автобус ходит каждый час.",1,21.07.2026,0,0,Kapitel 11_Здоровье и фитнес
17.07.2026,Kap 11_ Gesund und fit,Tropfen,der,die Tropfen,капля,Ich brauche einen Tropfen Milch im Kaffee.,Мне нужна капля молока в кофе.,der Tropfen | Ich brauche einen Tropfen Milch im Kaffee.,капля | Мне нужна капля молока в кофе.,1,21.07.2026,0,0,Kapitel 11_Здоровье и фитнес
17.07.2026,Kap 11_ Gesund und fit,übermorgen,-,,послезавтра,Wir treffen uns übermorgen.,Мы встречаемся послезавтра.,übermorgen | Wir treffen uns übermorgen.,послезавтра | Мы встречаемся послезавтра.,1,21.07.2026,0,0,Kapitel 11_Здоровье и фитнес
17.07.2026,Kap 11_ Gesund und fit,"wiederkommen, er kommt wieder, ist wiedergekommen",-,,"возвращаться, приходить снова",Ich komme morgen wieder.,Я вернусь завтра.,"wiederkommen, er kommt wieder, ist wiedergekommen | Ich komme morgen wieder.","возвращаться, приходить снова | Я вернусь завтра.",1,21.07.2026,0,0,Kapitel 11_Здоровье и фитнес
17.07.2026,Kap 11_ Gesund und fit,"erlauben, er erlaubt, erlaubt",-,,разрешать,Er erlaubt mir das.,Он разрешает мне это.,"erlauben, er erlaubt, erlaubt | Er erlaubt mir das.",разрешать | Он разрешает мне это.,1,21.07.2026,0,0,Kapitel 11_Здоровье и фитнес
17.07.2026,Kap 12_Schönes Wochenende!,Kapitel 12_Путешествия и отдых,-,,-,Wir beginnen Kapitel 12.,Мы начинаем главу 12.,Kapitel 12_Путешествия и отдых | Wir beginnen Kapitel 12.,- | Мы начинаем главу 12.,1,21.07.2026,0,0,Kapitel 12_Путешествия и отдых
17.07.2026,Kap 12_Schönes Wochenende!,"buchen, er bucht, gebucht",-,,бронировать,Ich buche ein Hotelzimmer.,Я бронирую номер в отеле.,"buchen, er bucht, gebucht | Ich buche ein Hotelzimmer.",бронировать | Я бронирую номер в отеле.,1,21.07.2026,0,0,Kapitel 12_Путешествия и отдых
17.07.2026,Kap 12_Schönes Wochenende!,Doppelzimmer,das,die Doppelzimmer,двухместный номер,Wir buchen ein Doppelzimmer für zwei Nächte.,Мы бронируем двухместный номер на две ночи.,das Doppelzimmer | Wir buchen ein Doppelzimmer für zwei Nächte.,двухместный номер | Мы бронируем двухместный номер на две ночи.,1,21.07.2026,0,0,Kapitel 12_Путешествия и отдых
17.07.2026,Kap 12_Schönes Wochenende!,Hotelinformation,die,die Hotelinformationen,информация об отеле,Hier ist die Hotelinformation für Sie.,Вот информация об отеле для вас.,die Hotelinformation | Hier ist die Hotelinformation für Sie.,информация об отеле | Вот информация об отеле для вас.,1,21.07.2026,0,0,Kapitel 12_Путешествия и отдых
17.07.2026,Kap 12_Schönes Wochenende!,Pension,die,die Pensionen,пансион,Wir übernachten in einer kleinen Pension.,Мы ночуем в небольшом пансионе.,die Pension | Wir übernachten in einer kleinen Pension.,пансион | Мы ночуем в небольшом пансионе.,1,21.07.2026,0,0,Kapitel 12_Путешествия и отдых
17.07.2026,Kap 12_Schönes Wochenende!,Reise,die,die Reisen,поездка,Die Reise nach Italien war wunderschön.,Поездка в Италию была прекрасной.,die Reise | Die Reise nach Italien war wunderschön.,поездка | Поездка в Италию была прекрасной.,1,21.07.2026,0,0,Kapitel 12_Путешествия и отдых
17.07.2026,Kap 12_Schönes Wochenende!,Sand,der,Sg.,песок,Das Kind spielt im Sand.,Ребенок играет в песке.,der Sand | Das Kind spielt im Sand.,песок | Ребенок играет в песке.,1,21.07.2026,0,0,Kapitel 12_Путешествия и отдых
17.07.2026,Kap 12_Schönes Wochenende!,Wetter,das,Sg.,погода,Das Wetter ist heute sehr schön.,Погода сегодня очень хорошая.,das Wetter | Das Wetter ist heute sehr schön.,погода | Погода сегодня очень хорошая.,1,21.07.2026,0,0,Kapitel 12_Путешествия и отдых
17.07.2026,Kap 12_Schönes Wochenende!,Flug,der,die Flüge,полёт,Der Flug nach Berlin dauert eine Stunde.,Полет в Берлин длится один час.,der Flug | Der Flug nach Berlin dauert eine Stunde.,полёт | Полет в Берлин длится один час.,1,21.07.2026,0,0,Kapitel 12_Путешествия и отдых
17.07.2026,Kap 12_Schönes Wochenende!,Hafengeburtstag,der,die Hafengeburtstage,день рождения порта,Im Mai feiern wir den Hafengeburtstag.,В мае мы празднуем день рождения порта.,der Hafengeburtstag | Im Mai feiern wir den Hafengeburtstag.,день рождения порта | В мае мы празднуем день рождения порта.,1,21.07.2026,0,0,Kapitel 12_Путешествия и отдых
17.07.2026,Kap 12_Schönes Wochenende!,Halbpension,die,Sg.,полупансион,Wir haben das Hotel mit Halbpension gebucht.,Мы забронировали отель с полупансионом.,die Halbpension | Wir haben das Hotel mit Halbpension gebucht.,полупансион | Мы забронировали отель с полупансионом.,1,21.07.2026,0,0,Kapitel 12_Путешествия и отдых
17.07.2026,Kap 12_Schönes Wochenende!,Superangebot,das,die Superangebote,суперпредложение,Das ist wirklich ein Superangebot!,Это действительно суперпредложение!,das Superangebot | Das ist wirklich ein Superangebot!,суперпредложение | Это действительно суперпредложение!,1,21.07.2026,0,0,Kapitel 12_Путешествия и отдых
17.07.2026,Kap 12_Schönes Wochenende!,"1 abfliegen, er fliegt ab, ist abgeflogen",-,,вылетать,Das Flugzeug fliegt um 10 Uhr ab.,Самолет вылетает в 10 часов.,"1 abfliegen, er fliegt ab, ist abgeflogen | Das Flugzeug fliegt um 10 Uhr ab.",вылетать | Самолет вылетает в 10 часов.,1,21.07.2026,0,0,Kapitel 12_Путешествия и отдых
17.07.2026,Kap 12_Schönes Wochenende!,Abflug,der,die Abflüge,вылет,Der Abflug ist pünktlich.,Вылет вовремя.,der Abflug | Der Abflug ist pünktlich.,вылет | Вылет вовремя.,1,21.07.2026,0,0,Kapitel 12_Путешествия и отдых
17.07.2026,Kap 12_Schönes Wochenende!,Ankunft,die,Sg.,прибытие,Die Ankunft verzögert sich um 20 Minuten.,Прибытие задерживается на 20 минут.,die Ankunft | Die Ankunft verzögert sich um 20 Minuten.,прибытие | Прибытие задерживается на 20 минут.,1,21.07.2026,0,0,Kapitel 12_Путешествия и отдых
17.07.2026,Kap 12_Schönes Wochenende!,Durchsage,die,die Durchsagen,объявление; сообщение,Achten Sie auf die Durchsage am Bahnhof.,Обратите внимание на объявление на вокзале.,die Durchsage | Achten Sie auf die Durchsage am Bahnhof.,объявление; сообщение | Обратите внимание на объявление на вокзале.,1,21.07.2026,0,0,Kapitel 12_Путешествия и отдых
17.07.2026,Kap 12_Schönes Wochenende!,"einsteigen, er steigt ein, ist eingestiegen",-,,"садиться (напр., в автобус)",Bitte steigen Sie schnell ein.,"Пожалуйста, садитесь быстрее.","einsteigen, er steigt ein, ist eingestiegen | Bitte steigen Sie schnell ein.","садиться (напр., в автобус) | Пожалуйста, садитесь быстрее.",1,21.07.2026,0,0,Kapitel 12_Путешествия и отдых
17.07.2026,Kap 12_Schönes Wochenende!,Einzelzimmer,das,die Einzelzimmer,одноместный номер,Ich möchte ein Einzelzimmer reservieren.,Я хотел бы забронировать одноместный номер.,das Einzelzimmer | Ich möchte ein Einzelzimmer reservieren.,одноместный номер | Я хотел бы забронировать одноместный номер.,1,28.07.2026,1,0,Kapitel 12_Путешествия и отдых
17.07.2026,Kap 12_Schönes Wochenende!,"fliegen, er fliegt, ist geflogen",-,,летать,Wir fliegen nach Spanien.,Мы летим в Испанию.,"fliegen, er fliegt, ist geflogen | Wir fliegen nach Spanien.",летать | Мы летим в Испанию.,1,21.07.2026,0,0,Kapitel 12_Путешествия и отдых
17.07.2026,Kap 12_Schönes Wochenende!,Flughafen,der,die Flughäfen,аэропорт,Der Flughafen ist sehr groß.,Аэропорт очень большой.,der Flughafen | Der Flughafen ist sehr groß.,аэропорт | Аэропорт очень большой.,1,21.07.2026,0,0,Kapitel 12_Путешествия и отдых
17.07.2026,Kap 12_Schönes Wochenende!,Flugzeug,das,die Flugzeuge,самолёт,Das Flugzeug landet gleich.,Самолет сейчас приземлится.,das Flugzeug | Das Flugzeug landet gleich.,самолёт | Самолет сейчас приземлится.,1,21.07.2026,0,0,Kapitel 12_Путешествия и отдых
17.07.2026,Kap 12_Schönes Wochenende!,Freizeit,die,Sg.,"свободное время, досуг",In meiner Freizeit lese ich viel.,В свободное время я много читаю.,die Freizeit | In meiner Freizeit lese ich viel.,"свободное время, досуг | В свободное время я много читаю.",1,21.07.2026,0,0,Kapitel 12_Путешествия и отдых
17.07.2026,Kap 12_Schönes Wochenende!,Gepäck,das,Sg.,багаж,Haben Sie Ihr Gepäck schon abgegeben?,Вы уже сдали свой багаж?,das Gepäck | Haben Sie Ihr Gepäck schon abgegeben?,багаж | Вы уже сдали свой багаж?,1,21.07.2026,0,0,Kapitel 12_Путешествия и отдых
17.07.2026,Kap 12_Schönes Wochenende!,Prospekt,der,die Prospekte,проспект,Ich habe einen Prospekt vom Hotel mitgebracht.,Я принес проспект отеля.,der Prospekt | Ich habe einen Prospekt vom Hotel mitgebracht.,проспект | Я принес проспект отеля.,1,21.07.2026,0,0,Kapitel 12_Путешествия и отдых
17.07.2026,Kap 12_Schönes Wochenende!,Reisebüro,das,die Reisebüros,турагентство,Ich gehe in das Reisebüro.,Я иду в туристическое агентство.,das Reisebüro | Ich gehe in das Reisebüro.,турагентство | Я иду в туристическое агентство.,1,21.07.2026,0,0,Kapitel 12_Путешествия и отдых
17.07.2026,Kap 12_Schönes Wochenende!,Reiseführer,der,die Reiseführer,путеводитель; гид,Unser Reiseführer kennt sich hier gut aus.,Наш гид здесь хорошо ориентируется.,der Reiseführer | Unser Reiseführer kennt sich hier gut aus.,путеводитель; гид | Наш гид здесь хорошо ориентируется.,2,29.07.2026,1,1,Kapitel 12_Путешествия и отдых
17.07.2026,Kap 12_Schönes Wochenende!,Rucksack,der,die Rucksäcke,рюкзак,Ich packe meinen Rucksack für die Wanderung.,Я собираю свой рюкзак для похода.,der Rucksack | Ich packe meinen Rucksack für die Wanderung.,рюкзак | Я собираю свой рюкзак для похода.,1,21.07.2026,0,0,Kapitel 12_Путешествия и отдых
17.07.2026,Kap 12_Schönes Wochenende!,Übernachtung,die,die Übernachtungen,ночёвка,Die Übernachtung kostet 50 Euro.,Ночевка стоит 50 евро.,die Übernachtung | Die Übernachtung kostet 50 Euro.,ночёвка | Ночевка стоит 50 евро.,1,21.07.2026,0,0,Kapitel 12_Путешествия и отдых
17.07.2026,Kap 12_Schönes Wochenende!,"wandern, er wandert, ist gewandert",-,,ходить в походы; заниматься пешим туризмом,Wir wandern gerne in den Alpen.,Мы любим ходить в походы в Альпах.,"wandern, er wandert, ist gewandert | Wir wandern gerne in den Alpen.",ходить в походы; заниматься пешим туризмом | Мы любим ходить в походы в Альпах.,1,21.07.2026,0,0,Kapitel 12_Путешествия и отдых
17.07.2026,Kap 12_Schönes Wochenende!,"pünktlich, pünktlicher, am pünktlichsten",-,,"пунктуальный, точный",Der Zug ist pünktlich abgefahren.,Поезд отправился вовремя.,"pünktlich, pünktlicher, am pünktlichsten | Der Zug ist pünktlich abgefahren.","пунктуальный, точный | Поезд отправился вовремя.",1,21.07.2026,0,0,Kapitel 12_Путешествия и отдых
17.07.2026,Kap 12_Schönes Wochenende!,Reiseziel,das,die Reiseziele,пункт назначения,Italien ist ein beliebtes Reiseziel.,Италия — популярное место назначения.,das Reiseziel | Italien ist ein beliebtes Reiseziel.,пункт назначения | Италия — популярное место назначения.,1,21.07.2026,0,0,Kapitel 12_Путешествия и отдых
17.07.2026,Kap 12_Schönes Wochenende!,hinter (+D.),-,,"за, позади",Das Auto steht hinter dem Haus.,Машина стоит за домом.,hinter (+D.) | Das Auto steht hinter dem Haus.,"за, позади | Машина стоит за домом.",1,21.07.2026,0,0,Kapitel 12_Путешествия и отдых
17.07.2026,Kap 12_Schönes Wochenende!,Punkt,der,die Punkte,пункт,Wir treffen uns am vereinbarten Punkt.,Мы встречаемся в условленном пункте.,der Punkt | Wir treffen uns am vereinbarten Punkt.,пункт | Мы встречаемся в условленном пункте.,1,21.07.2026,0,0,Kapitel 12_Путешествия и отдых
17.07.2026,Kap 12_Schönes Wochenende!,ans (= an das),-,,зд.: к,Wir fahren ans Meer.,Мы едем к морю.,ans (= an das) | Wir fahren ans Meer.,зд.: к | Мы едем к морю.,1,21.07.2026,0,0,Kapitel 12_Путешествия и отдых
17.07.2026,Kap 12_Schönes Wochenende!,"ausruhen, er ruht aus, ausgeruht",-,,отдыхать,Ich muss mich am Wochenende ausruhen.,Мне нужно отдохнуть на выходных.,"ausruhen, er ruht aus, ausgeruht | Ich muss mich am Wochenende ausruhen.",отдыхать | Мне нужно отдохнуть на выходных.,1,21.07.2026,0,0,Kapitel 12_Путешествия и отдых
17.07.2026,Kap 12_Schönes Wochenende!,"Berg , -e (Ich fahre in die Berge.)",der,die Berge,гора,Ich fahre in die Berge.,Я еду в горы.,"der Berg , -e (Ich fahre in die Berge.) | Ich fahre in die Berge.",гора | Я еду в горы.,1,21.07.2026,0,0,Kapitel 12_Путешествия и отдых
17.07.2026,Kap 12_Schönes Wochenende!,Küste,die,die Küsten,побережье,Wir machen Urlaub an der Küste.,Мы проводим отпуск на побережье.,die Küste | Wir machen Urlaub an der Küste.,побережье | Мы проводим отпуск на побережье.,1,21.07.2026,0,0,Kapitel 12_Путешествия и отдых
17.07.2026,Kap 12_Schönes Wochenende!,Meer,das,die Meere,море,Das Wasser im Meer ist warm.,Вода в море теплая.,das Meer | Das Wasser im Meer ist warm.,море | Вода в море теплая.,1,21.07.2026,0,0,Kapitel 12_Путешествия и отдых
17.07.2026,Kap 12_Schönes Wochenende!,3 bar,-,,наличными,Ich zahle bar.,Я плачу наличными.,3 bar | Ich zahle bar.,наличными | Я плачу наличными.,1,21.07.2026,0,0,Kapitel 12_Путешествия и отдых
17.07.2026,Kap 12_Schönes Wochenende!,Freitagnachmittag,der,die Freitagnachmittage,пятницу после обеда,Am Freitagnachmittag fahre ich nach Hause.,В пятницу после обеда я еду домой.,der Freitagnachmittag | Am Freitagnachmittag fahre ich nach Hause.,пятницу после обеда | В пятницу после обеда я еду домой.,1,21.07.2026,0,0,Kapitel 12_Путешествия и отдых
17.07.2026,Kap 12_Schönes Wochenende!,"hinfliegen, er fliegt hin, ist hingeflogen",-,,лететь (туда),Wann fliegst du hin?,Когда ты туда летишь?,"hinfliegen, er fliegt hin, ist hingeflogen | Wann fliegst du hin?",лететь (туда) | Когда ты туда летишь?,1,21.07.2026,0,0,Kapitel 12_Путешествия и отдых
17.07.2026,Kap 12_Schönes Wochenende!,raus,-,,разг. (вырваться отсюда),Ich muss hier mal raus.,Мне нужно отсюда выбраться.,raus | Ich muss hier mal raus.,разг. (вырваться отсюда) | Мне нужно отсюда выбраться.,1,21.07.2026,0,0,Kapitel 12_Путешествия и отдых
17.07.2026,Kap 12_Schönes Wochenende!,"reservieren, er reserviert, reserviert",-,,бронировать,Ich möchte einen Tisch reservieren.,Я хочу забронировать столик.,"reservieren, er reserviert, reserviert | Ich möchte einen Tisch reservieren.",бронировать | Я хочу забронировать столик.,1,21.07.2026,0,0,Kapitel 12_Путешествия и отдых
17.07.2026,Kap 12_Schönes Wochenende!,"verreisen, er verreist, ist verreist",-,,уезжать (в отпуск),Wir verreisen in den Sommerferien.,Мы уезжаем в летние каникулы.,"verreisen, er verreist, ist verreist | Wir verreisen in den Sommerferien.",уезжать (в отпуск) | Мы уезжаем в летние каникулы.,1,21.07.2026,0,0,Kapitel 12_Путешествия и отдых
17.07.2026,Kap 12_Schönes Wochenende!,"zurückfliegen, er fliegt zurück, ist zurückgeflogen",-,,лететь обратно,Morgen fliegen wir zurück.,Завтра мы летим обратно.,"zurückfliegen, er fliegt zurück, ist zurückgeflogen | Morgen fliegen wir zurück.",лететь обратно | Завтра мы летим обратно.,1,21.07.2026,0,0,Kapitel 12_Путешествия и отдых
17.07.2026,Kap 12_Schönes Wochenende!,"variieren, er variiert, variiert",-,,варьировать; изменять,Die Preise variieren je nach Saison.,Цены варьируются в зависимости от сезона.,"variieren, er variiert, variiert | Die Preise variieren je nach Saison.",варьировать; изменять | Цены варьируются в зависимости от сезона.,1,21.07.2026,0,0,Kapitel 12_Путешествия и отдых
17.07.2026,Kap 12_Schönes Wochenende!,Akkusativform,die,die Akkusativformen,форма винительного падежа,Wie lautet die Akkusativform?,Как звучит форма винительного падежа?,die Akkusativform | Wie lautet die Akkusativform?,форма винительного падежа | Как звучит форма винительного падежа?,1,21.07.2026,0,0,Kapitel 12_Путешествия и отдых
17.07.2026,Kap 12_Schönes Wochenende!,Wald,der,die Wälder,лес,Wir gehen im Wald spazieren.,Мы гуляем в лесу.,der Wald | Wir gehen im Wald spazieren.,лес | Мы гуляем в лесу.,1,21.07.2026,0,0,Kapitel 12_Путешествия и отдых
17.07.2026,Kap 12_Schönes Wochenende!,Wandern,das,Sg.,пеший туризм,Wandern ist sehr gesund.,Пеший туризм очень полезен для здоровья.,das Wandern | Wandern ist sehr gesund.,пеший туризм | Пеший туризм очень полезен для здоровья.,1,21.07.2026,0,0,Kapitel 12_Путешествия и отдых
17.07.2026,Kap 12_Schönes Wochenende!,Hafen,der,die Häfen,порт,Im Hafen liegen viele Schiffe.,В порту стоит много кораблей.,der Hafen | Im Hafen liegen viele Schiffe.,порт | В порту стоит много кораблей.,1,21.07.2026,0,0,Kapitel 12_Путешествия и отдых
17.07.2026,Kap 12_Schönes Wochenende!,Wochenendreise,die,die Wochenendreisen,поездка на субботу-воскресенье,Wir machen eine Wochenendreise nach Paris.,Мы совершаем поездку на выходные в Париж.,die Wochenendreise | Wir machen eine Wochenendreise nach Paris.,поездка на субботу-воскресенье | Мы совершаем поездку на выходные в Париж.,1,21.07.2026,0,0,Kapitel 12_Путешествия и отдых
17.07.2026,Kap 12_Schönes Wochenende!,Mini-Dialog,der,die Mini-Dialoge,минидиалог,Bitte lesen Sie diesen Mini-Dialog.,"Пожалуйста, прочитайте этот мини-диалог.",der Mini-Dialog | Bitte lesen Sie diesen Mini-Dialog.,"минидиалог | Пожалуйста, прочитайте этот мини-диалог.",1,21.07.2026,0,0,Kapitel 12_Путешествия и отдых
17.07.2026,Kap 12_Schönes Wochenende!,BahnCard,die,die BahnCards,«бан-кард» (бонус-карта),Mit der BahnCard fahre ich günstiger.,С картой BahnCard я езжу дешевле.,die BahnCard | Mit der BahnCard fahre ich günstiger.,«бан-кард» (бонус-карта) | С картой BahnCard я езжу дешевле.,1,21.07.2026,0,0,Kapitel 12_Путешествия и отдых
17.07.2026,Kap 12_Schönes Wochenende!,Fensterplatz,der,die Fensterplätze,место у окна,Ich sitze gerne auf einem Fensterplatz.,Я люблю сидеть на месте у окна.,der Fensterplatz | Ich sitze gerne auf einem Fensterplatz.,место у окна | Я люблю сидеть на месте у окна.,1,21.07.2026,0,0,Kapitel 12_Путешествия и отдых
17.07.2026,Kap 12_Schönes Wochenende!,"zurückfahren, er fährt zurück, ist zurückgefahren",-,,ехать обратно,Wann fährst du zurück?,Когда ты едешь обратно?,"zurückfahren, er fährt zurück, ist zurückgefahren | Wann fährst du zurück?",ехать обратно | Когда ты едешь обратно?,1,21.07.2026,0,0,Kapitel 12_Путешествия и отдых
17.07.2026,Kap 12_Schönes Wochenende!,"Gang, ""-e (Möchten Sie am Fenster oder am Gang sitzen?)",der,die Gänge,проход,Möchten Sie am Fenster oder am Gang sitzen?,Вы хотите сидеть у окна или у прохода?,"der Gang, ""-e (Möchten Sie am Fenster oder am Gang sitzen?) | Möchten Sie am Fenster oder am Gang sitzen?",проход | Вы хотите сидеть у окна или у прохода?,1,21.07.2026,0,0,Kapitel 12_Путешествия и отдых
17.07.2026,Kap 12_Schönes Wochenende!,hin,-,,туда (туда и обратно),Ich brauche ein Ticket hin und zurück.,Мне нужен билет туда и обратно.,hin | Ich brauche ein Ticket hin und zurück.,туда (туда и обратно) | Мне нужен билет туда и обратно.,1,21.07.2026,0,0,Kapitel 12_Путешествия и отдых
17.07.2026,Kap 12_Schönes Wochenende!,Regionalexpress,der,Sg.,региональный экспресс,Der Regionalexpress hält an jedem Bahnhof.,Региональный экспресс останавливается на каждой станции.,der Regionalexpress | Der Regionalexpress hält an jedem Bahnhof.,региональный экспресс | Региональный экспресс останавливается на каждой станции.,1,21.07.2026,0,0,Kapitel 12_Путешествия и отдых
17.07.2026,Kap 12_Schönes Wochenende!,Sitzplatz,der,die Sitzplätze,сидячее место,Haben Sie einen Sitzplatz reserviert?,Вы забронировали место?,der Sitzplatz | Haben Sie einen Sitzplatz reserviert?,сидячее место | Вы забронировали место?,1,21.07.2026,0,0,Kapitel 12_Путешествия и отдых
17.07.2026,Kap 12_Schönes Wochenende!,Teil,der,die Teile,часть,Das ist nur ein Teil der Wahrheit.,Это только часть правды.,der Teil | Das ist nur ein Teil der Wahrheit.,часть | Это только часть правды.,1,21.07.2026,0,0,Kapitel 12_Путешествия и отдых
17.07.2026,Kap 12_Schönes Wochenende!,Ermäßigung,die,die Ermäßigungen,скидка,Studenten bekommen eine Ermäßigung.,Студенты получают скидку.,die Ermäßigung | Studenten bekommen eine Ermäßigung.,скидка | Студенты получают скидку.,1,21.07.2026,0,0,Kapitel 12_Путешествия и отдых
17.07.2026,Kap 12_Schönes Wochenende!,Strecke,die,die Strecken,маршрут; расстояние,Die Strecke ist 100 Kilometer lang.,Длина маршрута — 100 километров.,die Strecke | Die Strecke ist 100 Kilometer lang.,маршрут; расстояние | Длина маршрута — 100 километров.,1,21.07.2026,0,0,Kapitel 12_Путешествия и отдых
17.07.2026,Kap 12_Schönes Wochenende!,Verbindung,die,die Verbindungen,сообщение (железнодорожное сообщение),Die Zugverbindung nach München ist gut.,Железнодорожное сообщение с Мюнхеном хорошее.,die Verbindung | Die Zugverbindung nach München ist gut.,сообщение (железнодорожное сообщение) | Железнодорожное сообщение с Мюнхеном хорошее.,1,21.07.2026,0,0,Kapitel 12_Путешествия и отдых
17.07.2026,Kap 12_Schönes Wochenende!,Zugtyp,der,die Zugtypen,тип поезда,Welcher Zugtyp ist das?,Какой это тип поезда?,der Zugtyp | Welcher Zugtyp ist das?,тип поезда | Какой это тип поезда?,1,21.07.2026,0,0,Kapitel 12_Путешествия и отдых
17.07.2026,Kap 12_Schönes Wochenende!,Rezeption,die,die Rezeptionen,"«ресепшн», стойка администратора",Bitte melden Sie sich an der Rezeption.,"Пожалуйста, зарегистрируйтесь на стойке регистрации.",die Rezeption | Bitte melden Sie sich an der Rezeption.,"«ресепшн», стойка администратора | Пожалуйста, зарегистрируйтесь на стойке регистрации.",1,21.07.2026,0,0,Kapitel 12_Путешествия и отдых
17.07.2026,Kap 12_Schönes Wochenende!,Fernsehraum,der,die Fernsehräume,"помещение, где можно смотреть телевизор",Wir treffen uns im Fernsehraum.,Мы встречаемся в телезале.,der Fernsehraum | Wir treffen uns im Fernsehraum.,"помещение, где можно смотреть телевизор | Мы встречаемся в телезале.",1,21.07.2026,0,0,Kapitel 12_Путешествия и отдых
17.07.2026,Kap 12_Schönes Wochenende!,Frühstücksraum,der,die Frühstücksräume,комната для завтраков,Das Frühstück gibt es im Frühstücksraum.,Завтрак подается в зале для завтраков.,der Frühstücksraum | Das Frühstück gibt es im Frühstücksraum.,комната для завтраков | Завтрак подается в зале для завтраков.,1,21.07.2026,0,0,Kapitel 12_Путешествия и отдых
17.07.2026,Kap 12_Schönes Wochenende!,Internetanschluss,der,die Internetanschlüsse,подключение к Интернету,Hat das Zimmer einen Internetanschluss?,В номере есть подключение к Интернету?,der Internetanschluss | Hat das Zimmer einen Internetanschluss?,подключение к Интернету | В номере есть подключение к Интернету?,1,21.07.2026,0,0,Kapitel 12_Путешествия и отдых
17.07.2026,Kap 12_Schönes Wochenende!,Aufzug,der,die Aufzüge,лифт,Wir fahren mit dem Aufzug in den 5. Stock.,Мы едем на лифте на 5-й этаж.,der Aufzug | Wir fahren mit dem Aufzug in den 5. Stock.,лифт | Мы едем на лифте на 5-й этаж.,1,21.07.2026,0,0,Kapitel 12_Путешествия и отдых
17.07.2026,Kap 12_Schönes Wochenende!,Geräusch,das,die Geräusche,звук; шорох,Ich habe ein seltsames Geräusch gehört.,Я услышал странный звук.,das Geräusch | Ich habe ein seltsames Geräusch gehört.,звук; шорох | Я услышал странный звук.,1,21.07.2026,0,0,Kapitel 12_Путешествия и отдых
17.07.2026,Kap 12_Schönes Wochenende!,"Grad , -e (3 Grad Celsius)",das,die Grade,градус,Heute sind es 25 Grad.,Сегодня 25 градусов.,"das Grad , -e (3 Grad Celsius) | Heute sind es 25 Grad.",градус | Сегодня 25 градусов.,1,21.07.2026,0,0,Kapitel 12_Путешествия и отдых
17.07.2026,Kap 12_Schönes Wochenende!,"minus (Es ist sehr kalt, minus 15 Grad.)",-,,минус,"Es ist sehr kalt, minus 15 Grad.","Очень холодно, 15 градусов мороза.","minus (Es ist sehr kalt, minus 15 Grad.) | Es ist sehr kalt, minus 15 Grad.","минус | Очень холодно, 15 градусов мороза.",1,21.07.2026,0,0,Kapitel 12_Путешествия и отдых
17.07.2026,Kap 12_Schönes Wochenende!,"regnen, es regnet, geregnet",-,,идёт дождь,Es regnet heute den ganzen Tag.,Сегодня весь день идет дождь.,"regnen, es regnet, geregnet | Es regnet heute den ganzen Tag.",идёт дождь | Сегодня весь день идет дождь.,1,21.07.2026,0,0,Kapitel 12_Путешествия и отдых
17.07.2026,Kap 12_Schönes Wochenende!,"scheinen, er scheint, geschienen (Die Sonne scheint.)",-,,светить,Die Sonne scheint.,Светит солнце.,"scheinen, er scheint, geschienen (Die Sonne scheint.) | Die Sonne scheint.",светить | Светит солнце.,1,21.07.2026,0,0,Kapitel 12_Путешествия и отдых
17.07.2026,Kap 12_Schönes Wochenende!,"schneien, es schneit, geschneit",-,,идёт снег,Im Winter schneit es oft.,Зимой часто идет снег.,"schneien, es schneit, geschneit | Im Winter schneit es oft.",идёт снег | Зимой часто идет снег.,1,21.07.2026,0,0,Kapitel 12_Путешествия и отдых
17.07.2026,Kap 12_Schönes Wochenende!,Wortgruppe,die,die Wortgruppen,группа слов,Diese Wortgruppe ist wichtig.,Эта группа слов важна.,die Wortgruppe | Diese Wortgruppe ist wichtig.,группа слов | Эта группа слов важна.,1,21.07.2026,0,0,Kapitel 12_Путешествия и отдых
17.07.2026,Kap 12_Schönes Wochenende!,"nass, nasser, am nassesten",-,,сыро,Draußen ist es sehr nass.,На улице очень сыро.,"nass, nasser, am nassesten | Draußen ist es sehr nass.",сыро | На улице очень сыро.,1,21.07.2026,0,0,Kapitel 12_Путешествия и отдых
17.07.2026,Kap 12_Schönes Wochenende!,Regenzeit,die,die Regenzeiten,сезон дождей,In Asien beginnt die Regenzeit.,В Азии начинается сезон дождей.,die Regenzeit | In Asien beginnt die Regenzeit.,сезон дождей | В Азии начинается сезон дождей.,1,21.07.2026,0,0,Kapitel 12_Путешествия и отдых
17.07.2026,Kap 12_Schönes Wochenende!,"selten, seltener, am seltensten",-,,редко,Ich gehe selten ins Kino.,Я редко хожу в кино.,"selten, seltener, am seltensten | Ich gehe selten ins Kino.",редко | Я редко хожу в кино.,1,21.07.2026,0,0,Kapitel 12_Путешествия и отдых
17.07.2026,Kap 12_Schönes Wochenende!,"trocken, trockener, am trockensten",-,,сухо,Die Luft im Zimmer ist zu trocken.,Воздух в комнате слишком сухой.,"trocken, trockener, am trockensten | Die Luft im Zimmer ist zu trocken.",сухо | Воздух в комнате слишком сухой.,1,21.07.2026,0,0,Kapitel 12_Путешествия и отдых
17.07.2026,Kap 12_Schönes Wochenende!,Trockenzeit,die,die Trockenzeiten,сухой период,Während der Trockenzeit regnet es kaum.,Во время сухого сезона дождей почти нет.,die Trockenzeit | Während der Trockenzeit regnet es kaum.,сухой период | Во время сухого сезона дождей почти нет.,1,21.07.2026,0,0,Kapitel 12_Путешествия и отдых
17.07.2026,Kap 12_Schönes Wochenende!,"windig, windiger, am windigsten",-,,ветрено,Heute ist es sehr windig.,Сегодня очень ветрено.,"windig, windiger, am windigsten | Heute ist es sehr windig.",ветрено | Сегодня очень ветрено.,1,21.07.2026,0,0,Kapitel 12_Путешествия и отдых
17.07.2026,Kap 12_Schönes Wochenende!,"10 empfehlen, er empfiehlt, empfohlen",-,,рекомендовать,Kannst du mir ein gutes Restaurant empfehlen?,Можешь порекомендовать мне хороший ресторан?,"10 empfehlen, er empfiehlt, empfohlen | Kannst du mir ein gutes Restaurant empfehlen?",рекомендовать | Можешь порекомендовать мне хороший ресторан?,1,21.07.2026,0,0,Kapitel 12_Путешествия и отдых
17.07.2026,Kap 12_Schönes Wochenende!,extra,-,,"особенно, особо",Ich habe das extra für dich gemacht.,Я сделал это специально для тебя.,extra | Ich habe das extra für dich gemacht.,"особенно, особо | Я сделал это специально для тебя.",1,21.07.2026,0,0,Kapitel 12_Путешествия и отдых
17.07.2026,Kap 12_Schönes Wochenende!,"günstig, günstiger, am günstigsten",-,,"дешёвый, выгодный по цене",Dieses Angebot ist sehr günstig.,Это предложение очень выгодное.,"günstig, günstiger, am günstigsten | Dieses Angebot ist sehr günstig.","дешёвый, выгодный по цене | Это предложение очень выгодное.",1,21.07.2026,0,0,Kapitel 12_Путешествия и отдых
17.07.2026,Kap 12_Schönes Wochenende!,"Information , -en (Ich melde mich an der Information an.)",die,die Informationen,информация,Ich brauche mehr Informationen.,Мне нужно больше информации.,"die Information , -en (Ich melde mich an der Information an.) | Ich brauche mehr Informationen.",информация | Мне нужно больше информации.,1,21.07.2026,0,0,Kapitel 12_Путешествия и отдых
17.07.2026,Kap 12_Schönes Wochenende!,Strand,der,die Strände,пляж,Wir liegen den ganzen Tag am Strand.,Мы весь день лежим на пляже.,der Strand | Wir liegen den ganzen Tag am Strand.,пляж | Мы весь день лежим на пляже.,1,21.07.2026,0,0,Kapitel 12_Путешествия и отдых
17.07.2026,Kap 12_Schönes Wochenende!,"ausgeben, er gibt aus, ausgegeben",-,,тратить,Er gibt viel Geld für Kleidung aus.,Он тратит много денег на одежду.,"ausgeben, er gibt aus, ausgegeben | Er gibt viel Geld für Kleidung aus.",тратить | Он тратит много денег на одежду.,1,21.07.2026,0,0,Kapitel 12_Путешествия и отдых
17.07.2026,Kap 12_Schönes Wochenende!,beliebig,-,,любой,Wählen Sie eine beliebige Zahl.,Выберите любое число.,beliebig | Wählen Sie eine beliebige Zahl.,любой | Выберите любое число.,1,21.07.2026,0,0,Kapitel 12_Путешествия и отдых
17.07.2026,Kap 12_Schönes Wochenende!,bis zu (Sie sparen bis zu 70 Prozent.),-,,до,Sie sparen bis zu 70 Prozent.,Вы экономите до 70 процентов.,bis zu (Sie sparen bis zu 70 Prozent.) | Sie sparen bis zu 70 Prozent.,до | Вы экономите до 70 процентов.,1,21.07.2026,0,0,Kapitel 12_Путешествия и отдых
17.07.2026,Kap 12_Schönes Wochenende!,einig- (Ich fahre mit einigen Freunden nach Stuttgart.),-,,несколько,Ich fahre mit einigen Freunden nach Stuttgart.,Я еду с несколькими друзьями в Штуттгарт.,einig- (Ich fahre mit einigen Freunden nach Stuttgart.) | Ich fahre mit einigen Freunden nach Stuttgart.,несколько | Я еду с несколькими друзьями в Штуттгарт.,1,21.07.2026,0,0,Kapitel 12_Путешествия и отдых
17.07.2026,Kap 12_Schönes Wochenende!,Fahrt,die,die Fahrten,поездка,Die Fahrt dauert zwei Stunden.,Поездка длится два часа.,die Fahrt | Die Fahrt dauert zwei Stunden.,поездка | Поездка длится два часа.,1,21.07.2026,0,0,Kapitel 12_Путешествия и отдых
17.07.2026,Kap 12_Schönes Wochenende!,Folgetag,der,die Folgetage,следующий день,Am Folgetag reisten wir ab.,На следующий день мы уехали.,der Folgetag | Am Folgetag reisten wir ab.,следующий день | На следующий день мы уехали.,1,21.07.2026,0,0,Kapitel 12_Путешествия и отдых
17.07.2026,Kap 12_Schönes Wochenende!,Gebühr,die,die Gebühren,плата за что-л.; сбор,Für diesen Service fällt eine Gebühr an.,За эту услугу взимается плата.,die Gebühr | Für diesen Service fällt eine Gebühr an.,плата за что-л.; сбор | За эту услугу взимается плата.,1,21.07.2026,0,0,Kapitel 12_Путешествия и отдых
17.07.2026,Kap 12_Schönes Wochenende!,"gelten, er gilt, gegolten",-,,быть действительным,Dieses Ticket gilt nur heute.,Этот билет действителен только сегодня.,"gelten, er gilt, gegolten | Dieses Ticket gilt nur heute.",быть действительным | Этот билет действителен только сегодня.,1,21.07.2026,0,0,Kapitel 12_Путешествия и отдых
17.07.2026,Kap 12_Schönes Wochenende!,Gruppenreise,die,die Gruppenreisen,групповая поездка,Wir haben eine Gruppenreise gebucht.,Мы забронировали групповую поездку.,die Gruppenreise | Wir haben eine Gruppenreise gebucht.,групповая поездка | Мы забронировали групповую поездку.,1,21.07.2026,0,0,Kapitel 12_Путешествия и отдых
17.07.2026,Kap 12_Schönes Wochenende!,Kilometerbegrenzung,die,die Kilometerbegrenzungen,ограничение пробега,Das Mietauto hat eine Kilometerbegrenzung.,В арендованном автомобиле есть ограничение пробега.,die Kilometerbegrenzung | Das Mietauto hat eine Kilometerbegrenzung.,ограничение пробега | В арендованном автомобиле есть ограничение пробега.,1,21.07.2026,0,0,Kapitel 12_Путешествия и отдых
17.07.2026,Kap 12_Schönes Wochenende!,Kilometerbeschränkung,die,die Kilometerbeschränkungen,ограничение пробега,Es gibt keine Kilometerbeschränkung.,Нет ограничения по пробегу.,die Kilometerbeschränkung | Es gibt keine Kilometerbeschränkung.,ограничение пробега | Нет ограничения по пробегу.,1,21.07.2026,0,0,Kapitel 12_Путешествия и отдых
17.07.2026,Kap 12_Schönes Wochenende!,"mitfahren, er fährt mit, ist mitgefahren",-,,ехать с кем-л. (в одной машине),Darf ich bei dir mitfahren?,Можно мне поехать с тобой?,"mitfahren, er fährt mit, ist mitgefahren | Darf ich bei dir mitfahren?",ехать с кем-л. (в одной машине) | Можно мне поехать с тобой?,1,21.07.2026,0,0,Kapitel 12_Путешествия и отдых
17.07.2026,Kap 12_Schönes Wochenende!,Nahverkehrszug,der,die Nahverkehrszüge,пригородный поезд,Der Nahverkehrszug ist meistens pünktlich.,Пригородный поезд обычно приходит вовремя.,der Nahverkehrszug | Der Nahverkehrszug ist meistens pünktlich.,пригородный поезд | Пригородный поезд обычно приходит вовремя.,1,21.07.2026,0,0,Kapitel 12_Путешествия и отдых
17.07.2026,Kap 12_Schönes Wochenende!,Normalpreis,der,die Normalpreise,нормальная цена,Der Normalpreis ist mir zu teuer.,Нормальная цена для меня слишком высока.,der Normalpreis | Der Normalpreis ist mir zu teuer.,нормальная цена | Нормальная цена для меня слишком высока.,1,21.07.2026,0,0,Kapitel 12_Путешествия и отдых
17.07.2026,Kap 12_Schönes Wochenende!,ohne (+A.),-,,без,Ich trinke Kaffee ohne Zucker.,Я пью кофе без сахара.,ohne (+A.) | Ich trinke Kaffee ohne Zucker.,без | Я пью кофе без сахара.,1,21.07.2026,0,0,Kapitel 12_Путешествия и отдых
17.07.2026,Kap 12_Schönes Wochenende!,Preisbeispiel,das,die Preisbeispiele,пример цены,Hier sehen Sie ein Preisbeispiel.,Здесь вы видите пример цены.,das Preisbeispiel | Hier sehen Sie ein Preisbeispiel.,пример цены | Здесь вы видите пример цены.,1,21.07.2026,0,0,Kapitel 12_Путешествия и отдых
17.07.2026,Kap 12_Schönes Wochenende!,Preishit,der,die Preishits,ценовой хит,Dieser Fernseher ist ein echter Preishit.,Этот телевизор — настоящий ценовой хит.,der Preishit | Dieser Fernseher ist ein echter Preishit.,ценовой хит | Этот телевизор — настоящий ценовой хит.,1,21.07.2026,0,0,Kapitel 12_Путешествия и отдых
17.07.2026,Kap 12_Schönes Wochenende!,"reisen, er reist, ist gereist",-,,путешествовать; ездить,Ich reise sehr gerne.,Я очень люблю путешествовать.,"reisen, er reist, ist gereist | Ich reise sehr gerne.",путешествовать; ездить | Я очень люблю путешествовать.,1,21.07.2026,0,0,Kapitel 12_Путешествия и отдых
17.07.2026,Kap 12_Schönes Wochenende!,Rückkehr,die,Sg.,возвращение,Wir freuen uns auf deine Rückkehr.,Мы с нетерпением ждем твоего возвращения.,die Rückkehr | Wir freuen uns auf deine Rückkehr.,возвращение | Мы с нетерпением ждем твоего возвращения.,2,29.07.2026,1,1,Kapitel 12_Путешествия и отдых
17.07.2026,Kap 12_Schönes Wochenende!,rund (Das kostet rund 300 Euro.),-,,"округлённо, круглым счётом",Das kostet rund 300 Euro.,Это стоит округлённо 300 евро.,rund (Das kostet rund 300 Euro.) | Das kostet rund 300 Euro.,"округлённо, круглым счётом | Это стоит округлённо 300 евро.",1,21.07.2026,0,0,Kapitel 12_Путешествия и отдых
17.07.2026,Kap 12_Schönes Wochenende!,Schloss,das,die Schlösser,замок,Wir haben ein altes Schloss besichtigt.,Мы посетили старый замок.,das Schloss | Wir haben ein altes Schloss besichtigt.,замок | Мы посетили старый замок.,1,21.07.2026,0,0,Kapitel 12_Путешествия и отдых
17.07.2026,Kap 12_Schönes Wochenende!,Sonderfahrt,die,die Sonderfahrten,специальная поездка,Das ist eine Sonderfahrt des Zuges.,Это специальный рейс поезда.,die Sonderfahrt | Das ist eine Sonderfahrt des Zuges.,специальная поездка | Это специальный рейс поезда.,1,21.07.2026,0,0,Kapitel 12_Путешествия и отдых
17.07.2026,Kap 12_Schönes Wochenende!,Spar-Angebot,das,die Spar-Angebote,выгодное предложение,Ich habe ein Spar-Angebot gefunden.,Я нашел выгодное предложение.,das Spar-Angebot | Ich habe ein Spar-Angebot gefunden.,выгодное предложение | Я нашел выгодное предложение.,1,21.07.2026,0,0,Kapitel 12_Путешествия и отдых
17.07.2026,Kap 12_Schönes Wochenende!,"sparen, er spart, gespart",-,,экономить,Wir müssen Strom sparen.,Мы должны экономить электричество.,"sparen, er spart, gespart | Wir müssen Strom sparen.",экономить | Мы должны экономить электричество.,1,21.07.2026,0,0,Kapitel 12_Путешествия и отдых
17.07.2026,Kap 12_Schönes Wochenende!,Spitzenpreis,der,die Spitzenpreise,лучшая цена,Das Auto wurde zu einem Spitzenpreis verkauft.,Автомобиль был продан по отличной цене.,der Spitzenpreis | Das Auto wurde zu einem Spitzenpreis verkauft.,лучшая цена | Автомобиль был продан по отличной цене.,1,21.07.2026,0,0,Kapitel 12_Путешествия и отдых
17.07.2026,Kap 12_Schönes Wochenende!,Tagesausflug,der,die Tagesausflüge,однодневная экскурсия,Wir machen morgen einen Tagesausflug.,Завтра мы отправляемся на однодневную экскурсию.,der Tagesausflug | Wir machen morgen einen Tagesausflug.,однодневная экскурсия | Завтра мы отправляемся на однодневную экскурсию.,1,21.07.2026,0,0,Kapitel 12_Путешествия и отдых
17.07.2026,Kap 12_Schönes Wochenende!,Tagestour,die,die Tagestouren,однодневный тур,Die Tagestour war sehr anstrengend.,Однодневный тур был очень утомительным.,die Tagestour | Die Tagestour war sehr anstrengend.,однодневный тур | Однодневный тур был очень утомительным.,1,21.07.2026,0,0,Kapitel 12_Путешествия и отдых
17.07.2026,Kap 12_Schönes Wochenende!,Topangebot,das,die Topangebote,лучшее предложение,Das ist das Topangebot der Woche.,Это лучшее предложение недели.,das Topangebot | Das ist das Topangebot der Woche.,лучшее предложение | Это лучшее предложение недели.,1,21.07.2026,0,0,Kapitel 12_Путешествия и отдых
17.07.2026,Kap 12_Schönes Wochenende!,Handyfoto,das,die Handyfotos,фотография на мобильном телефоне,Er zeigte mir ein Handyfoto.,Он показал мне фото на телефоне.,das Handyfoto | Er zeigte mir ein Handyfoto.,фотография на мобильном телефоне | Он показал мне фото на телефоне.,1,21.07.2026,0,0,Kapitel 12_Путешествия и отдых
17.07.2026,Kap 12_Schönes Wochenende!,Kursausflug,der,die Kursausflüge,экскурсия группы (курса),Der Kursausflug war sehr interessant.,Экскурсия группы была очень интересной.,der Kursausflug | Der Kursausflug war sehr interessant.,экскурсия группы (курса) | Экскурсия группы была очень интересной.,1,21.07.2026,0,0,Kapitel 12_Путешествия и отдых
17.07.2026,Kap 12_Schönes Wochenende!,Sprachschule,die,die Sprachschulen,языковые курсы,Ich lerne Deutsch in einer Sprachschule.,Я учу немецкий в языковой школе.,die Sprachschule | Ich lerne Deutsch in einer Sprachschule.,языковые курсы | Я учу немецкий в языковой школе.,1,21.07.2026,0,0,Kapitel 12_Путешествия и отдых
17.07.2026,Kap 12_Schönes Wochenende!,13 inklusive,-,,включая,Der Preis ist inklusive Frühstück.,Цена включает завтрак.,13 inklusive | Der Preis ist inklusive Frühstück.,включая | Цена включает завтрак.,1,21.07.2026,0,0,Kapitel 12_Путешествия и отдых
17.07.2026,Kap 12_Schönes Wochenende!,Föhn,der,die Föhne,фен,Hast du einen Föhn für mich?,У тебя есть для меня фен?,der Föhn | Hast du einen Föhn für mich?,фен | У тебя есть для меня фен?,1,21.07.2026,0,0,Kapitel 12_Путешествия и отдых
17.07.2026,Kap 12_Schönes Wochenende!,Minibar,die,die Minibars,мини-бар,Die Getränke in der Minibar sind teuer.,Напитки в мини-баре дорогие.,die Minibar | Die Getränke in der Minibar sind teuer.,мини-бар | Напитки в мини-баре дорогие.,1,21.07.2026,0,0,Kapitel 12_Путешествия и отдых
17.07.2026,Kap 12_Schönes Wochenende!,Bahnangestellte,der/die,die Bahnangestellten,служащий (-ая) железной дороги,Der Bahnangestellte half uns weiter.,Служащий железной дороги помог нам.,der/die Bahnangestellte | Der Bahnangestellte half uns weiter.,служащий (-ая) железной дороги | Служащий железной дороги помог нам.,1,21.07.2026,0,0,Kapitel 12_Путешествия и отдых
17.07.2026,Kap 12_Schönes Wochenende!,Übersicht,die,die Übersichten,обзор,Hier ist eine kurze Übersicht.,Вот краткий обзор.,die Übersicht | Hier ist eine kurze Übersicht.,обзор | Вот краткий обзор.,1,21.07.2026,0,0,Kapitel 12_Путешествия и отдых
17.07.2026,Kap 12_Schönes Wochenende!,Befinden,das,Sg.,самочувствие,Wie ist Ihr aktuelles Befinden?,Каково ваше текущее самочувствие?,das Befinden | Wie ist Ihr aktuelles Befinden?,самочувствие | Каково ваше текущее самочувствие?,1,21.07.2026,0,0,Kapitel 12_Путешествия и отдых
17.07.2026,Kap 12_Schönes Wochenende!,Konsonantenverbindung,die,die Konsonantenverbindungen,сочетание согласных,Diese Konsonantenverbindung ist schwer auszusprechen.,Это сочетание согласных трудно произнести.,die Konsonantenverbindung | Diese Konsonantenverbindung ist schwer auszusprechen.,сочетание согласных | Это сочетание согласных трудно произнести.,1,21.07.2026,0,0,Kapitel 12_Путешествия и отдых